LATITUDE;LONGITUDE;NOM_PS;REGION;USER_ID;ZONE_OBS;ZONE_PREVI;COMMUNE;DATE;SEMAINE;DOY;PLUIE_H1;PLUIE_H2;PLUIE_H3;RISQUE_H1_ROSSI;RISQUE_H2_ROSSI;RISQUE_H3_ROSSI;RISQUE_H1_POTSYS;RISQUE_H2_POTSYS;RISQUE_H3_POTSYS;RISQUE_H1_MILSTOP;RISQUE_H2_MILSTOP;RISQUE_H3_MILSTOP;RISQUE_H1_MILVIT;RISQUE_H2_MILVIT;RISQUE_H3_MILVIT;DATE_AGOL
44.884;-0.163;-00.163_44.884;33.0;33.0;Libournais;BLAYAIS;SAINT-EMILION;2026-01-01;1.0;1.0;0.0;0.0;0.0;1.0;1.0;1.0;;;;1.0;4.0;2.0;1.0;4.0;2.0;2025-12-31 23:00:00+00:00
44.884;-0.163;-00.163_44.884;33.0;33.0;Libournais;BLAYAIS;SAINT-EMILION;2026-01-02;1.0;2.0;0.0;0.0;0.0;1.0;1.0;1.0;;;;1.0;1.0;1.0;1.0;1.0;1.0;2026-01-01 23:00:00+00:00
44.884;-0.163;-00.163_44.884;33.0;33.0;Libournais;BLAYAIS;SAINT-EMILION;2026-01-03;1.0;3.0;0.0;0.0;0.0;1.0;1.0;1.0;;;;1.0;1.0;1.0;1.0;1.0;3.0;2026-01-02 23:00:00+00:00
44.884;-0.163;-00.163_44.884;33.0;33.0;Libournais;BLAYAIS;SAINT-EMILION;2026-01-04;1.0;4.0;0.0;0.0;0.0;1.0;1.0;1.0;;;;3.0;2.0;1.0;1.0;2.0;1.0;2026-01-03 23:00:00+00:00
44.884;-0.163;-00.163_44.884;33.0;33.0;Libournais;BLAYAIS;SAINT-EMILION;2026-01-05;2.0;5.0;0.0;0.0;0.0;1.0;1.0;1.0;;;;3.0;1.0;1.0;1.0;1.0;1.0;2026-01-04 23:00:00+00:00
44.884;-0.163;-00.163_44.884;33.0;33.0;Libournais;BLAYAIS;SAINT-EMILION;2026-01-06;2.0;6.0;0.2;0.2;0.2;1.0;1.0;1.0;;;;1.0;1.0;3.0;1.0;3.0;3.0;2026-01-05 23:00:00+00:00
44.884;-0.163;-00.163_44.884;33.0;33.0;Libournais;BLAYAIS;SAINT-EMILION;2026-01-07;2.0;7.0;0.1;0.1;0.1;1.0;1.0;1.0;;;;1.0;2.0;2.0;1.0;1.0;4.0;2026-01-06 23:00:00+00:00
44.884;-0.163;-00.163_44.884;33.0;33.0;Libournais;BLAYAIS;SAINT-EMILION;2026-01-08;2.0;8.0;11.1;11.1;11.1;1.0;1.0;1.0;;;;3.0;1.0;1.0;1.0;1.0;3.0;2026-01-07 23:00:00+00:00
44.884;-0.163;-00.163_44.884;33.0;33.0;Libournais;BLAYAIS;SAINT-EMILION;2026-01-09;2.0;9.0;10.4;10.4;10.4;1.0;1.0;1.0;;;;3.0;1.0;1.0;2.0;1.0;1.0;2026-01-08 23:00:00+00:00
44.884;-0.163;-00.163_44.884;33.0;33.0;Libournais;BLAYAIS;SAINT-EMILION;2026-01-10;2.0;10.0;4.9;4.9;4.9;1.0;1.0;1.0;;;;1.0;1.0;1.0;4.0;1.0;1.0;2026-01-09 23:00:00+00:00
44.884;-0.163;-00.163_44.884;33.0;33.0;Libournais;BLAYAIS;SAINT-EMILION;2026-01-11;2.0;11.0;0.0;0.0;0.0;1.0;1.0;1.0;;;;2.0;1.0;1.0;1.0;2.0;2.0;2026-01-10 23:00:00+00:00
44.884;-0.163;-00.163_44.884;33.0;33.0;Libournais;BLAYAIS;SAINT-EMILION;2026-01-12;3.0;12.0;0.0;0.0;0.0;1.0;1.0;1.0;;;;1.0;2.0;2.0;2.0;3.0;4.0;2026-01-11 23:00:00+00:00
44.884;-0.163;-00.163_44.884;33.0;33.0;Libournais;BLAYAIS;SAINT-EMILION;2026-01-13;3.0;13.0;0.0;0.0;0.0;1.0;1.0;1.0;;;;1.0;1.0;4.0;1.0;1.0;2.0;2026-01-12 23:00:00+00:00
44.884;-0.163;-00.163_44.884;33.0;33.0;Libournais;BLAYAIS;SAINT-EMILION;2026-01-14;3.0;14.0;0.2;0.2;0.2;1.0;1.0;1.0;;;;2.0;1.0;3.0;3.0;2.0;2.0;2026-01-13 23:00:00+00:00
44.884;-0.163;-00.163_44.884;33.0;33.0;Libournais;BLAYAIS;SAINT-EMILION;2026-01-15;3.0;15.0;0.1;0.1;0.1;1.0;1.0;1.0;;;;2.0;2.0;2.0;1.0;3.0;2.0;2026-01-14 23:00:00+00:00
44.884;-0.163;-00.163_44.884;33.0;33.0;Libournais;BLAYAIS;SAINT-EMILION;2026-01-16;3.0;16.0;1.5;1.5;1.5;1.0;1.0;1.0;;;;2.0;1.0;4.0;1.0;3.0;3.0;2026-01-15 23:00:00+00:00
44.884;-0.163;-00.163_44.884;33.0;33.0;Libournais;BLAYAIS;SAINT-EMILION;2026-01-17;3.0;17.0;3.3000000000000003;3.3000000000000003;3.3000000000000003;1.0;1.0;1.0;;;;3.0;2.0;3.0;1.0;1.0;1.0;2026-01-16 23:00:00+00:00
44.884;-0.163;-00.163_44.884;33.0;33.0;Libournais;BLAYAIS;SAINT-EMILION;2026-01-18;3.0;18.0;0.6;0.6;0.6;1.0;1.0;1.0;;;;2.0;2.0;3.0;2.0;3.0;2.0;2026-01-17 23:00:00+00:00
44.884;-0.163;-00.163_44.884;33.0;33.0;Libournais;BLAYAIS;SAINT-EMILION;2026-01-19;4.0;19.0;3.1;3.1;3.1;1.0;1.0;1.0;;;;2.0;1.0;4.0;1.0;2.0;2.0;2026-01-18 23:00:00+00:00
44.884;-0.163;-00.163_44.884;33.0;33.0;Libournais;BLAYAIS;SAINT-EMILION;2026-01-20;4.0;20.0;0.0;0.0;0.0;1.0;1.0;1.0;;;;3.0;3.0;2.0;1.0;1.0;1.0;2026-01-19 23:00:00+00:00
44.884;-0.163;-00.163_44.884;33.0;33.0;Libournais;BLAYAIS;SAINT-EMILION;2026-01-21;4.0;21.0;5.1;5.1;5.1;1.0;1.0;1.0;;;;2.0;2.0;3.0;1.0;1.0;1.0;2026-01-20 23:00:00+00:00
44.884;-0.163;-00.163_44.884;33.0;33.0;Libournais;BLAYAIS;SAINT-EMILION;2026-01-22;4.0;22.0;2.0;2.0;2.0;1.0;1.0;1.0;;;;1.0;1.0;3.0;2.0;1.0;2.0;2026-01-21 23:00:00+00:00
44.884;-0.163;-00.163_44.884;33.0;33.0;Libournais;BLAYAIS;SAINT-EMILION;2026-01-23;4.0;23.0;4.2;4.2;4.2;1.0;1.0;1.0;;;;1.0;2.0;1.0;2.0;2.0;1.0;2026-01-22 23:00:00+00:00
44.884;-0.163;-00.163_44.884;33.0;33.0;Libournais;BLAYAIS;SAINT-EMILION;2026-01-24;4.0;24.0;4.1;4.1;4.1;1.0;1.0;1.0;;;;1.0;1.0;4.0;2.0;2.0;2.0;2026-01-23 23:00:00+00:00
44.884;-0.163;-00.163_44.884;33.0;33.0;Libournais;BLAYAIS;SAINT-EMILION;2026-01-25;4.0;25.0;15.8;15.8;15.8;1.0;1.0;1.0;;;;1.0;1.0;2.0;1.0;1.0;4.0;2026-01-24 23:00:00+00:00
44.884;-0.163;-00.163_44.884;33.0;33.0;Libournais;BLAYAIS;SAINT-EMILION;2026-01-26;5.0;26.0;0.1;0.1;0.1;1.0;1.0;1.0;;;;2.0;1.0;1.0;1.0;2.0;2.0;2026-01-25 23:00:00+00:00
44.884;-0.163;-00.163_44.884;33.0;33.0;Libournais;BLAYAIS;SAINT-EMILION;2026-01-27;5.0;27.0;7.4;7.4;7.4;1.0;1.0;1.0;;;;3.0;2.0;1.0;4.0;1.0;2.0;2026-01-26 23:00:00+00:00
44.884;-0.163;-00.163_44.884;33.0;33.0;Libournais;BLAYAIS;SAINT-EMILION;2026-01-28;5.0;28.0;5.4;5.4;5.4;1.0;1.0;1.0;;;;1.0;3.0;1.0;1.0;3.0;1.0;2026-01-27 23:00:00+00:00
44.884;-0.163;-00.163_44.884;33.0;33.0;Libournais;BLAYAIS;SAINT-EMILION;2026-01-29;5.0;29.0;4.300000000000001;4.300000000000001;4.300000000000001;1.0;1.0;1.0;;;;3.0;3.0;2.0;3.0;1.0;1.0;2026-01-28 23:00:00+00:00
44.884;-0.163;-00.163_44.884;33.0;33.0;Libournais;BLAYAIS;SAINT-EMILION;2026-01-30;5.0;30.0;4.5;4.5;4.5;1.0;1.0;1.0;;;;1.0;2.0;1.0;2.0;1.0;1.0;2026-01-29 23:00:00+00:00
44.884;-0.163;-00.163_44.884;33.0;33.0;Libournais;BLAYAIS;SAINT-EMILION;2026-01-31;5.0;31.0;9.1;9.1;9.1;1.0;1.0;1.0;;;;1.0;2.0;1.0;1.0;1.0;3.0;2026-01-30 23:00:00+00:00
44.884;-0.163;-00.163_44.884;33.0;33.0;Libournais;BLAYAIS;SAINT-EMILION;2026-02-01;5.0;32.0;5.5;5.5;5.5;1.0;1.0;1.0;;;;1.0;1.0;4.0;2.0;1.0;1.0;2026-01-31 23:00:00+00:00
44.884;-0.163;-00.163_44.884;33.0;33.0;Libournais;BLAYAIS;SAINT-EMILION;2026-02-02;6.0;33.0;6.0;6.0;6.0;1.0;1.0;1.0;;;;1.0;1.0;1.0;2.0;3.0;2.0;2026-02-01 23:00:00+00:00
44.884;-0.163;-00.163_44.884;33.0;33.0;Libournais;BLAYAIS;SAINT-EMILION;2026-02-03;6.0;34.0;2.2;2.2;2.2;1.0;1.0;1.0;;;;1.0;3.0;1.0;4.0;2.0;1.0;2026-02-02 23:00:00+00:00
44.884;-0.163;-00.163_44.884;33.0;33.0;Libournais;BLAYAIS;SAINT-EMILION;2026-02-04;6.0;35.0;4.6;4.6;4.6;1.0;1.0;1.0;;;;3.0;3.0;1.0;3.0;1.0;2.0;2026-02-03 23:00:00+00:00
44.884;-0.163;-00.163_44.884;33.0;33.0;Libournais;BLAYAIS;SAINT-EMILION;2026-02-05;6.0;36.0;9.0;9.0;9.0;1.0;1.0;1.0;;;;1.0;1.0;2.0;2.0;1.0;1.0;2026-02-04 23:00:00+00:00
44.884;-0.163;-00.163_44.884;33.0;33.0;Libournais;BLAYAIS;SAINT-EMILION;2026-02-06;6.0;37.0;1.9;1.9;1.9;1.0;1.0;1.0;;;;2.0;4.0;1.0;1.0;2.0;1.0;2026-02-05 23:00:00+00:00
44.884;-0.163;-00.163_44.884;33.0;33.0;Libournais;BLAYAIS;SAINT-EMILION;2026-02-07;6.0;38.0;0.6000000000000001;0.6000000000000001;0.6000000000000001;1.0;1.0;1.0;;;;1.0;1.0;1.0;1.0;2.0;2.0;2026-02-06 23:00:00+00:00
44.884;-0.163;-00.163_44.884;33.0;33.0;Libournais;BLAYAIS;SAINT-EMILION;2026-02-08;6.0;39.0;0.0;0.0;0.0;1.0;1.0;1.0;;;;1.0;2.0;1.0;2.0;1.0;1.0;2026-02-07 23:00:00+00:00
44.884;-0.163;-00.163_44.884;33.0;33.0;Libournais;BLAYAIS;SAINT-EMILION;2026-02-09;7.0;40.0;3.4000000000000004;3.4000000000000004;3.4000000000000004;1.0;1.0;1.0;;;;2.0;2.0;2.0;2.0;3.0;2.0;2026-02-08 23:00:00+00:00
44.884;-0.163;-00.163_44.884;33.0;33.0;Libournais;BLAYAIS;SAINT-EMILION;2026-02-10;7.0;41.0;24.3;24.3;24.3;1.0;1.0;1.0;;;;1.0;1.0;1.0;1.0;1.0;1.0;2026-02-09 23:00:00+00:00
44.884;-0.163;-00.163_44.884;33.0;33.0;Libournais;BLAYAIS;SAINT-EMILION;2026-02-11;7.0;42.0;8.1;8.1;8.1;1.0;1.0;1.0;;;;1.0;3.0;1.0;2.0;2.0;1.0;2026-02-10 23:00:00+00:00
44.884;-0.163;-00.163_44.884;33.0;33.0;Libournais;BLAYAIS;SAINT-EMILION;2026-02-12;7.0;43.0;23.8;23.8;23.8;1.0;1.0;1.0;;;;1.0;1.0;3.0;3.0;1.0;1.0;2026-02-11 23:00:00+00:00
44.884;-0.163;-00.163_44.884;33.0;33.0;Libournais;BLAYAIS;SAINT-EMILION;2026-02-13;7.0;44.0;0.5;0.5;0.5;1.0;1.0;1.0;;;;1.0;1.0;1.0;2.0;1.0;1.0;2026-02-12 23:00:00+00:00
44.884;-0.163;-00.163_44.884;33.0;33.0;Libournais;BLAYAIS;SAINT-EMILION;2026-02-14;7.0;45.0;2.9;2.9;2.9;1.0;1.0;1.0;;;;3.0;2.0;2.0;2.0;1.0;1.0;2026-02-13 23:00:00+00:00
44.884;-0.163;-00.163_44.884;33.0;33.0;Libournais;BLAYAIS;SAINT-EMILION;2026-02-15;7.0;46.0;16.7;16.7;16.7;1.0;1.0;1.0;;;;2.0;3.0;2.0;2.0;2.0;2.0;2026-02-14 23:00:00+00:00
44.884;-0.163;-00.163_44.884;33.0;33.0;Libournais;BLAYAIS;SAINT-EMILION;2026-02-16;8.0;47.0;3.9;3.9;3.9;1.0;1.0;1.0;;;;3.0;1.0;1.0;1.0;2.0;1.0;2026-02-15 23:00:00+00:00
44.884;-0.163;-00.163_44.884;33.0;33.0;Libournais;BLAYAIS;SAINT-EMILION;2026-02-17;8.0;48.0;0.3;0.3;0.3;1.0;1.0;1.0;;;;2.0;1.0;2.0;1.0;1.0;3.0;2026-02-16 23:00:00+00:00
44.884;-0.163;-00.163_44.884;33.0;33.0;Libournais;BLAYAIS;SAINT-EMILION;2026-02-18;8.0;49.0;3.9;3.9;3.9;1.0;1.0;1.0;;;;2.0;1.0;2.0;2.0;1.0;2.0;2026-02-17 23:00:00+00:00
44.884;-0.163;-00.163_44.884;33.0;33.0;Libournais;BLAYAIS;SAINT-EMILION;2026-02-19;8.0;50.0;14.3;14.3;14.3;1.0;1.0;1.0;;;;4.0;2.0;2.0;1.0;3.0;1.0;2026-02-18 23:00:00+00:00
44.884;-0.163;-00.163_44.884;33.0;33.0;Libournais;BLAYAIS;SAINT-EMILION;2026-02-20;8.0;51.0;0.0;0.0;0.0;1.0;1.0;1.0;;;;2.0;1.0;1.0;1.0;1.0;2.0;2026-02-19 23:00:00+00:00
44.884;-0.163;-00.163_44.884;33.0;33.0;Libournais;BLAYAIS;SAINT-EMILION;2026-02-21;8.0;52.0;0.0;0.0;0.0;1.0;1.0;1.0;;;;2.0;2.0;2.0;1.0;2.0;1.0;2026-02-20 23:00:00+00:00
44.884;-0.163;-00.163_44.884;33.0;33.0;Libournais;BLAYAIS;SAINT-EMILION;2026-02-22;8.0;53.0;0.0;0.0;0.0;1.0;1.0;1.0;;;;3.0;1.0;1.0;2.0;1.0;1.0;2026-02-21 23:00:00+00:00
44.884;-0.163;-00.163_44.884;33.0;33.0;Libournais;BLAYAIS;SAINT-EMILION;2026-02-23;9.0;54.0;0.0;0.0;0.0;1.0;1.0;1.0;;;;3.0;1.0;1.0;1.0;1.0;3.0;2026-02-22 23:00:00+00:00
44.884;-0.163;-00.163_44.884;33.0;33.0;Libournais;BLAYAIS;SAINT-EMILION;2026-02-24;9.0;55.0;0.0;0.0;0.0;1.0;1.0;1.0;;;;1.0;3.0;2.0;2.0;1.0;3.0;2026-02-23 23:00:00+00:00
44.884;-0.163;-00.163_44.884;33.0;33.0;Libournais;BLAYAIS;SAINT-EMILION;2026-02-25;9.0;56.0;0.0;0.0;0.0;1.0;1.0;1.0;;;;1.0;1.0;1.0;3.0;2.0;1.0;2026-02-24 23:00:00+00:00
44.884;-0.163;-00.163_44.884;33.0;33.0;Libournais;BLAYAIS;SAINT-EMILION;2026-02-26;9.0;57.0;0.0;0.0;0.0;1.0;1.0;1.0;;;;1.0;2.0;1.0;1.0;1.0;2.0;2026-02-25 23:00:00+00:00
44.884;-0.163;-00.163_44.884;33.0;33.0;Libournais;BLAYAIS;SAINT-EMILION;2026-02-27;9.0;58.0;0.0;0.0;0.0;1.0;1.0;1.0;;;;2.0;1.0;2.0;2.0;1.0;3.0;2026-02-26 23:00:00+00:00
44.884;-0.163;-00.163_44.884;33.0;33.0;Libournais;BLAYAIS;SAINT-EMILION;2026-02-28;9.0;59.0;0.3;0.3;0.3;1.0;1.0;1.0;;;;2.0;1.0;3.0;2.0;1.0;2.0;2026-02-27 23:00:00+00:00
44.884;-0.163;-00.163_44.884;33.0;33.0;Libournais;BLAYAIS;SAINT-EMILION;2026-03-01;9.0;60.0;0.0;0.0;0.0;1.0;1.0;1.0;;;;1.0;1.0;4.0;1.0;3.0;1.0;2026-02-28 23:00:00+00:00
44.884;-0.163;-00.163_44.884;33.0;33.0;Libournais;BLAYAIS;SAINT-EMILION;2026-03-02;10.0;61.0;0.0;0.0;0.0;1.0;1.0;1.0;;;;2.0;1.0;1.0;3.0;1.0;2.0;2026-03-01 23:00:00+00:00
44.884;-0.163;-00.163_44.884;33.0;33.0;Libournais;BLAYAIS;SAINT-EMILION;2026-03-03;10.0;62.0;0.0;0.0;0.0;1.0;1.0;1.0;;;;1.0;1.0;1.0;4.0;2.0;2.0;2026-03-02 23:00:00+00:00
44.884;-0.163;-00.163_44.884;33.0;33.0;Libournais;BLAYAIS;SAINT-EMILION;2026-03-04;10.0;63.0;0.0;0.0;0.0;1.0;1.0;1.0;;;;3.0;2.0;2.0;3.0;1.0;1.0;2026-03-03 23:00:00+00:00
44.884;-0.163;-00.163_44.884;33.0;33.0;Libournais;BLAYAIS;SAINT-EMILION;2026-03-05;10.0;64.0;0.7000000000000001;0.7000000000000001;0.7000000000000001;1.0;1.0;1.0;;;;2.0;1.0;2.0;1.0;1.0;1.0;2026-03-04 23:00:00+00:00
44.884;-0.163;-00.163_44.884;33.0;33.0;Libournais;BLAYAIS;SAINT-EMILION;2026-03-06;10.0;65.0;0.1;0.1;0.1;1.0;1.0;1.0;;;;2.0;2.0;2.0;1.0;3.0;3.0;2026-03-05 23:00:00+00:00
44.884;-0.163;-00.163_44.884;33.0;33.0;Libournais;BLAYAIS;SAINT-EMILION;2026-03-07;10.0;66.0;0.0;0.0;0.0;1.0;1.0;1.0;;;;1.0;1.0;3.0;1.0;1.0;2.0;2026-03-06 23:00:00+00:00
44.884;-0.163;-00.163_44.884;33.0;33.0;Libournais;BLAYAIS;SAINT-EMILION;2026-03-08;10.0;67.0;0.0;0.0;0.0;1.0;1.0;1.0;;;;1.0;2.0;2.0;1.0;1.0;1.0;2026-03-07 23:00:00+00:00
44.884;-0.163;-00.163_44.884;33.0;33.0;Libournais;BLAYAIS;SAINT-EMILION;2026-03-09;11.0;68.0;0.0;0.0;0.0;1.0;1.0;1.0;;;;1.0;2.0;2.0;1.0;1.0;1.0;2026-03-08 23:00:00+00:00
44.884;-0.163;-00.163_44.884;33.0;33.0;Libournais;BLAYAIS;SAINT-EMILION;2026-03-10;11.0;69.0;0.0;0.0;0.0;1.0;1.0;1.0;;;;3.0;2.0;3.0;1.0;1.0;1.0;2026-03-09 23:00:00+00:00
44.884;-0.163;-00.163_44.884;33.0;33.0;Libournais;BLAYAIS;SAINT-EMILION;2026-03-11;11.0;70.0;5.0;5.0;5.0;1.0;1.0;1.0;;;;3.0;1.0;3.0;3.0;1.0;1.0;2026-03-10 23:00:00+00:00
44.884;-0.163;-00.163_44.884;33.0;33.0;Libournais;BLAYAIS;SAINT-EMILION;2026-03-12;11.0;71.0;0.0;0.0;0.0;1.0;1.0;1.0;;;;2.0;2.0;2.0;3.0;4.0;2.0;2026-03-11 23:00:00+00:00
44.884;-0.163;-00.163_44.884;33.0;33.0;Libournais;BLAYAIS;SAINT-EMILION;2026-03-13;11.0;72.0;10.6;10.6;10.6;1.0;1.0;1.0;;;;2.0;2.0;1.0;2.0;3.0;4.0;2026-03-12 23:00:00+00:00
44.884;-0.163;-00.163_44.884;33.0;33.0;Libournais;BLAYAIS;SAINT-EMILION;2026-03-14;11.0;73.0;2.5;2.5;2.5;1.0;1.0;1.0;;;;1.0;2.0;1.0;1.0;1.0;1.0;2026-03-13 23:00:00+00:00
44.884;-0.163;-00.163_44.884;33.0;33.0;Libournais;BLAYAIS;SAINT-EMILION;2026-03-15;11.0;74.0;0.0;0.0;0.0;1.0;1.0;1.0;;;;2.0;1.0;4.0;3.0;1.0;1.0;2026-03-14 23:00:00+00:00
44.884;-0.163;-00.163_44.884;33.0;33.0;Libournais;BLAYAIS;SAINT-EMILION;2026-03-16;12.0;75.0;0.6000000000000001;0.6000000000000001;0.6000000000000001;1.0;1.0;1.0;;;;3.0;2.0;2.0;1.0;2.0;1.0;2026-03-15 23:00:00+00:00
44.884;-0.163;-00.163_44.884;33.0;33.0;Libournais;BLAYAIS;SAINT-EMILION;2026-03-17;12.0;76.0;0.0;0.0;0.0;1.0;1.0;1.0;;;;2.0;1.0;2.0;1.0;2.0;1.0;2026-03-16 23:00:00+00:00
44.884;-0.163;-00.163_44.884;33.0;33.0;Libournais;BLAYAIS;SAINT-EMILION;2026-03-18;12.0;77.0;0.0;0.0;0.0;1.0;1.0;1.0;;;;2.0;3.0;3.0;3.0;1.0;2.0;2026-03-17 23:00:00+00:00
44.884;-0.163;-00.163_44.884;33.0;33.0;Libournais;BLAYAIS;SAINT-EMILION;2026-03-19;12.0;78.0;0.0;0.0;0.0;1.0;1.0;1.0;;;;1.0;1.0;1.0;1.0;2.0;1.0;2026-03-18 23:00:00+00:00
44.884;-0.163;-00.163_44.884;33.0;33.0;Libournais;BLAYAIS;SAINT-EMILION;2026-03-20;12.0;79.0;0.0;0.0;0.0;1.0;1.0;1.0;;;;1.0;1.0;1.0;1.0;2.0;3.0;2026-03-19 23:00:00+00:00
44.884;-0.163;-00.163_44.884;33.0;33.0;Libournais;BLAYAIS;SAINT-EMILION;2026-03-21;12.0;80.0;0.0;0.0;0.0;1.0;1.0;1.0;;;;1.0;1.0;1.0;1.0;1.0;1.0;2026-03-20 23:00:00+00:00
44.884;-0.163;-00.163_44.884;33.0;33.0;Libournais;BLAYAIS;SAINT-EMILION;2026-03-22;12.0;81.0;0.0;0.0;0.0;1.0;1.0;1.0;;;;3.0;2.0;2.0;1.0;2.0;2.0;2026-03-21 23:00:00+00:00
44.884;-0.163;-00.163_44.884;33.0;33.0;Libournais;BLAYAIS;SAINT-EMILION;2026-03-23;13.0;82.0;0.0;0.0;0.0;1.0;1.0;1.0;;;;1.0;1.0;3.0;2.0;4.0;3.0;2026-03-22 23:00:00+00:00
44.884;-0.163;-00.163_44.884;33.0;33.0;Libournais;BLAYAIS;SAINT-EMILION;2026-03-24;13.0;83.0;0.0;0.0;0.0;1.0;1.0;1.0;;;;1.0;1.0;3.0;2.0;1.0;1.0;2026-03-23 23:00:00+00:00
44.884;-0.163;-00.163_44.884;33.0;33.0;Libournais;BLAYAIS;SAINT-EMILION;2026-03-25;13.0;84.0;0.1;0.1;0.1;1.0;1.0;1.0;;;;3.0;2.0;1.0;1.0;3.0;2.0;2026-03-24 23:00:00+00:00
44.884;-0.163;-00.163_44.884;33.0;33.0;Libournais;BLAYAIS;SAINT-EMILION;2026-03-26;13.0;85.0;0.2;0.2;0.2;1.0;1.0;1.0;;;;1.0;2.0;3.0;1.0;1.0;2.0;2026-03-25 23:00:00+00:00
44.884;-0.163;-00.163_44.884;33.0;33.0;Libournais;BLAYAIS;SAINT-EMILION;2026-03-27;13.0;86.0;0.0;0.0;0.0;1.0;1.0;1.0;;;;2.0;1.0;4.0;2.0;1.0;2.0;2026-03-26 23:00:00+00:00
44.884;-0.163;-00.163_44.884;33.0;33.0;Libournais;BLAYAIS;SAINT-EMILION;2026-03-28;13.0;87.0;1.3;1.3;1.3;1.0;1.0;1.0;;;;1.0;3.0;2.0;1.0;1.0;1.0;2026-03-27 23:00:00+00:00
44.884;-0.163;-00.163_44.884;33.0;33.0;Libournais;BLAYAIS;SAINT-EMILION;2026-03-29;13.0;88.0;0.0;0.0;0.0;1.0;1.0;1.0;;;;1.0;3.0;2.0;2.0;1.0;1.0;2026-03-28 23:00:00+00:00
44.884;-0.163;-00.163_44.884;33.0;33.0;Libournais;BLAYAIS;SAINT-EMILION;2026-03-30;14.0;89.0;0.6;0.6;0.6;1.0;1.0;1.0;;;;1.0;1.0;1.0;2.0;1.0;1.0;2026-03-29 22:00:00+00:00
44.884;-0.163;-00.163_44.884;33.0;33.0;Libournais;BLAYAIS;SAINT-EMILION;2026-03-31;14.0;90.0;0.2;0.2;0.2;1.0;1.0;1.0;3.0;3.0;3.0;2.0;1.0;3.0;1.0;1.0;1.0;2026-03-30 22:00:00+00:00
44.884;-0.163;-00.163_44.884;33.0;33.0;Libournais;BLAYAIS;SAINT-EMILION;2026-04-01;14.0;91.0;0.0;0.0;0.0;1.0;1.0;1.0;2.0;2.0;2.0;2.0;1.0;1.0;1.0;4.0;2.0;2026-03-31 22:00:00+00:00
44.884;-0.163;-00.163_44.884;33.0;33.0;Libournais;BLAYAIS;SAINT-EMILION;2026-04-02;14.0;92.0;0.0;0.0;0.0;1.0;1.0;1.0;2.0;2.0;2.0;2.0;1.0;1.0;1.0;3.0;1.0;2026-04-01 22:00:00+00:00
44.884;-0.163;-00.163_44.884;33.0;33.0;Libournais;BLAYAIS;SAINT-EMILION;2026-04-03;14.0;93.0;0.2;0.2;0.2;1.0;1.0;1.0;2.0;2.0;2.0;1.0;1.0;3.0;1.0;1.0;1.0;2026-04-02 22:00:00+00:00
44.884;-0.163;-00.163_44.884;33.0;33.0;Libournais;BLAYAIS;SAINT-EMILION;2026-04-04;14.0;94.0;0.0;0.0;0.0;1.0;1.0;1.0;2.0;2.0;2.0;3.0;1.0;1.0;1.0;1.0;2.0;2026-04-03 22:00:00+00:00
44.884;-0.163;-00.163_44.884;33.0;33.0;Libournais;BLAYAIS;SAINT-EMILION;2026-04-05;14.0;95.0;0.0;0.0;0.0;1.0;1.0;1.0;2.0;2.0;2.0;1.0;1.0;2.0;1.0;2.0;4.0;2026-04-04 22:00:00+00:00
44.884;-0.163;-00.163_44.884;33.0;33.0;Libournais;BLAYAIS;SAINT-EMILION;2026-04-06;15.0;96.0;0.0;0.0;0.0;1.0;1.0;1.0;2.0;2.0;2.0;1.0;1.0;2.0;2.0;1.0;1.0;2026-04-05 22:00:00+00:00
44.884;-0.163;-00.163_44.884;33.0;33.0;Libournais;BLAYAIS;SAINT-EMILION;2026-04-07;15.0;97.0;0.0;0.0;0.0;1.0;1.0;1.0;2.0;2.0;2.0;3.0;1.0;2.0;2.0;1.0;4.0;2026-04-06 22:00:00+00:00
44.884;-0.163;-00.163_44.884;33.0;33.0;Libournais;BLAYAIS;SAINT-EMILION;2026-04-08;15.0;98.0;0.0;0.0;0.0;1.0;1.0;1.0;2.0;2.0;2.0;2.0;3.0;1.0;2.0;1.0;2.0;2026-04-07 22:00:00+00:00
44.884;-0.163;-00.163_44.884;33.0;33.0;Libournais;BLAYAIS;SAINT-EMILION;2026-04-09;15.0;99.0;0.0;0.0;0.0;1.0;1.0;1.0;2.0;2.0;2.0;2.0;1.0;1.0;1.0;1.0;1.0;2026-04-08 22:00:00+00:00
44.884;-0.163;-00.163_44.884;33.0;33.0;Libournais;BLAYAIS;SAINT-EMILION;2026-04-10;15.0;100.0;0.0;0.0;0.0;1.0;1.0;1.0;2.0;2.0;2.0;1.0;2.0;2.0;3.0;1.0;1.0;2026-04-09 22:00:00+00:00
44.884;-0.163;-00.163_44.884;33.0;33.0;Libournais;BLAYAIS;SAINT-EMILION;2026-04-11;15.0;101.0;6.7;6.7;6.7;1.0;1.0;1.0;2.0;2.0;2.0;1.0;1.0;1.0;1.0;1.0;2.0;2026-04-10 22:00:00+00:00
44.884;-0.163;-00.163_44.884;33.0;33.0;Libournais;BLAYAIS;SAINT-EMILION;2026-04-12;15.0;102.0;0.0;0.0;0.0;1.0;1.0;1.0;;2.0;;1.0;1.0;4.0;4.0;1.0;3.0;2026-04-11 22:00:00+00:00
44.884;-0.163;-00.163_44.884;33.0;33.0;Libournais;BLAYAIS;SAINT-EMILION;2026-04-13;16.0;103.0;0.3;0.3;0.3;1.0;1.0;1.0;;2.0;;1.0;1.0;1.0;4.0;1.0;1.0;2026-04-12 22:00:00+00:00
44.884;-0.163;-00.163_44.884;33.0;33.0;Libournais;BLAYAIS;SAINT-EMILION;2026-04-14;16.0;104.0;0.0;0.0;0.0;1.0;1.0;1.0;;2.0;;1.0;1.0;3.0;2.0;1.0;1.0;2026-04-13 22:00:00+00:00
44.884;-0.163;-00.163_44.884;33.0;33.0;Libournais;BLAYAIS;SAINT-EMILION;2026-04-15;16.0;105.0;0.0;0.0;0.0;1.0;1.0;1.0;;2.0;;1.0;2.0;1.0;1.0;4.0;2.0;2026-04-14 22:00:00+00:00
44.884;-0.163;-00.163_44.884;33.0;33.0;Libournais;BLAYAIS;SAINT-EMILION;2026-04-16;16.0;106.0;0.0;0.0;0.0;1.0;1.0;1.0;;2.0;;2.0;2.0;1.0;2.0;3.0;1.0;2026-04-15 22:00:00+00:00
44.884;-0.163;-00.163_44.884;33.0;33.0;Libournais;BLAYAIS;SAINT-EMILION;2026-04-17;16.0;107.0;0.0;0.0;0.0;1.0;1.0;1.0;;2.0;;2.0;1.0;2.0;2.0;1.0;3.0;2026-04-16 22:00:00+00:00
44.884;-0.163;-00.163_44.884;33.0;33.0;Libournais;BLAYAIS;SAINT-EMILION;2026-04-18;16.0;108.0;0.0;0.0;0.0;1.0;1.0;1.0;;2.0;;1.0;4.0;1.0;1.0;2.0;1.0;2026-04-17 22:00:00+00:00
44.884;-0.163;-00.163_44.884;33.0;33.0;Libournais;BLAYAIS;SAINT-EMILION;2026-04-19;16.0;109.0;0.0;0.0;0.0;1.0;1.0;1.0;;2.0;;1.0;1.0;1.0;2.0;1.0;1.0;2026-04-18 22:00:00+00:00
44.884;-0.163;-00.163_44.884;33.0;33.0;Libournais;BLAYAIS;SAINT-EMILION;2026-04-20;17.0;110.0;0.0;0.0;0.0;1.0;1.0;1.0;;2.0;;1.0;1.0;2.0;1.0;1.0;2.0;2026-04-19 22:00:00+00:00
44.884;-0.163;-00.163_44.884;33.0;33.0;Libournais;BLAYAIS;SAINT-EMILION;2026-04-21;17.0;111.0;0.0;0.0;0.0;1.0;1.0;1.0;;2.0;;2.0;1.0;2.0;1.0;3.0;1.0;2026-04-20 22:00:00+00:00
44.884;-0.163;-00.163_44.884;33.0;33.0;Libournais;BLAYAIS;SAINT-EMILION;2026-04-22;17.0;112.0;0.0;0.0;0.0;1.0;1.0;1.0;;2.0;;1.0;1.0;3.0;3.0;1.0;3.0;2026-04-21 22:00:00+00:00
44.884;-0.163;-00.163_44.884;33.0;33.0;Libournais;BLAYAIS;SAINT-EMILION;2026-04-23;17.0;113.0;0.0;0.0;0.0;1.0;1.0;1.0;;2.0;;2.0;1.0;1.0;2.0;3.0;2.0;2026-04-22 22:00:00+00:00
44.884;-0.163;-00.163_44.884;33.0;33.0;Libournais;BLAYAIS;SAINT-EMILION;2026-04-24;17.0;114.0;0.0;0.0;0.0;1.0;1.0;1.0;;2.0;;1.0;3.0;1.0;3.0;1.0;1.0;2026-04-23 22:00:00+00:00
44.884;-0.163;-00.163_44.884;33.0;33.0;Libournais;BLAYAIS;SAINT-EMILION;2026-04-25;17.0;115.0;0.0;0.0;0.0;1.0;1.0;1.0;;2.0;;1.0;1.0;1.0;2.0;2.0;3.0;2026-04-24 22:00:00+00:00
44.884;-0.163;-00.163_44.884;33.0;33.0;Libournais;BLAYAIS;SAINT-EMILION;2026-04-26;17.0;116.0;0.0;0.0;0.0;1.0;1.0;1.0;;2.0;;3.0;1.0;2.0;4.0;1.0;2.0;2026-04-25 22:00:00+00:00
44.884;-0.163;-00.163_44.884;33.0;33.0;Libournais;BLAYAIS;SAINT-EMILION;2026-04-27;18.0;117.0;0.0;0.0;0.0;1.0;1.0;1.0;;2.0;;2.0;1.0;3.0;2.0;2.0;1.0;2026-04-26 22:00:00+00:00
44.884;-0.163;-00.163_44.884;33.0;33.0;Libournais;BLAYAIS;SAINT-EMILION;2026-04-28;18.0;118.0;0.3;0.3;0.3;1.0;1.0;1.0;;2.0;;1.0;3.0;2.0;1.0;1.0;1.0;2026-04-27 22:00:00+00:00
44.884;-0.163;-00.163_44.884;33.0;33.0;Libournais;BLAYAIS;SAINT-EMILION;2026-04-29;18.0;119.0;0.8999999999999999;0.8999999999999999;0.8999999999999999;1.0;1.0;1.0;;2.0;;2.0;4.0;2.0;1.0;2.0;2.0;2026-04-28 22:00:00+00:00
44.884;-0.163;-00.163_44.884;33.0;33.0;Libournais;BLAYAIS;SAINT-EMILION;2026-04-30;18.0;120.0;2.1;2.1;2.1;1.0;1.0;1.0;;2.0;;1.0;1.0;1.0;2.0;3.0;2.0;2026-04-29 22:00:00+00:00
44.884;-0.163;-00.163_44.884;33.0;33.0;Libournais;BLAYAIS;SAINT-EMILION;2026-05-01;18.0;121.0;0.0;0.0;0.0;1.0;1.0;1.0;;1.0;;2.0;1.0;4.0;3.0;1.0;1.0;2026-04-30 22:00:00+00:00
44.884;-0.163;-00.163_44.884;33.0;33.0;Libournais;BLAYAIS;SAINT-EMILION;2026-05-02;18.0;122.0;11.4;11.4;11.4;1.0;1.0;1.0;;2.0;;1.0;1.0;1.0;1.0;3.0;3.0;2026-05-01 22:00:00+00:00
44.884;-0.163;-00.163_44.884;33.0;33.0;Libournais;BLAYAIS;SAINT-EMILION;2026-05-03;18.0;123.0;25.9;25.9;25.9;1.0;1.0;1.0;;3.0;;3.0;1.0;1.0;4.0;1.0;2.0;2026-05-02 22:00:00+00:00
44.884;-0.163;-00.163_44.884;33.0;33.0;Libournais;BLAYAIS;SAINT-EMILION;2026-05-04;19.0;124.0;13.3;13.3;13.3;1.0;1.0;1.0;;2.0;;1.0;1.0;3.0;1.0;3.0;1.0;2026-05-03 22:00:00+00:00
44.884;-0.163;-00.163_44.884;33.0;33.0;Libournais;BLAYAIS;SAINT-EMILION;2026-05-05;19.0;125.0;12.6;12.6;12.6;1.0;1.0;1.0;;2.0;;1.0;3.0;1.0;3.0;2.0;3.0;2026-05-04 22:00:00+00:00
44.884;-0.163;-00.163_44.884;33.0;33.0;Libournais;BLAYAIS;SAINT-EMILION;2026-05-06;19.0;126.0;1.4;1.4;1.4;1.0;1.0;1.0;;2.0;;1.0;3.0;3.0;3.0;2.0;2.0;2026-05-05 22:00:00+00:00
44.884;-0.163;-00.163_44.884;33.0;33.0;Libournais;BLAYAIS;SAINT-EMILION;2026-05-07;19.0;127.0;0.0;0.0;0.0;1.0;1.0;1.0;;2.0;;1.0;3.0;2.0;4.0;3.0;3.0;2026-05-06 22:00:00+00:00
44.884;-0.163;-00.163_44.884;33.0;33.0;Libournais;BLAYAIS;SAINT-EMILION;2026-05-08;19.0;128.0;0.0;0.0;0.0;1.0;1.0;1.0;;2.0;;2.0;1.0;3.0;4.0;2.0;1.0;2026-05-07 22:00:00+00:00
44.884;-0.163;-00.163_44.884;33.0;33.0;Libournais;BLAYAIS;SAINT-EMILION;2026-05-09;19.0;129.0;0.0;0.0;0.0;1.0;1.0;1.0;;2.0;;1.0;2.0;1.0;1.0;1.0;2.0;2026-05-08 22:00:00+00:00
44.884;-0.163;-00.163_44.884;33.0;33.0;Libournais;BLAYAIS;SAINT-EMILION;2026-05-10;19.0;130.0;0.1;0.1;0.1;1.0;1.0;1.0;;2.0;;2.0;3.0;2.0;1.0;2.0;2.0;2026-05-09 22:00:00+00:00
44.884;-0.163;-00.163_44.884;33.0;33.0;Libournais;BLAYAIS;SAINT-EMILION;2026-05-11;20.0;131.0;0.0;0.0;0.0;1.0;1.0;1.0;;2.0;;1.0;3.0;1.0;3.0;1.0;2.0;2026-05-10 22:00:00+00:00
44.884;-0.163;-00.163_44.884;33.0;33.0;Libournais;BLAYAIS;SAINT-EMILION;2026-05-12;20.0;132.0;0.0;0.0;0.0;1.0;1.0;1.0;;2.0;;1.0;3.0;1.0;1.0;1.0;2.0;2026-05-11 22:00:00+00:00
44.884;-0.163;-00.163_44.884;33.0;33.0;Libournais;BLAYAIS;SAINT-EMILION;2026-05-13;20.0;133.0;0.4;0.4;0.4;1.0;1.0;1.0;;2.0;;1.0;3.0;1.0;1.0;2.0;1.0;2026-05-12 22:00:00+00:00
44.884;-0.163;-00.163_44.884;33.0;33.0;Libournais;BLAYAIS;SAINT-EMILION;2026-05-14;20.0;134.0;12.0;12.0;12.0;1.0;1.0;1.0;;2.0;;3.0;1.0;2.0;3.0;1.0;4.0;2026-05-13 22:00:00+00:00
44.884;-0.163;-00.163_44.884;33.0;33.0;Libournais;BLAYAIS;SAINT-EMILION;2026-05-15;20.0;135.0;0.4;0.4;0.4;1.0;1.0;1.0;;2.0;;2.0;1.0;1.0;1.0;2.0;4.0;2026-05-14 22:00:00+00:00
44.884;-0.163;-00.163_44.884;33.0;33.0;Libournais;BLAYAIS;SAINT-EMILION;2026-05-16;20.0;136.0;0.4;0.4;0.4;1.0;1.0;1.0;;2.0;;2.0;1.0;2.0;1.0;2.0;2.0;2026-05-15 22:00:00+00:00
44.884;-0.163;-00.163_44.884;33.0;33.0;Libournais;BLAYAIS;SAINT-EMILION;2026-05-17;20.0;137.0;9.3;9.3;9.3;1.0;1.0;1.0;;2.0;;2.0;1.0;2.0;3.0;2.0;1.0;2026-05-16 22:00:00+00:00
44.884;-0.163;-00.163_44.884;33.0;33.0;Libournais;BLAYAIS;SAINT-EMILION;2026-05-18;21.0;138.0;0.0;0.0;0.0;1.0;1.0;1.0;;3.0;;1.0;2.0;2.0;1.0;1.0;2.0;2026-05-17 22:00:00+00:00
44.884;-0.163;-00.163_44.884;33.0;33.0;Libournais;BLAYAIS;SAINT-EMILION;2026-05-19;21.0;139.0;0.3;0.3;0.3;1.0;1.0;1.0;;3.0;;2.0;1.0;1.0;1.0;1.0;1.0;2026-05-18 22:00:00+00:00
44.884;-0.163;-00.163_44.884;33.0;33.0;Libournais;BLAYAIS;SAINT-EMILION;2026-05-20;21.0;140.0;0.3;0.3;0.3;1.0;1.0;1.0;;3.0;;2.0;1.0;1.0;1.0;2.0;2.0;2026-05-19 22:00:00+00:00
44.884;-0.163;-00.163_44.884;33.0;33.0;Libournais;BLAYAIS;SAINT-EMILION;2026-05-21;21.0;141.0;0.0;0.0;0.0;1.0;1.0;1.0;;3.0;;2.0;1.0;2.0;2.0;2.0;3.0;2026-05-20 22:00:00+00:00
44.884;-0.163;-00.163_44.884;33.0;33.0;Libournais;BLAYAIS;SAINT-EMILION;2026-05-22;21.0;142.0;0.0;0.0;0.0;1.0;1.0;1.0;;3.0;;2.0;1.0;2.0;2.0;2.0;2.0;2026-05-21 22:00:00+00:00
44.884;-0.163;-00.163_44.884;33.0;33.0;Libournais;BLAYAIS;SAINT-EMILION;2026-05-23;21.0;143.0;0.0;0.0;0.0;1.0;1.0;1.0;;3.0;;2.0;1.0;2.0;2.0;1.0;3.0;2026-05-22 22:00:00+00:00
44.884;-0.163;-00.163_44.884;33.0;33.0;Libournais;BLAYAIS;SAINT-EMILION;2026-05-24;21.0;144.0;0.0;0.0;0.0;1.0;1.0;1.0;;3.0;;2.0;3.0;1.0;1.0;1.0;1.0;2026-05-23 22:00:00+00:00
44.884;-0.163;-00.163_44.884;33.0;33.0;Libournais;BLAYAIS;SAINT-EMILION;2026-05-25;22.0;145.0;0.0;0.0;0.0;1.0;1.0;1.0;;3.0;;1.0;1.0;2.0;1.0;1.0;1.0;2026-05-24 22:00:00+00:00
44.884;-0.163;-00.163_44.884;33.0;33.0;Libournais;BLAYAIS;SAINT-EMILION;2026-05-26;22.0;146.0;0.0;0.0;0.0;1.0;1.0;1.0;;2.0;;1.0;2.0;2.0;1.0;3.0;2.0;2026-05-25 22:00:00+00:00
44.884;-0.163;-00.163_44.884;33.0;33.0;Libournais;BLAYAIS;SAINT-EMILION;2026-05-27;22.0;147.0;0.0;0.0;0.0;1.0;1.0;1.0;;2.0;;1.0;2.0;3.0;1.0;2.0;2.0;2026-05-26 22:00:00+00:00
44.884;-0.163;-00.163_44.884;33.0;33.0;Libournais;BLAYAIS;SAINT-EMILION;2026-05-28;22.0;148.0;0.0;0.0;0.0;1.0;1.0;1.0;;2.0;;3.0;3.0;1.0;1.0;2.0;2.0;2026-05-27 22:00:00+00:00
44.884;-0.163;-00.163_44.884;33.0;33.0;Libournais;BLAYAIS;SAINT-EMILION;2026-05-29;22.0;149.0;0.0;0.0;0.0;1.0;1.0;1.0;;2.0;;1.0;1.0;1.0;2.0;1.0;2.0;2026-05-28 22:00:00+00:00
44.884;-0.163;-00.163_44.884;33.0;33.0;Libournais;BLAYAIS;SAINT-EMILION;2026-05-30;22.0;150.0;0.0;0.0;0.0;1.0;1.0;1.0;;2.0;;3.0;1.0;1.0;1.0;2.0;1.0;2026-05-29 22:00:00+00:00
44.884;-0.163;-00.163_44.884;33.0;33.0;Libournais;BLAYAIS;SAINT-EMILION;2026-05-31;22.0;151.0;0.0;0.0;0.0;1.0;1.0;1.0;2.0;2.0;2.0;1.0;2.0;1.0;1.0;4.0;2.0;2026-05-30 22:00:00+00:00
44.884;-0.163;-00.163_44.884;33.0;33.0;Libournais;BLAYAIS;SAINT-EMILION;2026-06-01;23.0;152.0;0.0;0.0;0.0;1.0;1.0;1.0;2.0;2.0;2.0;2.0;2.0;1.0;1.0;1.0;3.0;2026-05-31 22:00:00+00:00
44.884;-0.163;-00.163_44.884;33.0;33.0;Libournais;BLAYAIS;SAINT-EMILION;2026-06-02;23.0;153.0;5.699999999999999;5.699999999999999;5.699999999999999;1.0;1.0;1.0;2.0;2.0;2.0;2.0;1.0;2.0;3.0;3.0;1.0;2026-06-01 22:00:00+00:00
44.884;-0.163;-00.163_44.884;33.0;33.0;Libournais;BLAYAIS;SAINT-EMILION;2026-06-03;23.0;154.0;0.0;0.0;0.0;1.0;1.0;1.0;2.0;2.0;2.0;1.0;2.0;1.0;1.0;4.0;1.0;2026-06-02 22:00:00+00:00
44.884;-0.163;-00.163_44.884;33.0;33.0;Libournais;BLAYAIS;SAINT-EMILION;2026-06-04;23.0;155.0;3.4;3.4;3.4;1.0;1.0;1.0;2.0;2.0;2.0;3.0;2.0;4.0;2.0;1.0;1.0;2026-06-03 22:00:00+00:00
44.884;-0.163;-00.163_44.884;33.0;33.0;Libournais;BLAYAIS;SAINT-EMILION;2026-06-05;23.0;156.0;0.1;0.1;0.1;1.0;1.0;1.0;2.0;2.0;2.0;2.0;2.0;1.0;1.0;1.0;1.0;2026-06-04 22:00:00+00:00
44.884;-0.163;-00.163_44.884;33.0;33.0;Libournais;BLAYAIS;SAINT-EMILION;2026-06-06;23.0;157.0;0.0;0.0;0.0;1.0;1.0;1.0;2.0;2.0;2.0;1.0;2.0;1.0;2.0;2.0;1.0;2026-06-05 22:00:00+00:00
44.884;-0.163;-00.163_44.884;33.0;33.0;Libournais;BLAYAIS;SAINT-EMILION;2026-06-07;23.0;158.0;0.0;0.0;0.0;1.0;1.0;1.0;2.0;2.0;2.0;2.0;1.0;2.0;1.0;4.0;2.0;2026-06-06 22:00:00+00:00
44.884;-0.163;-00.163_44.884;33.0;33.0;Libournais;BLAYAIS;SAINT-EMILION;2026-06-08;24.0;159.0;6.6000000000000005;6.6000000000000005;6.6000000000000005;1.0;1.0;1.0;2.0;2.0;2.0;1.0;1.0;3.0;2.0;2.0;3.0;2026-06-07 22:00:00+00:00
44.884;-0.163;-00.163_44.884;33.0;33.0;Libournais;BLAYAIS;SAINT-EMILION;2026-06-09;24.0;160.0;0.3;0.3;0.3;1.0;1.0;1.0;2.0;2.0;2.0;2.0;1.0;2.0;1.0;4.0;2.0;2026-06-08 22:00:00+00:00
44.884;-0.163;-00.163_44.884;33.0;33.0;Libournais;BLAYAIS;SAINT-EMILION;2026-06-10;24.0;161.0;0.0;0.0;0.0;1.0;1.0;1.0;2.0;2.0;2.0;1.0;1.0;3.0;2.0;1.0;1.0;2026-06-09 22:00:00+00:00
44.884;-0.163;-00.163_44.884;33.0;33.0;Libournais;BLAYAIS;SAINT-EMILION;2026-06-11;24.0;162.0;0.0;0.0;0.0;1.0;1.0;1.0;2.0;2.0;2.0;2.0;1.0;2.0;1.0;2.0;1.0;2026-06-10 22:00:00+00:00
44.884;-0.163;-00.163_44.884;33.0;33.0;Libournais;BLAYAIS;SAINT-EMILION;2026-06-12;24.0;163.0;0.0;0.0;0.0;1.0;1.0;1.0;2.0;2.0;2.0;3.0;2.0;2.0;2.0;4.0;1.0;2026-06-11 22:00:00+00:00
44.884;-0.163;-00.163_44.884;33.0;33.0;Libournais;BLAYAIS;SAINT-EMILION;2026-06-13;24.0;164.0;0.0;0.0;0.0;1.0;1.0;1.0;2.0;2.0;2.0;3.0;1.0;4.0;1.0;2.0;4.0;2026-06-12 22:00:00+00:00
44.884;-0.163;-00.163_44.884;33.0;33.0;Libournais;BLAYAIS;SAINT-EMILION;2026-06-14;24.0;165.0;0.0;0.0;0.0;1.0;1.0;1.0;2.0;2.0;2.0;1.0;1.0;3.0;2.0;1.0;1.0;2026-06-13 22:00:00+00:00
44.884;-0.163;-00.163_44.884;33.0;33.0;Libournais;BLAYAIS;SAINT-EMILION;2026-06-15;25.0;166.0;0.0;0.0;0.0;1.0;1.0;1.0;2.0;2.0;2.0;1.0;1.0;3.0;1.0;2.0;4.0;2026-06-14 22:00:00+00:00
44.884;-0.163;-00.163_44.884;33.0;33.0;Libournais;BLAYAIS;SAINT-EMILION;2026-06-16;25.0;167.0;0.0;0.0;0.0;1.0;1.0;1.0;2.0;2.0;2.0;1.0;1.0;1.0;2.0;1.0;2.0;2026-06-15 22:00:00+00:00
44.884;-0.163;-00.163_44.884;33.0;33.0;Libournais;BLAYAIS;SAINT-EMILION;2026-06-17;25.0;168.0;0.0;0.0;0.0;1.0;1.0;1.0;2.0;2.0;2.0;1.0;2.0;4.0;4.0;2.0;1.0;2026-06-16 22:00:00+00:00
44.884;-0.163;-00.163_44.884;33.0;33.0;Libournais;BLAYAIS;SAINT-EMILION;2026-06-18;25.0;169.0;0.0;0.0;0.0;1.0;1.0;1.0;2.0;2.0;2.0;2.0;2.0;1.0;1.0;3.0;2.0;2026-06-17 22:00:00+00:00
44.884;-0.163;-00.163_44.884;33.0;33.0;Libournais;BLAYAIS;SAINT-EMILION;2026-06-19;25.0;170.0;0.0;0.0;0.0;1.0;1.0;1.0;2.0;2.0;2.0;2.0;1.0;3.0;1.0;3.0;2.0;2026-06-18 22:00:00+00:00
44.884;-0.163;-00.163_44.884;33.0;33.0;Libournais;BLAYAIS;SAINT-EMILION;2026-06-20;25.0;171.0;0.0;0.0;0.0;1.0;1.0;1.0;2.0;2.0;2.0;1.0;1.0;1.0;1.0;1.0;2.0;2026-06-19 22:00:00+00:00
44.884;-0.163;-00.163_44.884;33.0;33.0;Libournais;BLAYAIS;SAINT-EMILION;2026-06-21;25.0;172.0;0.0;0.0;0.0;1.0;1.0;1.0;2.0;2.0;2.0;1.0;2.0;1.0;1.0;1.0;1.0;2026-06-20 22:00:00+00:00
44.884;-0.163;-00.163_44.884;33.0;33.0;Libournais;BLAYAIS;SAINT-EMILION;2026-06-22;26.0;173.0;0.0;0.0;0.0;1.0;1.0;1.0;2.0;2.0;2.0;1.0;1.0;1.0;1.0;1.0;2.0;2026-06-21 22:00:00+00:00
44.884;-0.163;-00.163_44.884;33.0;33.0;Libournais;BLAYAIS;SAINT-EMILION;2026-06-23;26.0;174.0;0.0;0.0;0.0;1.0;1.0;1.0;2.0;2.0;2.0;1.0;2.0;2.0;2.0;2.0;2.0;2026-06-22 22:00:00+00:00
44.884;-0.163;-00.163_44.884;33.0;33.0;Libournais;BLAYAIS;SAINT-EMILION;2026-06-24;26.0;175.0;0.0;0.0;0.0;1.0;1.0;1.0;2.0;2.0;2.0;1.0;3.0;3.0;2.0;1.0;2.0;2026-06-23 22:00:00+00:00
44.884;-0.163;-00.163_44.884;33.0;33.0;Libournais;BLAYAIS;SAINT-EMILION;2026-06-25;26.0;176.0;0.0;0.0;0.0;1.0;1.0;1.0;1.0;1.0;1.0;2.0;2.0;2.0;3.0;1.0;3.0;2026-06-24 22:00:00+00:00
44.884;-0.163;-00.163_44.884;33.0;33.0;Libournais;BLAYAIS;SAINT-EMILION;2026-06-26;26.0;177.0;0.0;0.0;0.0;1.0;1.0;1.0;1.0;1.0;1.0;1.0;1.0;2.0;3.0;1.0;1.0;2026-06-25 22:00:00+00:00
44.884;-0.163;-00.163_44.884;33.0;33.0;Libournais;BLAYAIS;SAINT-EMILION;2026-06-27;26.0;178.0;0.0;0.0;0.0;1.0;1.0;1.0;1.0;1.0;1.0;1.0;1.0;1.0;1.0;1.0;3.0;2026-06-26 22:00:00+00:00
44.884;-0.163;-00.163_44.884;33.0;33.0;Libournais;BLAYAIS;SAINT-EMILION;2026-06-28;26.0;179.0;7.6;7.6;7.6;1.0;1.0;1.0;1.0;1.0;1.0;3.0;1.0;2.0;3.0;4.0;2.0;2026-06-27 22:00:00+00:00
44.884;-0.163;-00.163_44.884;33.0;33.0;Libournais;BLAYAIS;SAINT-EMILION;2026-06-29;27.0;180.0;0.0;0.0;0.0;1.0;1.0;1.0;1.0;1.0;1.0;1.0;3.0;2.0;2.0;2.0;2.0;2026-06-28 22:00:00+00:00
44.884;-0.163;-00.163_44.884;33.0;33.0;Libournais;BLAYAIS;SAINT-EMILION;2026-06-30;27.0;181.0;0.0;0.0;0.0;1.0;1.0;1.0;1.0;1.0;1.0;2.0;1.0;3.0;1.0;1.0;1.0;2026-06-29 22:00:00+00:00
44.884;-0.163;-00.163_44.884;33.0;33.0;Libournais;BLAYAIS;SAINT-EMILION;2026-07-01;27.0;182.0;0.0;0.0;0.0;1.0;1.0;1.0;1.0;1.0;1.0;3.0;1.0;1.0;2.0;4.0;2.0;2026-06-30 22:00:00+00:00
44.884;-0.163;-00.163_44.884;33.0;33.0;Libournais;BLAYAIS;SAINT-EMILION;2026-07-02;27.0;183.0;0.0;0.0;0.0;1.0;1.0;1.0;1.0;1.0;1.0;2.0;1.0;1.0;1.0;2.0;1.0;2026-07-01 22:00:00+00:00
44.884;-0.163;-00.163_44.884;33.0;33.0;Libournais;BLAYAIS;SAINT-EMILION;2026-07-03;27.0;184.0;0.0;0.0;0.0;1.0;1.0;1.0;1.0;1.0;1.0;2.0;2.0;2.0;2.0;2.0;3.0;2026-07-02 22:00:00+00:00
44.884;-0.163;-00.163_44.884;33.0;33.0;Libournais;BLAYAIS;SAINT-EMILION;2026-07-04;27.0;185.0;0.0;0.0;0.0;1.0;1.0;1.0;1.0;1.0;1.0;2.0;2.0;2.0;1.0;1.0;1.0;2026-07-03 22:00:00+00:00
44.884;-0.163;-00.163_44.884;33.0;33.0;Libournais;BLAYAIS;SAINT-EMILION;2026-07-05;27.0;186.0;0.0;0.0;0.0;1.0;1.0;1.0;1.0;1.0;1.0;1.0;1.0;1.0;3.0;2.0;2.0;2026-07-04 22:00:00+00:00
44.884;-0.163;-00.163_44.884;33.0;33.0;Libournais;BLAYAIS;SAINT-EMILION;2026-07-06;28.0;187.0;0.0;0.0;0.0;1.0;1.0;1.0;1.0;1.0;1.0;2.0;2.0;3.0;3.0;1.0;1.0;2026-07-05 22:00:00+00:00
44.884;-0.163;-00.163_44.884;33.0;33.0;Libournais;BLAYAIS;SAINT-EMILION;2026-07-07;28.0;188.0;0.0;0.0;0.0;1.0;1.0;1.0;1.0;1.0;1.0;1.0;2.0;4.0;2.0;2.0;3.0;2026-07-06 22:00:00+00:00
44.884;-0.163;-00.163_44.884;33.0;33.0;Libournais;BLAYAIS;SAINT-EMILION;2026-07-08;28.0;189.0;0.0;0.0;0.0;1.0;1.0;1.0;1.0;1.0;1.0;3.0;3.0;2.0;1.0;2.0;1.0;2026-07-07 22:00:00+00:00
44.884;-0.163;-00.163_44.884;33.0;33.0;Libournais;BLAYAIS;SAINT-EMILION;2026-07-09;28.0;190.0;0.0;0.0;0.0;1.0;1.0;1.0;1.0;1.0;1.0;2.0;1.0;3.0;1.0;1.0;1.0;2026-07-08 22:00:00+00:00
44.884;-0.163;-00.163_44.884;33.0;33.0;Libournais;BLAYAIS;SAINT-EMILION;2026-07-10;28.0;191.0;27.6;27.6;27.6;1.0;1.0;1.0;4.0;4.0;4.0;3.0;2.0;1.0;1.0;2.0;1.0;2026-07-09 22:00:00+00:00
44.884;-0.163;-00.163_44.884;33.0;33.0;Libournais;BLAYAIS;SAINT-EMILION;2026-07-11;28.0;192.0;0.0;0.0;0.0;1.0;1.0;1.0;1.0;1.0;1.0;1.0;2.0;1.0;1.0;2.0;2.0;2026-07-10 22:00:00+00:00
44.884;-0.163;-00.163_44.884;33.0;33.0;Libournais;BLAYAIS;SAINT-EMILION;2026-07-12;28.0;193.0;0.0;0.0;0.0;1.0;1.0;1.0;2.0;2.0;2.0;3.0;3.0;1.0;1.0;1.0;2.0;2026-07-11 22:00:00+00:00
44.884;-0.163;-00.163_44.884;33.0;33.0;Libournais;BLAYAIS;SAINT-EMILION;2026-07-13;29.0;194.0;0.0;0.0;0.0;1.0;1.0;1.0;2.0;2.0;2.0;1.0;1.0;1.0;4.0;3.0;1.0;2026-07-12 22:00:00+00:00
44.884;-0.163;-00.163_44.884;33.0;33.0;Libournais;BLAYAIS;SAINT-EMILION;2026-07-14;29.0;195.0;0.0;0.0;0.0;1.0;1.0;1.0;2.0;2.0;2.0;1.0;1.0;2.0;2.0;2.0;1.0;2026-07-13 22:00:00+00:00
44.884;-0.163;-00.163_44.884;33.0;33.0;Libournais;BLAYAIS;SAINT-EMILION;2026-07-15;29.0;196.0;0.0;0.0;0.0;1.0;1.0;1.0;2.0;2.0;2.0;2.0;2.0;2.0;4.0;1.0;1.0;2026-07-14 22:00:00+00:00
44.884;-0.163;-00.163_44.884;33.0;33.0;Libournais;BLAYAIS;SAINT-EMILION;2026-07-16;29.0;197.0;0.2;0.2;0.2;1.0;1.0;1.0;2.0;2.0;2.0;3.0;3.0;2.0;2.0;2.0;2.0;2026-07-15 22:00:00+00:00
44.884;-0.163;-00.163_44.884;33.0;33.0;Libournais;BLAYAIS;SAINT-EMILION;2026-07-17;29.0;198.0;0.0;0.0;0.0;1.0;1.0;1.0;2.0;2.0;2.0;2.0;2.0;1.0;1.0;2.0;2.0;2026-07-16 22:00:00+00:00
44.884;-0.163;-00.163_44.884;33.0;33.0;Libournais;BLAYAIS;SAINT-EMILION;2026-07-18;29.0;199.0;0.0;0.0;0.0;1.0;1.0;1.0;2.0;2.0;2.0;2.0;1.0;2.0;1.0;2.0;1.0;2026-07-17 22:00:00+00:00
44.884;-0.163;-00.163_44.884;33.0;33.0;Libournais;BLAYAIS;SAINT-EMILION;2026-07-19;29.0;200.0;0.0;0.0;0.0;1.0;1.0;1.0;2.0;2.0;2.0;3.0;1.0;1.0;3.0;1.0;1.0;2026-07-18 22:00:00+00:00
44.884;-0.163;-00.163_44.884;33.0;33.0;Libournais;BLAYAIS;SAINT-EMILION;2026-07-20;30.0;201.0;0.0;0.0;0.0;1.0;1.0;1.0;2.0;2.0;2.0;1.0;2.0;2.0;4.0;2.0;1.0;2026-07-19 22:00:00+00:00
44.884;-0.163;-00.163_44.884;33.0;33.0;Libournais;BLAYAIS;SAINT-EMILION;2026-07-21;30.0;202.0;0.0;0.0;0.0;1.0;1.0;1.0;2.0;2.0;2.0;1.0;3.0;4.0;2.0;1.0;1.0;2026-07-20 22:00:00+00:00
44.884;-0.163;-00.163_44.884;33.0;33.0;Libournais;BLAYAIS;SAINT-EMILION;2026-07-22;30.0;203.0;0.0;0.0;0.0;1.0;1.0;1.0;2.0;2.0;2.0;2.0;1.0;1.0;3.0;1.0;4.0;2026-07-21 22:00:00+00:00
44.884;-0.163;-00.163_44.884;33.0;33.0;Libournais;BLAYAIS;SAINT-EMILION;2026-07-23;30.0;204.0;0.0;0.0;0.0;1.0;1.0;1.0;2.0;2.0;2.0;2.0;1.0;2.0;1.0;1.0;2.0;2026-07-22 22:00:00+00:00
44.884;-0.163;-00.163_44.884;33.0;33.0;Libournais;BLAYAIS;SAINT-EMILION;2026-07-24;30.0;205.0;0.0;0.0;0.0;1.0;1.0;1.0;2.0;2.0;2.0;2.0;2.0;2.0;3.0;3.0;1.0;2026-07-23 22:00:00+00:00
44.884;-0.163;-00.163_44.884;33.0;33.0;Libournais;BLAYAIS;SAINT-EMILION;2026-07-25;30.0;206.0;22.6;22.6;22.6;1.0;1.0;1.0;3.0;3.0;3.0;3.0;2.0;2.0;1.0;1.0;1.0;2026-07-24 22:00:00+00:00
44.884;-0.163;-00.163_44.884;33.0;33.0;Libournais;BLAYAIS;SAINT-EMILION;2026-07-26;30.0;207.0;0.0;0.0;0.0;1.0;1.0;1.0;3.0;3.0;3.0;2.0;3.0;1.0;1.0;4.0;1.0;2026-07-25 22:00:00+00:00
44.884;-0.163;-00.163_44.884;33.0;33.0;Libournais;BLAYAIS;SAINT-EMILION;2026-07-27;31.0;208.0;0.6;0.6;0.6;1.0;1.0;1.0;4.0;4.0;4.0;1.0;2.0;1.0;4.0;3.0;1.0;2026-07-26 22:00:00+00:00
44.884;-0.163;-00.163_44.884;33.0;33.0;Libournais;BLAYAIS;SAINT-EMILION;2026-07-28;31.0;209.0;0.0;0.0;0.0;1.0;1.0;1.0;4.0;4.0;4.0;1.0;4.0;2.0;1.0;1.0;4.0;2026-07-27 22:00:00+00:00
44.884;-0.163;-00.163_44.884;33.0;33.0;Libournais;BLAYAIS;SAINT-EMILION;2026-07-29;31.0;210.0;0.0;0.0;0.0;1.0;1.0;1.0;4.0;4.0;4.0;1.0;2.0;1.0;1.0;1.0;1.0;2026-07-28 22:00:00+00:00
44.884;-0.163;-00.163_44.884;33.0;33.0;Libournais;BLAYAIS;SAINT-EMILION;2026-07-30;31.0;211.0;0.0;0.0;0.0;1.0;1.0;1.0;4.0;4.0;4.0;1.0;1.0;2.0;1.0;2.0;2.0;2026-07-29 22:00:00+00:00
44.884;-0.163;-00.163_44.884;33.0;33.0;Libournais;BLAYAIS;SAINT-EMILION;2026-07-31;31.0;212.0;1.2000000000000002;1.2000000000000002;1.2000000000000002;1.0;1.0;1.0;4.0;4.0;4.0;1.0;1.0;3.0;4.0;2.0;1.0;2026-07-30 22:00:00+00:00
44.884;-0.163;-00.163_44.884;33.0;33.0;Libournais;BLAYAIS;SAINT-EMILION;2026-08-01;31.0;213.0;0.0;0.0;0.0;1.0;1.0;1.0;4.0;4.0;4.0;1.0;2.0;2.0;1.0;4.0;3.0;2026-07-31 22:00:00+00:00
44.884;-0.163;-00.163_44.884;33.0;33.0;Libournais;BLAYAIS;SAINT-EMILION;2026-08-02;31.0;214.0;0.0;0.0;0.0;1.0;1.0;1.0;4.0;4.0;4.0;2.0;1.0;1.0;3.0;3.0;1.0;2026-08-01 22:00:00+00:00
44.884;-0.163;-00.163_44.884;33.0;33.0;Libournais;BLAYAIS;SAINT-EMILION;2026-08-03;32.0;215.0;1.4;1.4;1.4;1.0;1.0;1.0;4.0;4.0;4.0;1.0;1.0;1.0;2.0;3.0;1.0;2026-08-02 22:00:00+00:00
44.884;-0.163;-00.163_44.884;33.0;33.0;Libournais;BLAYAIS;SAINT-EMILION;2026-08-04;32.0;216.0;0.0;0.0;0.0;1.0;1.0;1.0;4.0;4.0;4.0;3.0;1.0;4.0;1.0;1.0;1.0;2026-08-03 22:00:00+00:00
44.884;-0.163;-00.163_44.884;33.0;33.0;Libournais;BLAYAIS;SAINT-EMILION;2026-08-05;32.0;217.0;0.2;0.2;0.2;1.0;1.0;1.0;4.0;4.0;4.0;3.0;2.0;2.0;3.0;3.0;1.0;2026-08-04 22:00:00+00:00
44.884;-0.163;-00.163_44.884;33.0;33.0;Libournais;BLAYAIS;SAINT-EMILION;2026-08-06;32.0;218.0;0.0;0.0;0.0;1.0;1.0;1.0;4.0;4.0;4.0;2.0;3.0;1.0;1.0;1.0;1.0;2026-08-05 22:00:00+00:00
44.884;-0.163;-00.163_44.884;33.0;33.0;Libournais;BLAYAIS;SAINT-EMILION;2026-08-07;32.0;219.0;0.0;0.0;0.0;1.0;1.0;1.0;4.0;4.0;4.0;2.0;2.0;1.0;2.0;3.0;2.0;2026-08-06 22:00:00+00:00
44.884;-0.163;-00.163_44.884;33.0;33.0;Libournais;BLAYAIS;SAINT-EMILION;2026-08-08;32.0;220.0;0.0;0.0;0.0;1.0;1.0;1.0;4.0;4.0;4.0;1.0;2.0;1.0;2.0;1.0;2.0;2026-08-07 22:00:00+00:00
44.884;-0.163;-00.163_44.884;33.0;33.0;Libournais;BLAYAIS;SAINT-EMILION;2026-08-09;32.0;221.0;7.1;7.1;7.1;1.0;1.0;1.0;4.0;4.0;4.0;2.0;1.0;2.0;4.0;1.0;2.0;2026-08-08 22:00:00+00:00
44.884;-0.163;-00.163_44.884;33.0;33.0;Libournais;BLAYAIS;SAINT-EMILION;2026-08-10;33.0;222.0;2.0;2.0;2.0;1.0;1.0;1.0;4.0;4.0;4.0;2.0;1.0;3.0;1.0;1.0;2.0;2026-08-09 22:00:00+00:00
44.884;-0.163;-00.163_44.884;33.0;33.0;Libournais;BLAYAIS;SAINT-EMILION;2026-08-11;33.0;223.0;0.0;0.0;0.0;1.0;1.0;1.0;4.0;4.0;4.0;3.0;3.0;1.0;2.0;1.0;2.0;2026-08-10 22:00:00+00:00
44.884;-0.163;-00.163_44.884;33.0;33.0;Libournais;BLAYAIS;SAINT-EMILION;2026-08-12;33.0;224.0;0.0;0.0;0.0;1.0;1.0;1.0;4.0;4.0;4.0;1.0;3.0;2.0;1.0;1.0;1.0;2026-08-11 22:00:00+00:00
44.884;-0.163;-00.163_44.884;33.0;33.0;Libournais;BLAYAIS;SAINT-EMILION;2026-08-13;33.0;225.0;0.0;0.0;0.0;1.0;1.0;1.0;4.0;4.0;4.0;1.0;2.0;1.0;1.0;2.0;1.0;2026-08-12 22:00:00+00:00
44.884;-0.163;-00.163_44.884;33.0;33.0;Libournais;BLAYAIS;SAINT-EMILION;2026-08-14;33.0;226.0;2.7;2.7;2.7;1.0;1.0;1.0;4.0;4.0;4.0;1.0;1.0;3.0;1.0;1.0;1.0;2026-08-13 22:00:00+00:00
44.884;-0.163;-00.163_44.884;33.0;33.0;Libournais;BLAYAIS;SAINT-EMILION;2026-08-15;33.0;227.0;5.699999999999999;5.699999999999999;5.699999999999999;1.0;1.0;1.0;4.0;4.0;4.0;4.0;1.0;4.0;2.0;2.0;1.0;2026-08-14 22:00:00+00:00
44.884;-0.163;-00.163_44.884;33.0;33.0;Libournais;BLAYAIS;SAINT-EMILION;2026-08-16;33.0;228.0;0.0;0.0;0.0;1.0;1.0;1.0;4.0;4.0;4.0;2.0;1.0;1.0;2.0;1.0;1.0;2026-08-15 22:00:00+00:00
44.884;-0.163;-00.163_44.884;33.0;33.0;Libournais;BLAYAIS;SAINT-EMILION;2026-08-17;34.0;229.0;0.0;0.0;0.0;1.0;1.0;1.0;4.0;4.0;4.0;2.0;2.0;3.0;3.0;1.0;1.0;2026-08-16 22:00:00+00:00
44.884;-0.163;-00.163_44.884;33.0;33.0;Libournais;BLAYAIS;SAINT-EMILION;2026-08-18;34.0;230.0;0.0;0.0;0.0;1.0;1.0;1.0;4.0;4.0;4.0;1.0;2.0;1.0;1.0;1.0;2.0;2026-08-17 22:00:00+00:00
44.884;-0.163;-00.163_44.884;33.0;33.0;Libournais;BLAYAIS;SAINT-EMILION;2026-08-19;34.0;231.0;0.0;0.0;0.0;1.0;1.0;1.0;4.0;4.0;4.0;1.0;2.0;1.0;3.0;1.0;1.0;2026-08-18 22:00:00+00:00
44.884;-0.163;-00.163_44.884;33.0;33.0;Libournais;BLAYAIS;SAINT-EMILION;2026-08-20;34.0;232.0;0.1;0.1;0.1;1.0;1.0;1.0;4.0;4.0;4.0;1.0;1.0;2.0;1.0;3.0;1.0;2026-08-19 22:00:00+00:00
44.884;-0.163;-00.163_44.884;33.0;33.0;Libournais;BLAYAIS;SAINT-EMILION;2026-08-21;34.0;233.0;7.5;7.5;7.5;1.0;1.0;1.0;4.0;4.0;4.0;3.0;4.0;3.0;1.0;1.0;2.0;2026-08-20 22:00:00+00:00
44.884;-0.163;-00.163_44.884;33.0;33.0;Libournais;BLAYAIS;SAINT-EMILION;2026-08-22;34.0;234.0;0.0;0.0;0.0;1.0;1.0;1.0;4.0;4.0;4.0;2.0;1.0;1.0;1.0;1.0;1.0;2026-08-21 22:00:00+00:00
44.884;-0.163;-00.163_44.884;33.0;33.0;Libournais;BLAYAIS;SAINT-EMILION;2026-08-23;34.0;235.0;1.1;1.1;1.1;1.0;1.0;1.0;4.0;4.0;4.0;2.0;1.0;1.0;1.0;2.0;1.0;2026-08-22 22:00:00+00:00
44.884;-0.163;-00.163_44.884;33.0;33.0;Libournais;BLAYAIS;SAINT-EMILION;2026-08-24;35.0;236.0;13.41;13.784;14.98;1.0;1.0;1.0;4.0;4.0;4.0;2.0;3.0;1.0;3.0;1.0;1.0;2026-08-23 22:00:00+00:00
44.884;-0.163;-00.163_44.884;33.0;33.0;Libournais;BLAYAIS;SAINT-EMILION;2026-08-25;35.0;237.0;1.082;2.065;5.211;1.0;1.0;1.0;4.0;4.0;4.0;4.0;2.0;2.0;2.0;3.0;2.0;2026-08-24 22:00:00+00:00
44.884;-0.163;-00.163_44.884;33.0;33.0;Libournais;BLAYAIS;SAINT-EMILION;2026-08-26;35.0;238.0;1.674;3.25;8.176;1.0;1.0;1.0;4.0;4.0;4.0;2.0;1.0;3.0;1.0;1.0;3.0;2026-08-25 22:00:00+00:00
44.884;-0.163;-00.163_44.884;33.0;33.0;Libournais;BLAYAIS;SAINT-EMILION;2026-08-27;35.0;239.0;0.914;1.824;4.562;1.0;1.0;1.0;4.0;4.0;4.0;1.0;1.0;2.0;4.0;1.0;1.0;2026-08-26 22:00:00+00:00
44.884;-0.163;-00.163_44.884;33.0;33.0;Libournais;BLAYAIS;SAINT-EMILION;2026-08-28;35.0;240.0;0.096;0.096;0.288;1.0;1.0;1.0;4.0;4.0;4.0;4.0;2.0;2.0;3.0;1.0;3.0;2026-08-27 22:00:00+00:00
44.884;-0.163;-00.163_44.884;33.0;33.0;Libournais;BLAYAIS;SAINT-EMILION;2026-08-29;35.0;241.0;0.1109999999999999;0.2189999999999999;0.5489999999999999;1.0;1.0;1.0;4.0;4.0;4.0;2.0;4.0;1.0;1.0;2.0;1.0;2026-08-28 22:00:00+00:00
44.884;-0.163;-00.163_44.884;33.0;33.0;Libournais;BLAYAIS;SAINT-EMILION;2026-08-30;35.0;242.0;0.0;0.0;0.0;1.0;1.0;1.0;4.0;4.0;4.0;2.0;1.0;1.0;1.0;1.0;1.0;2026-08-29 22:00:00+00:00
44.884;-0.163;-00.163_44.884;33.0;33.0;Libournais;BLAYAIS;SAINT-EMILION;2026-08-31;36.0;243.0;0.204;0.405;0.81;1.0;1.0;1.0;4.0;4.0;4.0;1.0;1.0;1.0;2.0;1.0;1.0;2026-08-30 22:00:00+00:00
44.884;-0.163;-00.163_44.884;33.0;33.0;Libournais;BLAYAIS;SAINT-EMILION;2026-09-01;36.0;244.0;0.486;0.972;1.944;1.0;1.0;1.0;4.0;4.0;4.0;1.0;1.0;1.0;2.0;1.0;2.0;2026-08-31 22:00:00+00:00
44.884;-0.163;-00.163_44.884;33.0;33.0;Libournais;BLAYAIS;SAINT-EMILION;2026-09-02;36.0;245.0;0.244;0.483;0.971;1.0;1.0;1.0;4.0;4.0;4.0;1.0;1.0;2.0;2.0;1.0;1.0;2026-09-01 22:00:00+00:00
44.884;-0.163;-00.163_44.884;33.0;33.0;Libournais;BLAYAIS;SAINT-EMILION;2026-09-03;36.0;246.0;1.781;3.564;7.129;1.0;1.0;1.0;4.0;4.0;4.0;1.0;2.0;1.0;4.0;1.0;1.0;2026-09-02 22:00:00+00:00
44.884;-0.163;-00.163_44.884;33.0;33.0;Libournais;BLAYAIS;SAINT-EMILION;2026-09-04;36.0;247.0;2.277;4.557;9.114;1.0;1.0;1.0;4.0;4.0;4.0;3.0;3.0;2.0;2.0;1.0;1.0;2026-09-03 22:00:00+00:00
44.884;-0.163;-00.163_44.884;33.0;33.0;Libournais;BLAYAIS;SAINT-EMILION;2026-09-05;36.0;248.0;1.224;2.451;4.899;1.0;1.0;1.0;4.0;4.0;4.0;3.0;2.0;4.0;2.0;2.0;1.0;2026-09-04 22:00:00+00:00
44.884;-0.163;-00.163_44.884;33.0;33.0;Libournais;BLAYAIS;SAINT-EMILION;2026-09-06;36.0;249.0;0.0;0.0;0.0;1.0;1.0;1.0;4.0;4.0;4.0;2.0;1.0;2.0;3.0;2.0;1.0;2026-09-05 22:00:00+00:00
44.884;-0.163;-00.163_44.884;33.0;33.0;Libournais;BLAYAIS;SAINT-EMILION;2026-09-07;37.0;250.0;0.663;1.225;2.447;1.0;1.0;1.0;4.0;4.0;4.0;3.0;3.0;2.0;1.0;1.0;2.0;2026-09-06 22:00:00+00:00
44.956;-0.175;-00.175_44.956;33.0;33.0;Libournais;BLAYAIS;NEAC;2026-01-01;1.0;1.0;0.0;0.0;0.0;1.0;1.0;1.0;;;;1.0;1.0;1.0;1.0;3.0;2.0;2025-12-31 23:00:00+00:00
44.956;-0.175;-00.175_44.956;33.0;33.0;Libournais;BLAYAIS;NEAC;2026-01-02;1.0;2.0;0.0;0.0;0.0;1.0;1.0;1.0;;;;2.0;1.0;1.0;1.0;1.0;2.0;2026-01-01 23:00:00+00:00
44.956;-0.175;-00.175_44.956;33.0;33.0;Libournais;BLAYAIS;NEAC;2026-01-03;1.0;3.0;0.0;0.0;0.0;1.0;1.0;1.0;;;;1.0;2.0;1.0;2.0;1.0;1.0;2026-01-02 23:00:00+00:00
44.956;-0.175;-00.175_44.956;33.0;33.0;Libournais;BLAYAIS;NEAC;2026-01-04;1.0;4.0;0.0;0.0;0.0;1.0;1.0;1.0;;;;1.0;2.0;1.0;1.0;2.0;2.0;2026-01-03 23:00:00+00:00
44.956;-0.175;-00.175_44.956;33.0;33.0;Libournais;BLAYAIS;NEAC;2026-01-05;2.0;5.0;0.0;0.0;0.0;1.0;1.0;1.0;;;;4.0;3.0;2.0;3.0;2.0;2.0;2026-01-04 23:00:00+00:00
44.956;-0.175;-00.175_44.956;33.0;33.0;Libournais;BLAYAIS;NEAC;2026-01-06;2.0;6.0;0.1;0.1;0.1;1.0;1.0;1.0;;;;3.0;1.0;2.0;4.0;1.0;1.0;2026-01-05 23:00:00+00:00
44.956;-0.175;-00.175_44.956;33.0;33.0;Libournais;BLAYAIS;NEAC;2026-01-07;2.0;7.0;0.6000000000000001;0.6000000000000001;0.6000000000000001;1.0;1.0;1.0;;;;3.0;1.0;3.0;1.0;1.0;1.0;2026-01-06 23:00:00+00:00
44.956;-0.175;-00.175_44.956;33.0;33.0;Libournais;BLAYAIS;NEAC;2026-01-08;2.0;8.0;20.3;20.3;20.3;1.0;1.0;1.0;;;;1.0;4.0;1.0;1.0;1.0;2.0;2026-01-07 23:00:00+00:00
44.956;-0.175;-00.175_44.956;33.0;33.0;Libournais;BLAYAIS;NEAC;2026-01-09;2.0;9.0;8.9;8.9;8.9;1.0;1.0;1.0;;;;2.0;1.0;1.0;1.0;4.0;4.0;2026-01-08 23:00:00+00:00
44.956;-0.175;-00.175_44.956;33.0;33.0;Libournais;BLAYAIS;NEAC;2026-01-10;2.0;10.0;1.3;1.3;1.3;1.0;1.0;1.0;;;;2.0;1.0;2.0;3.0;3.0;2.0;2026-01-09 23:00:00+00:00
44.956;-0.175;-00.175_44.956;33.0;33.0;Libournais;BLAYAIS;NEAC;2026-01-11;2.0;11.0;0.3;0.3;0.3;1.0;1.0;1.0;;;;1.0;1.0;1.0;1.0;2.0;1.0;2026-01-10 23:00:00+00:00
44.956;-0.175;-00.175_44.956;33.0;33.0;Libournais;BLAYAIS;NEAC;2026-01-12;3.0;12.0;0.0;0.0;0.0;1.0;1.0;1.0;;;;1.0;2.0;2.0;2.0;2.0;1.0;2026-01-11 23:00:00+00:00
44.956;-0.175;-00.175_44.956;33.0;33.0;Libournais;BLAYAIS;NEAC;2026-01-13;3.0;13.0;0.1;0.1;0.1;1.0;1.0;1.0;;;;4.0;2.0;4.0;2.0;4.0;1.0;2026-01-12 23:00:00+00:00
44.956;-0.175;-00.175_44.956;33.0;33.0;Libournais;BLAYAIS;NEAC;2026-01-14;3.0;14.0;0.0;0.0;0.0;1.0;1.0;1.0;;;;3.0;1.0;1.0;2.0;2.0;2.0;2026-01-13 23:00:00+00:00
44.956;-0.175;-00.175_44.956;33.0;33.0;Libournais;BLAYAIS;NEAC;2026-01-15;3.0;15.0;0.1;0.1;0.1;1.0;1.0;1.0;;;;2.0;3.0;2.0;1.0;1.0;2.0;2026-01-14 23:00:00+00:00
44.956;-0.175;-00.175_44.956;33.0;33.0;Libournais;BLAYAIS;NEAC;2026-01-16;3.0;16.0;2.0;2.0;2.0;1.0;1.0;1.0;;;;1.0;4.0;2.0;3.0;1.0;1.0;2026-01-15 23:00:00+00:00
44.956;-0.175;-00.175_44.956;33.0;33.0;Libournais;BLAYAIS;NEAC;2026-01-17;3.0;17.0;3.6;3.6;3.6;1.0;1.0;1.0;;;;2.0;1.0;1.0;3.0;1.0;2.0;2026-01-16 23:00:00+00:00
44.956;-0.175;-00.175_44.956;33.0;33.0;Libournais;BLAYAIS;NEAC;2026-01-18;3.0;18.0;0.6000000000000001;0.6000000000000001;0.6000000000000001;1.0;1.0;1.0;;;;1.0;1.0;1.0;2.0;1.0;3.0;2026-01-17 23:00:00+00:00
44.956;-0.175;-00.175_44.956;33.0;33.0;Libournais;BLAYAIS;NEAC;2026-01-19;4.0;19.0;3.6;3.6;3.6;1.0;1.0;1.0;;;;1.0;1.0;2.0;1.0;2.0;1.0;2026-01-18 23:00:00+00:00
44.956;-0.175;-00.175_44.956;33.0;33.0;Libournais;BLAYAIS;NEAC;2026-01-20;4.0;20.0;0.0;0.0;0.0;1.0;1.0;1.0;;;;2.0;3.0;3.0;1.0;2.0;1.0;2026-01-19 23:00:00+00:00
44.956;-0.175;-00.175_44.956;33.0;33.0;Libournais;BLAYAIS;NEAC;2026-01-21;4.0;21.0;4.9;4.9;4.9;1.0;1.0;1.0;;;;1.0;1.0;3.0;2.0;1.0;2.0;2026-01-20 23:00:00+00:00
44.956;-0.175;-00.175_44.956;33.0;33.0;Libournais;BLAYAIS;NEAC;2026-01-22;4.0;22.0;0.0;0.0;0.0;1.0;1.0;1.0;;;;2.0;1.0;1.0;1.0;1.0;1.0;2026-01-21 23:00:00+00:00
44.956;-0.175;-00.175_44.956;33.0;33.0;Libournais;BLAYAIS;NEAC;2026-01-23;4.0;23.0;5.5;5.5;5.5;1.0;1.0;1.0;;;;1.0;1.0;2.0;2.0;1.0;1.0;2026-01-22 23:00:00+00:00
44.956;-0.175;-00.175_44.956;33.0;33.0;Libournais;BLAYAIS;NEAC;2026-01-24;4.0;24.0;4.0;4.0;4.0;1.0;1.0;1.0;;;;1.0;1.0;2.0;1.0;1.0;3.0;2026-01-23 23:00:00+00:00
44.956;-0.175;-00.175_44.956;33.0;33.0;Libournais;BLAYAIS;NEAC;2026-01-25;4.0;25.0;17.7;17.7;17.7;1.0;1.0;1.0;;;;1.0;1.0;1.0;2.0;2.0;2.0;2026-01-24 23:00:00+00:00
44.956;-0.175;-00.175_44.956;33.0;33.0;Libournais;BLAYAIS;NEAC;2026-01-26;5.0;26.0;0.1;0.1;0.1;1.0;1.0;1.0;;;;1.0;1.0;2.0;1.0;1.0;2.0;2026-01-25 23:00:00+00:00
44.956;-0.175;-00.175_44.956;33.0;33.0;Libournais;BLAYAIS;NEAC;2026-01-27;5.0;27.0;7.1;7.1;7.1;1.0;1.0;1.0;;;;1.0;2.0;2.0;2.0;2.0;1.0;2026-01-26 23:00:00+00:00
44.956;-0.175;-00.175_44.956;33.0;33.0;Libournais;BLAYAIS;NEAC;2026-01-28;5.0;28.0;4.7;4.7;4.7;1.0;1.0;1.0;;;;1.0;2.0;1.0;1.0;1.0;1.0;2026-01-27 23:00:00+00:00
44.956;-0.175;-00.175_44.956;33.0;33.0;Libournais;BLAYAIS;NEAC;2026-01-29;5.0;29.0;6.1;6.1;6.1;1.0;1.0;1.0;;;;1.0;2.0;2.0;2.0;1.0;4.0;2026-01-28 23:00:00+00:00
44.956;-0.175;-00.175_44.956;33.0;33.0;Libournais;BLAYAIS;NEAC;2026-01-30;5.0;30.0;4.1000000000000005;4.1000000000000005;4.1000000000000005;1.0;1.0;1.0;;;;2.0;1.0;1.0;3.0;2.0;2.0;2026-01-29 23:00:00+00:00
44.956;-0.175;-00.175_44.956;33.0;33.0;Libournais;BLAYAIS;NEAC;2026-01-31;5.0;31.0;9.5;9.5;9.5;1.0;1.0;1.0;;;;1.0;2.0;1.0;1.0;1.0;1.0;2026-01-30 23:00:00+00:00
44.956;-0.175;-00.175_44.956;33.0;33.0;Libournais;BLAYAIS;NEAC;2026-02-01;5.0;32.0;5.9;5.9;5.9;1.0;1.0;1.0;;;;2.0;2.0;3.0;1.0;2.0;1.0;2026-01-31 23:00:00+00:00
44.956;-0.175;-00.175_44.956;33.0;33.0;Libournais;BLAYAIS;NEAC;2026-02-02;6.0;33.0;7.3;7.3;7.3;1.0;1.0;1.0;;;;1.0;2.0;2.0;2.0;1.0;4.0;2026-02-01 23:00:00+00:00
44.956;-0.175;-00.175_44.956;33.0;33.0;Libournais;BLAYAIS;NEAC;2026-02-03;6.0;34.0;3.9;3.9;3.9;1.0;1.0;1.0;;;;1.0;2.0;1.0;3.0;1.0;1.0;2026-02-02 23:00:00+00:00
44.956;-0.175;-00.175_44.956;33.0;33.0;Libournais;BLAYAIS;NEAC;2026-02-04;6.0;35.0;6.6;6.6;6.6;1.0;1.0;1.0;;;;3.0;3.0;1.0;1.0;3.0;1.0;2026-02-03 23:00:00+00:00
44.956;-0.175;-00.175_44.956;33.0;33.0;Libournais;BLAYAIS;NEAC;2026-02-05;6.0;36.0;9.6;9.6;9.6;1.0;1.0;1.0;;;;1.0;1.0;1.0;1.0;1.0;3.0;2026-02-04 23:00:00+00:00
44.956;-0.175;-00.175_44.956;33.0;33.0;Libournais;BLAYAIS;NEAC;2026-02-06;6.0;37.0;2.8;2.8;2.8;1.0;1.0;1.0;;;;1.0;1.0;2.0;1.0;3.0;1.0;2026-02-05 23:00:00+00:00
44.956;-0.175;-00.175_44.956;33.0;33.0;Libournais;BLAYAIS;NEAC;2026-02-07;6.0;38.0;0.6000000000000001;0.6000000000000001;0.6000000000000001;1.0;1.0;1.0;;;;2.0;1.0;3.0;1.0;1.0;2.0;2026-02-06 23:00:00+00:00
44.956;-0.175;-00.175_44.956;33.0;33.0;Libournais;BLAYAIS;NEAC;2026-02-08;6.0;39.0;0.0;0.0;0.0;1.0;1.0;1.0;;;;4.0;1.0;3.0;1.0;2.0;1.0;2026-02-07 23:00:00+00:00
44.956;-0.175;-00.175_44.956;33.0;33.0;Libournais;BLAYAIS;NEAC;2026-02-09;7.0;40.0;4.1;4.1;4.1;1.0;1.0;1.0;;;;2.0;1.0;2.0;2.0;2.0;3.0;2026-02-08 23:00:00+00:00
44.956;-0.175;-00.175_44.956;33.0;33.0;Libournais;BLAYAIS;NEAC;2026-02-10;7.0;41.0;19.2;19.2;19.2;1.0;1.0;1.0;;;;2.0;1.0;4.0;2.0;3.0;1.0;2026-02-09 23:00:00+00:00
44.956;-0.175;-00.175_44.956;33.0;33.0;Libournais;BLAYAIS;NEAC;2026-02-11;7.0;42.0;11.3;11.3;11.3;1.0;1.0;1.0;;;;1.0;2.0;3.0;1.0;2.0;4.0;2026-02-10 23:00:00+00:00
44.956;-0.175;-00.175_44.956;33.0;33.0;Libournais;BLAYAIS;NEAC;2026-02-12;7.0;43.0;30.5;30.5;30.5;1.0;1.0;1.0;;;;1.0;1.0;2.0;2.0;1.0;1.0;2026-02-11 23:00:00+00:00
44.956;-0.175;-00.175_44.956;33.0;33.0;Libournais;BLAYAIS;NEAC;2026-02-13;7.0;44.0;0.5;0.5;0.5;1.0;1.0;1.0;;;;1.0;4.0;1.0;1.0;2.0;2.0;2026-02-12 23:00:00+00:00
44.956;-0.175;-00.175_44.956;33.0;33.0;Libournais;BLAYAIS;NEAC;2026-02-14;7.0;45.0;3.2;3.2;3.2;1.0;1.0;1.0;;;;1.0;1.0;1.0;1.0;1.0;1.0;2026-02-13 23:00:00+00:00
44.956;-0.175;-00.175_44.956;33.0;33.0;Libournais;BLAYAIS;NEAC;2026-02-15;7.0;46.0;17.5;17.5;17.5;1.0;1.0;1.0;;;;3.0;2.0;1.0;1.0;1.0;1.0;2026-02-14 23:00:00+00:00
44.956;-0.175;-00.175_44.956;33.0;33.0;Libournais;BLAYAIS;NEAC;2026-02-16;8.0;47.0;3.8;3.8;3.8;1.0;1.0;1.0;;;;2.0;1.0;1.0;1.0;2.0;1.0;2026-02-15 23:00:00+00:00
44.956;-0.175;-00.175_44.956;33.0;33.0;Libournais;BLAYAIS;NEAC;2026-02-17;8.0;48.0;0.6;0.6;0.6;1.0;1.0;1.0;;;;1.0;3.0;3.0;1.0;1.0;1.0;2026-02-16 23:00:00+00:00
44.956;-0.175;-00.175_44.956;33.0;33.0;Libournais;BLAYAIS;NEAC;2026-02-18;8.0;49.0;5.2;5.2;5.2;1.0;1.0;1.0;;;;1.0;3.0;2.0;1.0;2.0;1.0;2026-02-17 23:00:00+00:00
44.956;-0.175;-00.175_44.956;33.0;33.0;Libournais;BLAYAIS;NEAC;2026-02-19;8.0;50.0;8.6;8.6;8.6;1.0;1.0;1.0;;;;2.0;2.0;3.0;2.0;2.0;3.0;2026-02-18 23:00:00+00:00
44.956;-0.175;-00.175_44.956;33.0;33.0;Libournais;BLAYAIS;NEAC;2026-02-20;8.0;51.0;0.2;0.2;0.2;1.0;1.0;1.0;;;;1.0;2.0;3.0;1.0;1.0;1.0;2026-02-19 23:00:00+00:00
44.956;-0.175;-00.175_44.956;33.0;33.0;Libournais;BLAYAIS;NEAC;2026-02-21;8.0;52.0;0.0;0.0;0.0;1.0;1.0;1.0;;;;1.0;2.0;1.0;2.0;1.0;2.0;2026-02-20 23:00:00+00:00
44.956;-0.175;-00.175_44.956;33.0;33.0;Libournais;BLAYAIS;NEAC;2026-02-22;8.0;53.0;0.0;0.0;0.0;1.0;1.0;1.0;;;;1.0;3.0;1.0;1.0;2.0;3.0;2026-02-21 23:00:00+00:00
44.956;-0.175;-00.175_44.956;33.0;33.0;Libournais;BLAYAIS;NEAC;2026-02-23;9.0;54.0;0.0;0.0;0.0;1.0;1.0;1.0;;;;1.0;1.0;2.0;1.0;2.0;1.0;2026-02-22 23:00:00+00:00
44.956;-0.175;-00.175_44.956;33.0;33.0;Libournais;BLAYAIS;NEAC;2026-02-24;9.0;55.0;0.0;0.0;0.0;1.0;1.0;1.0;;;;1.0;3.0;1.0;3.0;1.0;1.0;2026-02-23 23:00:00+00:00
44.956;-0.175;-00.175_44.956;33.0;33.0;Libournais;BLAYAIS;NEAC;2026-02-25;9.0;56.0;0.0;0.0;0.0;1.0;1.0;1.0;;;;1.0;4.0;3.0;1.0;2.0;1.0;2026-02-24 23:00:00+00:00
44.956;-0.175;-00.175_44.956;33.0;33.0;Libournais;BLAYAIS;NEAC;2026-02-26;9.0;57.0;0.0;0.0;0.0;1.0;1.0;1.0;;;;3.0;1.0;3.0;1.0;2.0;1.0;2026-02-25 23:00:00+00:00
44.956;-0.175;-00.175_44.956;33.0;33.0;Libournais;BLAYAIS;NEAC;2026-02-27;9.0;58.0;0.0;0.0;0.0;1.0;1.0;1.0;;;;1.0;2.0;3.0;1.0;1.0;1.0;2026-02-26 23:00:00+00:00
44.956;-0.175;-00.175_44.956;33.0;33.0;Libournais;BLAYAIS;NEAC;2026-02-28;9.0;59.0;0.1;0.1;0.1;1.0;1.0;1.0;;;;2.0;1.0;1.0;1.0;3.0;4.0;2026-02-27 23:00:00+00:00
44.956;-0.175;-00.175_44.956;33.0;33.0;Libournais;BLAYAIS;NEAC;2026-03-01;9.0;60.0;0.0;0.0;0.0;1.0;1.0;1.0;;;;3.0;1.0;1.0;2.0;1.0;4.0;2026-02-28 23:00:00+00:00
44.956;-0.175;-00.175_44.956;33.0;33.0;Libournais;BLAYAIS;NEAC;2026-03-02;10.0;61.0;0.0;0.0;0.0;1.0;1.0;1.0;;;;3.0;3.0;3.0;3.0;1.0;2.0;2026-03-01 23:00:00+00:00
44.956;-0.175;-00.175_44.956;33.0;33.0;Libournais;BLAYAIS;NEAC;2026-03-03;10.0;62.0;0.0;0.0;0.0;1.0;1.0;1.0;;;;4.0;1.0;3.0;1.0;1.0;1.0;2026-03-02 23:00:00+00:00
44.956;-0.175;-00.175_44.956;33.0;33.0;Libournais;BLAYAIS;NEAC;2026-03-04;10.0;63.0;0.0;0.0;0.0;1.0;1.0;1.0;;;;1.0;1.0;3.0;3.0;4.0;1.0;2026-03-03 23:00:00+00:00
44.956;-0.175;-00.175_44.956;33.0;33.0;Libournais;BLAYAIS;NEAC;2026-03-05;10.0;64.0;1.4;1.4;1.4;1.0;1.0;1.0;;;;2.0;2.0;1.0;1.0;1.0;1.0;2026-03-04 23:00:00+00:00
44.956;-0.175;-00.175_44.956;33.0;33.0;Libournais;BLAYAIS;NEAC;2026-03-06;10.0;65.0;0.5;0.5;0.5;1.0;1.0;1.0;;;;3.0;2.0;1.0;1.0;1.0;3.0;2026-03-05 23:00:00+00:00
44.956;-0.175;-00.175_44.956;33.0;33.0;Libournais;BLAYAIS;NEAC;2026-03-07;10.0;66.0;0.3;0.3;0.3;1.0;1.0;1.0;;;;1.0;1.0;2.0;1.0;1.0;2.0;2026-03-06 23:00:00+00:00
44.956;-0.175;-00.175_44.956;33.0;33.0;Libournais;BLAYAIS;NEAC;2026-03-08;10.0;67.0;0.0;0.0;0.0;1.0;1.0;1.0;;;;2.0;2.0;1.0;2.0;2.0;1.0;2026-03-07 23:00:00+00:00
44.956;-0.175;-00.175_44.956;33.0;33.0;Libournais;BLAYAIS;NEAC;2026-03-09;11.0;68.0;0.0;0.0;0.0;1.0;1.0;1.0;;;;2.0;2.0;1.0;1.0;1.0;1.0;2026-03-08 23:00:00+00:00
44.956;-0.175;-00.175_44.956;33.0;33.0;Libournais;BLAYAIS;NEAC;2026-03-10;11.0;69.0;0.0;0.0;0.0;1.0;1.0;1.0;;;;2.0;2.0;1.0;1.0;1.0;2.0;2026-03-09 23:00:00+00:00
44.956;-0.175;-00.175_44.956;33.0;33.0;Libournais;BLAYAIS;NEAC;2026-03-11;11.0;70.0;5.1;5.1;5.1;1.0;1.0;1.0;;;;2.0;3.0;1.0;3.0;1.0;3.0;2026-03-10 23:00:00+00:00
44.956;-0.175;-00.175_44.956;33.0;33.0;Libournais;BLAYAIS;NEAC;2026-03-12;11.0;71.0;0.0;0.0;0.0;1.0;1.0;1.0;;;;1.0;3.0;1.0;1.0;1.0;3.0;2026-03-11 23:00:00+00:00
44.956;-0.175;-00.175_44.956;33.0;33.0;Libournais;BLAYAIS;NEAC;2026-03-13;11.0;72.0;10.5;10.5;10.5;1.0;1.0;1.0;;;;2.0;2.0;1.0;1.0;1.0;2.0;2026-03-12 23:00:00+00:00
44.956;-0.175;-00.175_44.956;33.0;33.0;Libournais;BLAYAIS;NEAC;2026-03-14;11.0;73.0;2.8;2.8;2.8;1.0;1.0;1.0;;;;3.0;2.0;2.0;1.0;3.0;2.0;2026-03-13 23:00:00+00:00
44.956;-0.175;-00.175_44.956;33.0;33.0;Libournais;BLAYAIS;NEAC;2026-03-15;11.0;74.0;0.0;0.0;0.0;1.0;1.0;1.0;;;;2.0;1.0;2.0;1.0;2.0;3.0;2026-03-14 23:00:00+00:00
44.956;-0.175;-00.175_44.956;33.0;33.0;Libournais;BLAYAIS;NEAC;2026-03-16;12.0;75.0;0.2;0.2;0.2;1.0;1.0;1.0;;;;3.0;1.0;1.0;1.0;4.0;1.0;2026-03-15 23:00:00+00:00
44.956;-0.175;-00.175_44.956;33.0;33.0;Libournais;BLAYAIS;NEAC;2026-03-17;12.0;76.0;0.0;0.0;0.0;1.0;1.0;1.0;;;;1.0;1.0;2.0;2.0;2.0;2.0;2026-03-16 23:00:00+00:00
44.956;-0.175;-00.175_44.956;33.0;33.0;Libournais;BLAYAIS;NEAC;2026-03-18;12.0;77.0;0.0;0.0;0.0;1.0;1.0;1.0;;;;4.0;1.0;2.0;4.0;2.0;2.0;2026-03-17 23:00:00+00:00
44.956;-0.175;-00.175_44.956;33.0;33.0;Libournais;BLAYAIS;NEAC;2026-03-19;12.0;78.0;0.0;0.0;0.0;1.0;1.0;1.0;;;;1.0;1.0;1.0;3.0;2.0;1.0;2026-03-18 23:00:00+00:00
44.956;-0.175;-00.175_44.956;33.0;33.0;Libournais;BLAYAIS;NEAC;2026-03-20;12.0;79.0;0.0;0.0;0.0;1.0;1.0;1.0;;;;1.0;1.0;3.0;2.0;1.0;2.0;2026-03-19 23:00:00+00:00
44.956;-0.175;-00.175_44.956;33.0;33.0;Libournais;BLAYAIS;NEAC;2026-03-21;12.0;80.0;0.0;0.0;0.0;1.0;1.0;1.0;;;;1.0;1.0;1.0;2.0;1.0;3.0;2026-03-20 23:00:00+00:00
44.956;-0.175;-00.175_44.956;33.0;33.0;Libournais;BLAYAIS;NEAC;2026-03-22;12.0;81.0;0.0;0.0;0.0;1.0;1.0;1.0;;;;1.0;3.0;2.0;2.0;1.0;2.0;2026-03-21 23:00:00+00:00
44.956;-0.175;-00.175_44.956;33.0;33.0;Libournais;BLAYAIS;NEAC;2026-03-23;13.0;82.0;0.0;0.0;0.0;1.0;1.0;1.0;;;;1.0;1.0;2.0;2.0;2.0;1.0;2026-03-22 23:00:00+00:00
44.956;-0.175;-00.175_44.956;33.0;33.0;Libournais;BLAYAIS;NEAC;2026-03-24;13.0;83.0;0.0;0.0;0.0;1.0;1.0;1.0;;;;4.0;1.0;1.0;3.0;2.0;1.0;2026-03-23 23:00:00+00:00
44.956;-0.175;-00.175_44.956;33.0;33.0;Libournais;BLAYAIS;NEAC;2026-03-25;13.0;84.0;0.6;0.6;0.6;1.0;1.0;1.0;;;;1.0;2.0;2.0;2.0;2.0;1.0;2026-03-24 23:00:00+00:00
44.956;-0.175;-00.175_44.956;33.0;33.0;Libournais;BLAYAIS;NEAC;2026-03-26;13.0;85.0;0.0;0.0;0.0;1.0;1.0;1.0;;;;1.0;2.0;1.0;1.0;1.0;1.0;2026-03-25 23:00:00+00:00
44.956;-0.175;-00.175_44.956;33.0;33.0;Libournais;BLAYAIS;NEAC;2026-03-27;13.0;86.0;0.0;0.0;0.0;1.0;1.0;1.0;;;;1.0;1.0;1.0;1.0;1.0;1.0;2026-03-26 23:00:00+00:00
44.956;-0.175;-00.175_44.956;33.0;33.0;Libournais;BLAYAIS;NEAC;2026-03-28;13.0;87.0;3.7;3.7;3.7;1.0;1.0;1.0;;;;1.0;1.0;2.0;1.0;4.0;3.0;2026-03-27 23:00:00+00:00
44.956;-0.175;-00.175_44.956;33.0;33.0;Libournais;BLAYAIS;NEAC;2026-03-29;13.0;88.0;0.0;0.0;0.0;1.0;1.0;1.0;;;;2.0;2.0;1.0;3.0;1.0;1.0;2026-03-28 23:00:00+00:00
44.956;-0.175;-00.175_44.956;33.0;33.0;Libournais;BLAYAIS;NEAC;2026-03-30;14.0;89.0;0.7;0.7;0.7;1.0;1.0;1.0;;;;1.0;3.0;1.0;1.0;2.0;1.0;2026-03-29 22:00:00+00:00
44.956;-0.175;-00.175_44.956;33.0;33.0;Libournais;BLAYAIS;NEAC;2026-03-31;14.0;90.0;0.3;0.3;0.3;1.0;1.0;1.0;3.0;3.0;3.0;2.0;2.0;1.0;1.0;3.0;1.0;2026-03-30 22:00:00+00:00
44.956;-0.175;-00.175_44.956;33.0;33.0;Libournais;BLAYAIS;NEAC;2026-04-01;14.0;91.0;0.0;0.0;0.0;1.0;1.0;1.0;3.0;3.0;3.0;1.0;2.0;4.0;4.0;3.0;2.0;2026-03-31 22:00:00+00:00
44.956;-0.175;-00.175_44.956;33.0;33.0;Libournais;BLAYAIS;NEAC;2026-04-02;14.0;92.0;0.1;0.1;0.1;1.0;1.0;1.0;3.0;3.0;3.0;2.0;4.0;2.0;3.0;2.0;2.0;2026-04-01 22:00:00+00:00
44.956;-0.175;-00.175_44.956;33.0;33.0;Libournais;BLAYAIS;NEAC;2026-04-03;14.0;93.0;0.1;0.1;0.1;1.0;1.0;1.0;3.0;3.0;3.0;4.0;2.0;3.0;1.0;1.0;2.0;2026-04-02 22:00:00+00:00
44.956;-0.175;-00.175_44.956;33.0;33.0;Libournais;BLAYAIS;NEAC;2026-04-04;14.0;94.0;0.0;0.0;0.0;1.0;1.0;1.0;3.0;3.0;3.0;1.0;1.0;2.0;1.0;2.0;1.0;2026-04-03 22:00:00+00:00
44.956;-0.175;-00.175_44.956;33.0;33.0;Libournais;BLAYAIS;NEAC;2026-04-05;14.0;95.0;0.0;0.0;0.0;1.0;1.0;1.0;3.0;3.0;3.0;2.0;1.0;2.0;1.0;3.0;1.0;2026-04-04 22:00:00+00:00
44.956;-0.175;-00.175_44.956;33.0;33.0;Libournais;BLAYAIS;NEAC;2026-04-06;15.0;96.0;0.0;0.0;0.0;1.0;1.0;1.0;3.0;3.0;3.0;2.0;1.0;3.0;3.0;1.0;1.0;2026-04-05 22:00:00+00:00
44.956;-0.175;-00.175_44.956;33.0;33.0;Libournais;BLAYAIS;NEAC;2026-04-07;15.0;97.0;0.0;0.0;0.0;1.0;1.0;1.0;2.0;2.0;2.0;2.0;3.0;1.0;1.0;2.0;2.0;2026-04-06 22:00:00+00:00
44.956;-0.175;-00.175_44.956;33.0;33.0;Libournais;BLAYAIS;NEAC;2026-04-08;15.0;98.0;0.0;0.0;0.0;1.0;1.0;1.0;2.0;2.0;2.0;2.0;2.0;1.0;1.0;1.0;1.0;2026-04-07 22:00:00+00:00
44.956;-0.175;-00.175_44.956;33.0;33.0;Libournais;BLAYAIS;NEAC;2026-04-09;15.0;99.0;0.0;0.0;0.0;1.0;1.0;1.0;2.0;2.0;2.0;1.0;1.0;2.0;1.0;2.0;1.0;2026-04-08 22:00:00+00:00
44.956;-0.175;-00.175_44.956;33.0;33.0;Libournais;BLAYAIS;NEAC;2026-04-10;15.0;100.0;0.0;0.0;0.0;1.0;1.0;1.0;2.0;2.0;2.0;4.0;1.0;2.0;3.0;1.0;1.0;2026-04-09 22:00:00+00:00
44.956;-0.175;-00.175_44.956;33.0;33.0;Libournais;BLAYAIS;NEAC;2026-04-11;15.0;101.0;7.1;7.1;7.1;1.0;1.0;1.0;2.0;2.0;2.0;2.0;1.0;3.0;2.0;1.0;2.0;2026-04-10 22:00:00+00:00
44.956;-0.175;-00.175_44.956;33.0;33.0;Libournais;BLAYAIS;NEAC;2026-04-12;15.0;102.0;0.0;0.0;0.0;1.0;1.0;1.0;;2.0;;1.0;2.0;2.0;4.0;1.0;1.0;2026-04-11 22:00:00+00:00
44.956;-0.175;-00.175_44.956;33.0;33.0;Libournais;BLAYAIS;NEAC;2026-04-13;16.0;103.0;0.4;0.4;0.4;1.0;1.0;1.0;;2.0;;2.0;1.0;2.0;4.0;1.0;1.0;2026-04-12 22:00:00+00:00
44.956;-0.175;-00.175_44.956;33.0;33.0;Libournais;BLAYAIS;NEAC;2026-04-14;16.0;104.0;0.0;0.0;0.0;1.0;1.0;1.0;;2.0;;1.0;1.0;4.0;2.0;1.0;2.0;2026-04-13 22:00:00+00:00
44.956;-0.175;-00.175_44.956;33.0;33.0;Libournais;BLAYAIS;NEAC;2026-04-15;16.0;105.0;0.0;0.0;0.0;1.0;1.0;1.0;;2.0;;2.0;1.0;2.0;1.0;2.0;1.0;2026-04-14 22:00:00+00:00
44.956;-0.175;-00.175_44.956;33.0;33.0;Libournais;BLAYAIS;NEAC;2026-04-16;16.0;106.0;0.0;0.0;0.0;1.0;1.0;1.0;;2.0;;1.0;1.0;2.0;3.0;1.0;4.0;2026-04-15 22:00:00+00:00
44.956;-0.175;-00.175_44.956;33.0;33.0;Libournais;BLAYAIS;NEAC;2026-04-17;16.0;107.0;0.0;0.0;0.0;1.0;1.0;1.0;;2.0;;2.0;3.0;2.0;1.0;3.0;1.0;2026-04-16 22:00:00+00:00
44.956;-0.175;-00.175_44.956;33.0;33.0;Libournais;BLAYAIS;NEAC;2026-04-18;16.0;108.0;0.0;0.0;0.0;1.0;1.0;1.0;;2.0;;1.0;1.0;1.0;1.0;2.0;2.0;2026-04-17 22:00:00+00:00
44.956;-0.175;-00.175_44.956;33.0;33.0;Libournais;BLAYAIS;NEAC;2026-04-19;16.0;109.0;0.0;0.0;0.0;1.0;1.0;1.0;;2.0;;1.0;1.0;2.0;1.0;3.0;2.0;2026-04-18 22:00:00+00:00
44.956;-0.175;-00.175_44.956;33.0;33.0;Libournais;BLAYAIS;NEAC;2026-04-20;17.0;110.0;0.0;0.0;0.0;1.0;1.0;1.0;;2.0;;1.0;2.0;2.0;1.0;1.0;2.0;2026-04-19 22:00:00+00:00
44.956;-0.175;-00.175_44.956;33.0;33.0;Libournais;BLAYAIS;NEAC;2026-04-21;17.0;111.0;0.0;0.0;0.0;1.0;1.0;1.0;;2.0;;4.0;1.0;1.0;1.0;1.0;1.0;2026-04-20 22:00:00+00:00
44.956;-0.175;-00.175_44.956;33.0;33.0;Libournais;BLAYAIS;NEAC;2026-04-22;17.0;112.0;0.0;0.0;0.0;1.0;1.0;1.0;;2.0;;1.0;2.0;2.0;1.0;2.0;1.0;2026-04-21 22:00:00+00:00
44.956;-0.175;-00.175_44.956;33.0;33.0;Libournais;BLAYAIS;NEAC;2026-04-23;17.0;113.0;0.0;0.0;0.0;1.0;1.0;1.0;;2.0;;1.0;1.0;2.0;1.0;1.0;1.0;2026-04-22 22:00:00+00:00
44.956;-0.175;-00.175_44.956;33.0;33.0;Libournais;BLAYAIS;NEAC;2026-04-24;17.0;114.0;0.0;0.0;0.0;1.0;1.0;1.0;;2.0;;3.0;2.0;3.0;2.0;1.0;1.0;2026-04-23 22:00:00+00:00
44.956;-0.175;-00.175_44.956;33.0;33.0;Libournais;BLAYAIS;NEAC;2026-04-25;17.0;115.0;0.0;0.0;0.0;1.0;1.0;1.0;;2.0;;2.0;1.0;1.0;3.0;1.0;1.0;2026-04-24 22:00:00+00:00
44.956;-0.175;-00.175_44.956;33.0;33.0;Libournais;BLAYAIS;NEAC;2026-04-26;17.0;116.0;0.0;0.0;0.0;1.0;1.0;1.0;;2.0;;2.0;2.0;3.0;1.0;4.0;1.0;2026-04-25 22:00:00+00:00
44.956;-0.175;-00.175_44.956;33.0;33.0;Libournais;BLAYAIS;NEAC;2026-04-27;18.0;117.0;0.0;0.0;0.0;1.0;1.0;1.0;;2.0;;2.0;1.0;1.0;2.0;1.0;1.0;2026-04-26 22:00:00+00:00
44.956;-0.175;-00.175_44.956;33.0;33.0;Libournais;BLAYAIS;NEAC;2026-04-28;18.0;118.0;0.1;0.1;0.1;1.0;1.0;1.0;;2.0;;1.0;1.0;2.0;2.0;1.0;1.0;2026-04-27 22:00:00+00:00
44.956;-0.175;-00.175_44.956;33.0;33.0;Libournais;BLAYAIS;NEAC;2026-04-29;18.0;119.0;0.7000000000000001;0.7000000000000001;0.7000000000000001;1.0;1.0;1.0;;2.0;;1.0;1.0;1.0;2.0;2.0;2.0;2026-04-28 22:00:00+00:00
44.956;-0.175;-00.175_44.956;33.0;33.0;Libournais;BLAYAIS;NEAC;2026-04-30;18.0;120.0;3.7;3.7;3.7;1.0;1.0;1.0;;2.0;;2.0;1.0;1.0;3.0;1.0;1.0;2026-04-29 22:00:00+00:00
44.956;-0.175;-00.175_44.956;33.0;33.0;Libournais;BLAYAIS;NEAC;2026-05-01;18.0;121.0;0.0;0.0;0.0;1.0;1.0;1.0;;2.0;;2.0;1.0;1.0;1.0;2.0;1.0;2026-04-30 22:00:00+00:00
44.956;-0.175;-00.175_44.956;33.0;33.0;Libournais;BLAYAIS;NEAC;2026-05-02;18.0;122.0;11.8;11.8;11.8;1.0;1.0;1.0;;2.0;;3.0;3.0;2.0;1.0;2.0;3.0;2026-05-01 22:00:00+00:00
44.956;-0.175;-00.175_44.956;33.0;33.0;Libournais;BLAYAIS;NEAC;2026-05-03;18.0;123.0;27.8;27.8;27.8;3.0;3.0;3.0;;4.0;;3.0;1.0;2.0;3.0;1.0;1.0;2026-05-02 22:00:00+00:00
44.956;-0.175;-00.175_44.956;33.0;33.0;Libournais;BLAYAIS;NEAC;2026-05-04;19.0;124.0;10.0;10.0;10.0;2.0;2.0;2.0;;2.0;;1.0;3.0;1.0;2.0;1.0;1.0;2026-05-03 22:00:00+00:00
44.956;-0.175;-00.175_44.956;33.0;33.0;Libournais;BLAYAIS;NEAC;2026-05-05;19.0;125.0;5.9;5.9;5.9;1.0;1.0;1.0;;3.0;;1.0;2.0;3.0;1.0;4.0;1.0;2026-05-04 22:00:00+00:00
44.956;-0.175;-00.175_44.956;33.0;33.0;Libournais;BLAYAIS;NEAC;2026-05-06;19.0;126.0;5.5;5.5;5.5;1.0;1.0;1.0;;2.0;;3.0;3.0;1.0;3.0;1.0;1.0;2026-05-05 22:00:00+00:00
44.956;-0.175;-00.175_44.956;33.0;33.0;Libournais;BLAYAIS;NEAC;2026-05-07;19.0;127.0;0.0;0.0;0.0;1.0;1.0;1.0;;2.0;;1.0;2.0;1.0;4.0;1.0;2.0;2026-05-06 22:00:00+00:00
44.956;-0.175;-00.175_44.956;33.0;33.0;Libournais;BLAYAIS;NEAC;2026-05-08;19.0;128.0;0.0;0.0;0.0;1.0;1.0;1.0;;2.0;;2.0;3.0;1.0;1.0;1.0;1.0;2026-05-07 22:00:00+00:00
44.956;-0.175;-00.175_44.956;33.0;33.0;Libournais;BLAYAIS;NEAC;2026-05-09;19.0;129.0;0.0;0.0;0.0;1.0;1.0;1.0;;2.0;;1.0;1.0;2.0;3.0;2.0;3.0;2026-05-08 22:00:00+00:00
44.956;-0.175;-00.175_44.956;33.0;33.0;Libournais;BLAYAIS;NEAC;2026-05-10;19.0;130.0;0.0;0.0;0.0;1.0;1.0;1.0;;2.0;;2.0;1.0;1.0;1.0;1.0;1.0;2026-05-09 22:00:00+00:00
44.956;-0.175;-00.175_44.956;33.0;33.0;Libournais;BLAYAIS;NEAC;2026-05-11;20.0;131.0;0.1;0.1;0.1;1.0;1.0;1.0;;2.0;;2.0;1.0;3.0;2.0;1.0;3.0;2026-05-10 22:00:00+00:00
44.956;-0.175;-00.175_44.956;33.0;33.0;Libournais;BLAYAIS;NEAC;2026-05-12;20.0;132.0;0.0;0.0;0.0;1.0;1.0;1.0;;2.0;;1.0;2.0;1.0;2.0;1.0;2.0;2026-05-11 22:00:00+00:00
44.956;-0.175;-00.175_44.956;33.0;33.0;Libournais;BLAYAIS;NEAC;2026-05-13;20.0;133.0;0.3;0.3;0.3;1.0;1.0;1.0;;2.0;;2.0;1.0;3.0;2.0;1.0;3.0;2026-05-12 22:00:00+00:00
44.956;-0.175;-00.175_44.956;33.0;33.0;Libournais;BLAYAIS;NEAC;2026-05-14;20.0;134.0;14.1;14.1;14.1;1.0;1.0;1.0;;3.0;;1.0;1.0;1.0;2.0;1.0;1.0;2026-05-13 22:00:00+00:00
44.956;-0.175;-00.175_44.956;33.0;33.0;Libournais;BLAYAIS;NEAC;2026-05-15;20.0;135.0;2.1;2.1;2.1;1.0;1.0;1.0;;3.0;;3.0;3.0;2.0;1.0;1.0;2.0;2026-05-14 22:00:00+00:00
44.956;-0.175;-00.175_44.956;33.0;33.0;Libournais;BLAYAIS;NEAC;2026-05-16;20.0;136.0;0.1;0.1;0.1;1.0;1.0;1.0;;3.0;;1.0;1.0;1.0;3.0;2.0;2.0;2026-05-15 22:00:00+00:00
44.956;-0.175;-00.175_44.956;33.0;33.0;Libournais;BLAYAIS;NEAC;2026-05-17;20.0;137.0;2.0;2.0;2.0;1.0;1.0;1.0;;3.0;;2.0;1.0;2.0;1.0;1.0;1.0;2026-05-16 22:00:00+00:00
44.956;-0.175;-00.175_44.956;33.0;33.0;Libournais;BLAYAIS;NEAC;2026-05-18;21.0;138.0;0.0;0.0;0.0;1.0;1.0;1.0;;3.0;;1.0;1.0;3.0;1.0;2.0;1.0;2026-05-17 22:00:00+00:00
44.956;-0.175;-00.175_44.956;33.0;33.0;Libournais;BLAYAIS;NEAC;2026-05-19;21.0;139.0;1.0;1.0;1.0;1.0;1.0;1.0;;3.0;;1.0;1.0;1.0;1.0;1.0;2.0;2026-05-18 22:00:00+00:00
44.956;-0.175;-00.175_44.956;33.0;33.0;Libournais;BLAYAIS;NEAC;2026-05-20;21.0;140.0;0.0;0.0;0.0;1.0;1.0;1.0;;3.0;;1.0;3.0;2.0;3.0;3.0;2.0;2026-05-19 22:00:00+00:00
44.956;-0.175;-00.175_44.956;33.0;33.0;Libournais;BLAYAIS;NEAC;2026-05-21;21.0;141.0;0.0;0.0;0.0;1.0;1.0;1.0;;3.0;;3.0;2.0;2.0;2.0;1.0;3.0;2026-05-20 22:00:00+00:00
44.956;-0.175;-00.175_44.956;33.0;33.0;Libournais;BLAYAIS;NEAC;2026-05-22;21.0;142.0;0.0;0.0;0.0;1.0;1.0;1.0;;3.0;;1.0;1.0;1.0;2.0;1.0;2.0;2026-05-21 22:00:00+00:00
44.956;-0.175;-00.175_44.956;33.0;33.0;Libournais;BLAYAIS;NEAC;2026-05-23;21.0;143.0;0.0;0.0;0.0;1.0;1.0;1.0;;3.0;;1.0;1.0;2.0;2.0;2.0;2.0;2026-05-22 22:00:00+00:00
44.956;-0.175;-00.175_44.956;33.0;33.0;Libournais;BLAYAIS;NEAC;2026-05-24;21.0;144.0;0.0;0.0;0.0;1.0;1.0;1.0;;3.0;;2.0;2.0;2.0;3.0;3.0;1.0;2026-05-23 22:00:00+00:00
44.956;-0.175;-00.175_44.956;33.0;33.0;Libournais;BLAYAIS;NEAC;2026-05-25;22.0;145.0;0.0;0.0;0.0;1.0;1.0;1.0;;2.0;;1.0;1.0;2.0;2.0;1.0;1.0;2026-05-24 22:00:00+00:00
44.956;-0.175;-00.175_44.956;33.0;33.0;Libournais;BLAYAIS;NEAC;2026-05-26;22.0;146.0;0.0;0.0;0.0;1.0;1.0;1.0;;2.0;;3.0;2.0;1.0;2.0;1.0;3.0;2026-05-25 22:00:00+00:00
44.956;-0.175;-00.175_44.956;33.0;33.0;Libournais;BLAYAIS;NEAC;2026-05-27;22.0;147.0;0.0;0.0;0.0;1.0;1.0;1.0;;2.0;;3.0;1.0;1.0;2.0;1.0;1.0;2026-05-26 22:00:00+00:00
44.956;-0.175;-00.175_44.956;33.0;33.0;Libournais;BLAYAIS;NEAC;2026-05-28;22.0;148.0;0.0;0.0;0.0;1.0;1.0;1.0;;2.0;;2.0;1.0;2.0;1.0;4.0;1.0;2026-05-27 22:00:00+00:00
44.956;-0.175;-00.175_44.956;33.0;33.0;Libournais;BLAYAIS;NEAC;2026-05-29;22.0;149.0;0.0;0.0;0.0;1.0;1.0;1.0;;2.0;;3.0;1.0;1.0;1.0;1.0;1.0;2026-05-28 22:00:00+00:00
44.956;-0.175;-00.175_44.956;33.0;33.0;Libournais;BLAYAIS;NEAC;2026-05-30;22.0;150.0;0.0;0.0;0.0;1.0;1.0;1.0;;2.0;;4.0;3.0;2.0;1.0;1.0;2.0;2026-05-29 22:00:00+00:00
44.956;-0.175;-00.175_44.956;33.0;33.0;Libournais;BLAYAIS;NEAC;2026-05-31;22.0;151.0;0.4;0.4;0.4;1.0;1.0;1.0;2.0;2.0;2.0;1.0;1.0;3.0;1.0;3.0;3.0;2026-05-30 22:00:00+00:00
44.956;-0.175;-00.175_44.956;33.0;33.0;Libournais;BLAYAIS;NEAC;2026-06-01;23.0;152.0;0.0;0.0;0.0;1.0;1.0;1.0;2.0;2.0;2.0;4.0;1.0;2.0;2.0;1.0;1.0;2026-05-31 22:00:00+00:00
44.956;-0.175;-00.175_44.956;33.0;33.0;Libournais;BLAYAIS;NEAC;2026-06-02;23.0;153.0;6.0;6.0;6.0;1.0;1.0;1.0;2.0;2.0;2.0;2.0;1.0;1.0;1.0;1.0;1.0;2026-06-01 22:00:00+00:00
44.956;-0.175;-00.175_44.956;33.0;33.0;Libournais;BLAYAIS;NEAC;2026-06-03;23.0;154.0;0.3;0.3;0.3;1.0;1.0;1.0;2.0;2.0;2.0;2.0;3.0;1.0;3.0;2.0;1.0;2026-06-02 22:00:00+00:00
44.956;-0.175;-00.175_44.956;33.0;33.0;Libournais;BLAYAIS;NEAC;2026-06-04;23.0;155.0;2.8;2.8;2.8;1.0;1.0;1.0;2.0;2.0;2.0;1.0;1.0;1.0;2.0;1.0;3.0;2026-06-03 22:00:00+00:00
44.956;-0.175;-00.175_44.956;33.0;33.0;Libournais;BLAYAIS;NEAC;2026-06-05;23.0;156.0;0.0;0.0;0.0;1.0;1.0;1.0;2.0;2.0;2.0;2.0;1.0;1.0;2.0;1.0;1.0;2026-06-04 22:00:00+00:00
44.956;-0.175;-00.175_44.956;33.0;33.0;Libournais;BLAYAIS;NEAC;2026-06-06;23.0;157.0;0.0;0.0;0.0;1.0;1.0;1.0;2.0;2.0;2.0;3.0;1.0;1.0;2.0;1.0;1.0;2026-06-05 22:00:00+00:00
44.956;-0.175;-00.175_44.956;33.0;33.0;Libournais;BLAYAIS;NEAC;2026-06-07;23.0;158.0;0.0;0.0;0.0;1.0;1.0;1.0;2.0;2.0;2.0;1.0;2.0;3.0;2.0;3.0;1.0;2026-06-06 22:00:00+00:00
44.956;-0.175;-00.175_44.956;33.0;33.0;Libournais;BLAYAIS;NEAC;2026-06-08;24.0;159.0;10.2;10.2;10.2;1.0;1.0;1.0;2.0;2.0;2.0;1.0;2.0;3.0;4.0;1.0;1.0;2026-06-07 22:00:00+00:00
44.956;-0.175;-00.175_44.956;33.0;33.0;Libournais;BLAYAIS;NEAC;2026-06-09;24.0;160.0;0.2;0.2;0.2;1.0;1.0;1.0;2.0;2.0;2.0;1.0;1.0;1.0;1.0;1.0;1.0;2026-06-08 22:00:00+00:00
44.956;-0.175;-00.175_44.956;33.0;33.0;Libournais;BLAYAIS;NEAC;2026-06-10;24.0;161.0;0.3;0.3;0.3;1.0;1.0;1.0;2.0;2.0;2.0;1.0;2.0;1.0;1.0;2.0;1.0;2026-06-09 22:00:00+00:00
44.956;-0.175;-00.175_44.956;33.0;33.0;Libournais;BLAYAIS;NEAC;2026-06-11;24.0;162.0;0.0;0.0;0.0;1.0;1.0;1.0;2.0;2.0;2.0;1.0;3.0;1.0;3.0;1.0;2.0;2026-06-10 22:00:00+00:00
44.956;-0.175;-00.175_44.956;33.0;33.0;Libournais;BLAYAIS;NEAC;2026-06-12;24.0;163.0;0.0;0.0;0.0;1.0;1.0;1.0;2.0;2.0;2.0;3.0;1.0;1.0;1.0;3.0;2.0;2026-06-11 22:00:00+00:00
44.956;-0.175;-00.175_44.956;33.0;33.0;Libournais;BLAYAIS;NEAC;2026-06-13;24.0;164.0;0.0;0.0;0.0;1.0;1.0;1.0;2.0;2.0;2.0;3.0;1.0;3.0;2.0;3.0;1.0;2026-06-12 22:00:00+00:00
44.956;-0.175;-00.175_44.956;33.0;33.0;Libournais;BLAYAIS;NEAC;2026-06-14;24.0;165.0;0.0;0.0;0.0;1.0;1.0;1.0;2.0;2.0;2.0;2.0;4.0;4.0;2.0;4.0;3.0;2026-06-13 22:00:00+00:00
44.956;-0.175;-00.175_44.956;33.0;33.0;Libournais;BLAYAIS;NEAC;2026-06-15;25.0;166.0;0.0;0.0;0.0;1.0;1.0;1.0;2.0;2.0;2.0;3.0;1.0;1.0;3.0;2.0;2.0;2026-06-14 22:00:00+00:00
44.956;-0.175;-00.175_44.956;33.0;33.0;Libournais;BLAYAIS;NEAC;2026-06-16;25.0;167.0;0.0;0.0;0.0;1.0;1.0;1.0;2.0;2.0;2.0;1.0;3.0;1.0;1.0;1.0;1.0;2026-06-15 22:00:00+00:00
44.956;-0.175;-00.175_44.956;33.0;33.0;Libournais;BLAYAIS;NEAC;2026-06-17;25.0;168.0;0.0;0.0;0.0;1.0;1.0;1.0;2.0;2.0;2.0;2.0;2.0;3.0;1.0;2.0;2.0;2026-06-16 22:00:00+00:00
44.956;-0.175;-00.175_44.956;33.0;33.0;Libournais;BLAYAIS;NEAC;2026-06-18;25.0;169.0;0.0;0.0;0.0;1.0;1.0;1.0;2.0;2.0;2.0;1.0;1.0;1.0;4.0;1.0;1.0;2026-06-17 22:00:00+00:00
44.956;-0.175;-00.175_44.956;33.0;33.0;Libournais;BLAYAIS;NEAC;2026-06-19;25.0;170.0;0.0;0.0;0.0;1.0;1.0;1.0;2.0;2.0;2.0;2.0;1.0;1.0;1.0;1.0;1.0;2026-06-18 22:00:00+00:00
44.956;-0.175;-00.175_44.956;33.0;33.0;Libournais;BLAYAIS;NEAC;2026-06-20;25.0;171.0;1.4;1.4;1.4;1.0;1.0;1.0;2.0;2.0;2.0;4.0;1.0;4.0;1.0;2.0;3.0;2026-06-19 22:00:00+00:00
44.956;-0.175;-00.175_44.956;33.0;33.0;Libournais;BLAYAIS;NEAC;2026-06-21;25.0;172.0;0.0;0.0;0.0;1.0;1.0;1.0;2.0;2.0;2.0;1.0;2.0;1.0;2.0;2.0;2.0;2026-06-20 22:00:00+00:00
44.956;-0.175;-00.175_44.956;33.0;33.0;Libournais;BLAYAIS;NEAC;2026-06-22;26.0;173.0;0.0;0.0;0.0;1.0;1.0;1.0;2.0;2.0;2.0;2.0;3.0;1.0;3.0;1.0;2.0;2026-06-21 22:00:00+00:00
44.956;-0.175;-00.175_44.956;33.0;33.0;Libournais;BLAYAIS;NEAC;2026-06-23;26.0;174.0;0.0;0.0;0.0;1.0;1.0;1.0;2.0;2.0;2.0;1.0;2.0;1.0;2.0;2.0;1.0;2026-06-22 22:00:00+00:00
44.956;-0.175;-00.175_44.956;33.0;33.0;Libournais;BLAYAIS;NEAC;2026-06-24;26.0;175.0;0.0;0.0;0.0;1.0;1.0;1.0;2.0;2.0;2.0;1.0;1.0;2.0;2.0;3.0;2.0;2026-06-23 22:00:00+00:00
44.956;-0.175;-00.175_44.956;33.0;33.0;Libournais;BLAYAIS;NEAC;2026-06-25;26.0;176.0;0.0;0.0;0.0;1.0;1.0;1.0;2.0;2.0;2.0;1.0;3.0;1.0;2.0;4.0;1.0;2026-06-24 22:00:00+00:00
44.956;-0.175;-00.175_44.956;33.0;33.0;Libournais;BLAYAIS;NEAC;2026-06-26;26.0;177.0;0.0;0.0;0.0;1.0;1.0;1.0;1.0;1.0;1.0;1.0;1.0;1.0;1.0;3.0;2.0;2026-06-25 22:00:00+00:00
44.956;-0.175;-00.175_44.956;33.0;33.0;Libournais;BLAYAIS;NEAC;2026-06-27;26.0;178.0;1.1;1.1;1.1;1.0;1.0;1.0;1.0;1.0;1.0;2.0;1.0;1.0;2.0;2.0;1.0;2026-06-26 22:00:00+00:00
44.956;-0.175;-00.175_44.956;33.0;33.0;Libournais;BLAYAIS;NEAC;2026-06-28;26.0;179.0;12.3;12.3;12.3;1.0;1.0;1.0;1.0;1.0;1.0;2.0;1.0;1.0;1.0;3.0;1.0;2026-06-27 22:00:00+00:00
44.956;-0.175;-00.175_44.956;33.0;33.0;Libournais;BLAYAIS;NEAC;2026-06-29;27.0;180.0;0.1;0.1;0.1;1.0;1.0;1.0;2.0;2.0;2.0;3.0;1.0;1.0;2.0;3.0;1.0;2026-06-28 22:00:00+00:00
44.956;-0.175;-00.175_44.956;33.0;33.0;Libournais;BLAYAIS;NEAC;2026-06-30;27.0;181.0;0.0;0.0;0.0;1.0;1.0;1.0;2.0;2.0;2.0;2.0;2.0;4.0;1.0;1.0;1.0;2026-06-29 22:00:00+00:00
44.956;-0.175;-00.175_44.956;33.0;33.0;Libournais;BLAYAIS;NEAC;2026-07-01;27.0;182.0;0.0;0.0;0.0;1.0;1.0;1.0;2.0;2.0;2.0;3.0;2.0;2.0;1.0;3.0;1.0;2026-06-30 22:00:00+00:00
44.956;-0.175;-00.175_44.956;33.0;33.0;Libournais;BLAYAIS;NEAC;2026-07-02;27.0;183.0;0.0;0.0;0.0;1.0;1.0;1.0;2.0;2.0;2.0;1.0;3.0;2.0;2.0;1.0;2.0;2026-07-01 22:00:00+00:00
44.956;-0.175;-00.175_44.956;33.0;33.0;Libournais;BLAYAIS;NEAC;2026-07-03;27.0;184.0;0.0;0.0;0.0;1.0;1.0;1.0;2.0;2.0;2.0;2.0;2.0;1.0;3.0;2.0;1.0;2026-07-02 22:00:00+00:00
44.956;-0.175;-00.175_44.956;33.0;33.0;Libournais;BLAYAIS;NEAC;2026-07-04;27.0;185.0;0.0;0.0;0.0;1.0;1.0;1.0;2.0;2.0;2.0;1.0;2.0;2.0;2.0;3.0;1.0;2026-07-03 22:00:00+00:00
44.956;-0.175;-00.175_44.956;33.0;33.0;Libournais;BLAYAIS;NEAC;2026-07-05;27.0;186.0;0.0;0.0;0.0;1.0;1.0;1.0;2.0;2.0;2.0;1.0;1.0;1.0;4.0;2.0;2.0;2026-07-04 22:00:00+00:00
44.956;-0.175;-00.175_44.956;33.0;33.0;Libournais;BLAYAIS;NEAC;2026-07-06;28.0;187.0;0.0;0.0;0.0;1.0;1.0;1.0;2.0;2.0;2.0;1.0;1.0;3.0;4.0;4.0;3.0;2026-07-05 22:00:00+00:00
44.956;-0.175;-00.175_44.956;33.0;33.0;Libournais;BLAYAIS;NEAC;2026-07-07;28.0;188.0;0.0;0.0;0.0;1.0;1.0;1.0;2.0;2.0;2.0;3.0;2.0;2.0;2.0;4.0;2.0;2026-07-06 22:00:00+00:00
44.956;-0.175;-00.175_44.956;33.0;33.0;Libournais;BLAYAIS;NEAC;2026-07-08;28.0;189.0;0.0;0.0;0.0;1.0;1.0;1.0;2.0;2.0;2.0;1.0;1.0;2.0;2.0;1.0;2.0;2026-07-07 22:00:00+00:00
44.956;-0.175;-00.175_44.956;33.0;33.0;Libournais;BLAYAIS;NEAC;2026-07-09;28.0;190.0;0.0;0.0;0.0;1.0;1.0;1.0;2.0;2.0;2.0;1.0;1.0;3.0;1.0;1.0;2.0;2026-07-08 22:00:00+00:00
44.956;-0.175;-00.175_44.956;33.0;33.0;Libournais;BLAYAIS;NEAC;2026-07-10;28.0;191.0;17.1;17.1;17.1;1.0;1.0;1.0;2.0;2.0;2.0;1.0;1.0;2.0;2.0;4.0;1.0;2026-07-09 22:00:00+00:00
44.956;-0.175;-00.175_44.956;33.0;33.0;Libournais;BLAYAIS;NEAC;2026-07-11;28.0;192.0;0.8;0.8;0.8;1.0;1.0;1.0;3.0;3.0;3.0;1.0;3.0;2.0;1.0;1.0;2.0;2026-07-10 22:00:00+00:00
44.956;-0.175;-00.175_44.956;33.0;33.0;Libournais;BLAYAIS;NEAC;2026-07-12;28.0;193.0;0.0;0.0;0.0;1.0;1.0;1.0;4.0;4.0;4.0;1.0;3.0;3.0;3.0;1.0;3.0;2026-07-11 22:00:00+00:00
44.956;-0.175;-00.175_44.956;33.0;33.0;Libournais;BLAYAIS;NEAC;2026-07-13;29.0;194.0;0.0;0.0;0.0;1.0;1.0;1.0;4.0;4.0;4.0;3.0;3.0;1.0;4.0;1.0;1.0;2026-07-12 22:00:00+00:00
44.956;-0.175;-00.175_44.956;33.0;33.0;Libournais;BLAYAIS;NEAC;2026-07-14;29.0;195.0;0.0;0.0;0.0;1.0;1.0;1.0;4.0;4.0;4.0;2.0;2.0;1.0;1.0;1.0;1.0;2026-07-13 22:00:00+00:00
44.956;-0.175;-00.175_44.956;33.0;33.0;Libournais;BLAYAIS;NEAC;2026-07-15;29.0;196.0;0.0;0.0;0.0;1.0;1.0;1.0;4.0;4.0;4.0;2.0;2.0;1.0;1.0;3.0;2.0;2026-07-14 22:00:00+00:00
44.956;-0.175;-00.175_44.956;33.0;33.0;Libournais;BLAYAIS;NEAC;2026-07-16;29.0;197.0;0.1;0.1;0.1;1.0;1.0;1.0;4.0;4.0;4.0;2.0;1.0;3.0;1.0;3.0;2.0;2026-07-15 22:00:00+00:00
44.956;-0.175;-00.175_44.956;33.0;33.0;Libournais;BLAYAIS;NEAC;2026-07-17;29.0;198.0;0.0;0.0;0.0;1.0;1.0;1.0;4.0;4.0;4.0;1.0;1.0;1.0;1.0;1.0;1.0;2026-07-16 22:00:00+00:00
44.956;-0.175;-00.175_44.956;33.0;33.0;Libournais;BLAYAIS;NEAC;2026-07-18;29.0;199.0;0.0;0.0;0.0;1.0;1.0;1.0;4.0;4.0;4.0;1.0;1.0;2.0;2.0;2.0;1.0;2026-07-17 22:00:00+00:00
44.956;-0.175;-00.175_44.956;33.0;33.0;Libournais;BLAYAIS;NEAC;2026-07-19;29.0;200.0;0.0;0.0;0.0;1.0;1.0;1.0;4.0;4.0;4.0;4.0;1.0;2.0;1.0;2.0;1.0;2026-07-18 22:00:00+00:00
44.956;-0.175;-00.175_44.956;33.0;33.0;Libournais;BLAYAIS;NEAC;2026-07-20;30.0;201.0;0.0;0.0;0.0;1.0;1.0;1.0;4.0;4.0;4.0;1.0;2.0;2.0;3.0;2.0;2.0;2026-07-19 22:00:00+00:00
44.956;-0.175;-00.175_44.956;33.0;33.0;Libournais;BLAYAIS;NEAC;2026-07-21;30.0;202.0;0.0;0.0;0.0;1.0;1.0;1.0;4.0;4.0;4.0;1.0;1.0;1.0;2.0;1.0;3.0;2026-07-20 22:00:00+00:00
44.956;-0.175;-00.175_44.956;33.0;33.0;Libournais;BLAYAIS;NEAC;2026-07-22;30.0;203.0;0.0;0.0;0.0;1.0;1.0;1.0;4.0;4.0;4.0;2.0;2.0;1.0;1.0;1.0;3.0;2026-07-21 22:00:00+00:00
44.956;-0.175;-00.175_44.956;33.0;33.0;Libournais;BLAYAIS;NEAC;2026-07-23;30.0;204.0;0.0;0.0;0.0;1.0;1.0;1.0;4.0;4.0;4.0;3.0;2.0;1.0;1.0;1.0;1.0;2026-07-22 22:00:00+00:00
44.956;-0.175;-00.175_44.956;33.0;33.0;Libournais;BLAYAIS;NEAC;2026-07-24;30.0;205.0;3.4;3.4;3.4;1.0;1.0;1.0;4.0;4.0;4.0;1.0;1.0;2.0;1.0;1.0;1.0;2026-07-23 22:00:00+00:00
44.956;-0.175;-00.175_44.956;33.0;33.0;Libournais;BLAYAIS;NEAC;2026-07-25;30.0;206.0;2.2;2.2;2.2;1.0;1.0;1.0;4.0;4.0;4.0;1.0;2.0;2.0;1.0;4.0;3.0;2026-07-24 22:00:00+00:00
44.956;-0.175;-00.175_44.956;33.0;33.0;Libournais;BLAYAIS;NEAC;2026-07-26;30.0;207.0;0.4;0.4;0.4;1.0;1.0;1.0;4.0;4.0;4.0;1.0;3.0;1.0;3.0;1.0;2.0;2026-07-25 22:00:00+00:00
44.956;-0.175;-00.175_44.956;33.0;33.0;Libournais;BLAYAIS;NEAC;2026-07-27;31.0;208.0;0.9;0.9;0.9;1.0;1.0;1.0;4.0;4.0;4.0;1.0;4.0;2.0;2.0;3.0;2.0;2026-07-26 22:00:00+00:00
44.956;-0.175;-00.175_44.956;33.0;33.0;Libournais;BLAYAIS;NEAC;2026-07-28;31.0;209.0;0.0;0.0;0.0;1.0;1.0;1.0;4.0;4.0;4.0;1.0;2.0;2.0;2.0;1.0;1.0;2026-07-27 22:00:00+00:00
44.956;-0.175;-00.175_44.956;33.0;33.0;Libournais;BLAYAIS;NEAC;2026-07-29;31.0;210.0;0.0;0.0;0.0;1.0;1.0;1.0;4.0;4.0;4.0;1.0;2.0;3.0;1.0;2.0;3.0;2026-07-28 22:00:00+00:00
44.956;-0.175;-00.175_44.956;33.0;33.0;Libournais;BLAYAIS;NEAC;2026-07-30;31.0;211.0;0.4;0.4;0.4;1.0;1.0;1.0;4.0;4.0;4.0;1.0;1.0;2.0;3.0;1.0;1.0;2026-07-29 22:00:00+00:00
44.956;-0.175;-00.175_44.956;33.0;33.0;Libournais;BLAYAIS;NEAC;2026-07-31;31.0;212.0;0.2;0.2;0.2;1.0;1.0;1.0;4.0;4.0;4.0;4.0;1.0;1.0;2.0;2.0;2.0;2026-07-30 22:00:00+00:00
44.956;-0.175;-00.175_44.956;33.0;33.0;Libournais;BLAYAIS;NEAC;2026-08-01;31.0;213.0;0.0;0.0;0.0;1.0;1.0;1.0;4.0;4.0;4.0;2.0;2.0;1.0;1.0;1.0;2.0;2026-07-31 22:00:00+00:00
44.956;-0.175;-00.175_44.956;33.0;33.0;Libournais;BLAYAIS;NEAC;2026-08-02;31.0;214.0;0.2;0.2;0.2;1.0;1.0;1.0;4.0;4.0;4.0;4.0;1.0;2.0;3.0;3.0;1.0;2026-08-01 22:00:00+00:00
44.956;-0.175;-00.175_44.956;33.0;33.0;Libournais;BLAYAIS;NEAC;2026-08-03;32.0;215.0;0.1;0.1;0.1;1.0;1.0;1.0;4.0;4.0;4.0;1.0;2.0;2.0;3.0;1.0;2.0;2026-08-02 22:00:00+00:00
44.956;-0.175;-00.175_44.956;33.0;33.0;Libournais;BLAYAIS;NEAC;2026-08-04;32.0;216.0;0.0;0.0;0.0;1.0;1.0;1.0;4.0;4.0;4.0;1.0;2.0;1.0;2.0;2.0;2.0;2026-08-03 22:00:00+00:00
44.956;-0.175;-00.175_44.956;33.0;33.0;Libournais;BLAYAIS;NEAC;2026-08-05;32.0;217.0;0.0;0.0;0.0;1.0;1.0;1.0;4.0;4.0;4.0;3.0;1.0;1.0;1.0;2.0;3.0;2026-08-04 22:00:00+00:00
44.956;-0.175;-00.175_44.956;33.0;33.0;Libournais;BLAYAIS;NEAC;2026-08-06;32.0;218.0;0.0;0.0;0.0;1.0;1.0;1.0;4.0;4.0;4.0;3.0;3.0;1.0;2.0;3.0;3.0;2026-08-05 22:00:00+00:00
44.956;-0.175;-00.175_44.956;33.0;33.0;Libournais;BLAYAIS;NEAC;2026-08-07;32.0;219.0;0.0;0.0;0.0;1.0;1.0;1.0;4.0;4.0;4.0;2.0;2.0;1.0;3.0;1.0;1.0;2026-08-06 22:00:00+00:00
44.956;-0.175;-00.175_44.956;33.0;33.0;Libournais;BLAYAIS;NEAC;2026-08-08;32.0;220.0;17.0;17.0;17.0;1.0;1.0;1.0;4.0;4.0;4.0;2.0;2.0;1.0;1.0;1.0;1.0;2026-08-07 22:00:00+00:00
44.956;-0.175;-00.175_44.956;33.0;33.0;Libournais;BLAYAIS;NEAC;2026-08-09;32.0;221.0;2.7;2.7;2.7;1.0;1.0;1.0;4.0;4.0;4.0;2.0;2.0;1.0;3.0;1.0;2.0;2026-08-08 22:00:00+00:00
44.956;-0.175;-00.175_44.956;33.0;33.0;Libournais;BLAYAIS;NEAC;2026-08-10;33.0;222.0;1.4;1.4;1.4;1.0;1.0;1.0;4.0;4.0;4.0;3.0;4.0;1.0;2.0;2.0;3.0;2026-08-09 22:00:00+00:00
44.956;-0.175;-00.175_44.956;33.0;33.0;Libournais;BLAYAIS;NEAC;2026-08-11;33.0;223.0;0.0;0.0;0.0;1.0;1.0;1.0;4.0;4.0;4.0;3.0;1.0;1.0;3.0;3.0;3.0;2026-08-10 22:00:00+00:00
44.956;-0.175;-00.175_44.956;33.0;33.0;Libournais;BLAYAIS;NEAC;2026-08-12;33.0;224.0;0.0;0.0;0.0;1.0;1.0;1.0;4.0;4.0;4.0;1.0;1.0;1.0;1.0;2.0;4.0;2026-08-11 22:00:00+00:00
44.956;-0.175;-00.175_44.956;33.0;33.0;Libournais;BLAYAIS;NEAC;2026-08-13;33.0;225.0;0.0;0.0;0.0;1.0;1.0;1.0;4.0;4.0;4.0;1.0;4.0;2.0;3.0;2.0;1.0;2026-08-12 22:00:00+00:00
44.956;-0.175;-00.175_44.956;33.0;33.0;Libournais;BLAYAIS;NEAC;2026-08-14;33.0;226.0;1.8;1.8;1.8;1.0;1.0;1.0;4.0;4.0;4.0;2.0;2.0;1.0;1.0;2.0;2.0;2026-08-13 22:00:00+00:00
44.956;-0.175;-00.175_44.956;33.0;33.0;Libournais;BLAYAIS;NEAC;2026-08-15;33.0;227.0;4.0;4.0;4.0;1.0;1.0;1.0;4.0;4.0;4.0;1.0;3.0;2.0;2.0;2.0;2.0;2026-08-14 22:00:00+00:00
44.956;-0.175;-00.175_44.956;33.0;33.0;Libournais;BLAYAIS;NEAC;2026-08-16;33.0;228.0;0.3;0.3;0.3;1.0;1.0;1.0;4.0;4.0;4.0;1.0;1.0;1.0;2.0;1.0;2.0;2026-08-15 22:00:00+00:00
44.956;-0.175;-00.175_44.956;33.0;33.0;Libournais;BLAYAIS;NEAC;2026-08-17;34.0;229.0;0.0;0.0;0.0;1.0;1.0;1.0;4.0;4.0;4.0;1.0;3.0;2.0;2.0;2.0;2.0;2026-08-16 22:00:00+00:00
44.956;-0.175;-00.175_44.956;33.0;33.0;Libournais;BLAYAIS;NEAC;2026-08-18;34.0;230.0;0.0;0.0;0.0;1.0;1.0;1.0;4.0;4.0;4.0;1.0;2.0;2.0;1.0;3.0;1.0;2026-08-17 22:00:00+00:00
44.956;-0.175;-00.175_44.956;33.0;33.0;Libournais;BLAYAIS;NEAC;2026-08-19;34.0;231.0;0.0;0.0;0.0;1.0;1.0;1.0;4.0;4.0;4.0;1.0;3.0;1.0;1.0;1.0;1.0;2026-08-18 22:00:00+00:00
44.956;-0.175;-00.175_44.956;33.0;33.0;Libournais;BLAYAIS;NEAC;2026-08-20;34.0;232.0;0.0;0.0;0.0;1.0;1.0;1.0;4.0;4.0;4.0;2.0;1.0;1.0;1.0;3.0;3.0;2026-08-19 22:00:00+00:00
44.956;-0.175;-00.175_44.956;33.0;33.0;Libournais;BLAYAIS;NEAC;2026-08-21;34.0;233.0;10.9;10.9;10.9;1.0;1.0;1.0;4.0;4.0;4.0;1.0;1.0;3.0;2.0;2.0;2.0;2026-08-20 22:00:00+00:00
44.956;-0.175;-00.175_44.956;33.0;33.0;Libournais;BLAYAIS;NEAC;2026-08-22;34.0;234.0;0.0;0.0;0.0;1.0;1.0;1.0;4.0;4.0;4.0;1.0;1.0;1.0;1.0;2.0;3.0;2026-08-21 22:00:00+00:00
44.956;-0.175;-00.175_44.956;33.0;33.0;Libournais;BLAYAIS;NEAC;2026-08-23;34.0;235.0;3.1;3.1;3.1;1.0;1.0;1.0;4.0;4.0;4.0;1.0;1.0;2.0;1.0;2.0;1.0;2026-08-22 22:00:00+00:00
44.956;-0.175;-00.175_44.956;33.0;33.0;Libournais;BLAYAIS;NEAC;2026-08-24;35.0;236.0;6.41;6.784;7.979999999999999;1.0;1.0;1.0;4.0;4.0;4.0;3.0;2.0;1.0;1.0;3.0;1.0;2026-08-23 22:00:00+00:00
44.956;-0.175;-00.175_44.956;33.0;33.0;Libournais;BLAYAIS;NEAC;2026-08-25;35.0;237.0;1.082;2.065;5.211;1.0;1.0;1.0;4.0;4.0;4.0;1.0;1.0;1.0;1.0;2.0;2.0;2026-08-24 22:00:00+00:00
44.956;-0.175;-00.175_44.956;33.0;33.0;Libournais;BLAYAIS;NEAC;2026-08-26;35.0;238.0;1.674;3.25;8.176;1.0;1.0;1.0;4.0;4.0;4.0;2.0;3.0;2.0;1.0;1.0;1.0;2026-08-25 22:00:00+00:00
44.956;-0.175;-00.175_44.956;33.0;33.0;Libournais;BLAYAIS;NEAC;2026-08-27;35.0;239.0;0.914;1.824;4.562;1.0;1.0;1.0;4.0;4.0;4.0;4.0;2.0;2.0;2.0;2.0;1.0;2026-08-26 22:00:00+00:00
44.956;-0.175;-00.175_44.956;33.0;33.0;Libournais;BLAYAIS;NEAC;2026-08-28;35.0;240.0;0.096;0.096;0.288;1.0;1.0;1.0;4.0;4.0;4.0;1.0;1.0;3.0;2.0;3.0;2.0;2026-08-27 22:00:00+00:00
44.956;-0.175;-00.175_44.956;33.0;33.0;Libournais;BLAYAIS;NEAC;2026-08-29;35.0;241.0;0.1109999999999999;0.2189999999999999;0.5489999999999999;1.0;1.0;1.0;4.0;4.0;4.0;2.0;1.0;2.0;1.0;3.0;3.0;2026-08-28 22:00:00+00:00
44.956;-0.175;-00.175_44.956;33.0;33.0;Libournais;BLAYAIS;NEAC;2026-08-30;35.0;242.0;0.0;0.0;0.0;1.0;1.0;1.0;4.0;4.0;4.0;4.0;1.0;2.0;1.0;2.0;1.0;2026-08-29 22:00:00+00:00
44.956;-0.175;-00.175_44.956;33.0;33.0;Libournais;BLAYAIS;NEAC;2026-08-31;36.0;243.0;0.204;0.405;0.81;1.0;1.0;1.0;4.0;4.0;4.0;1.0;1.0;1.0;1.0;2.0;2.0;2026-08-30 22:00:00+00:00
44.956;-0.175;-00.175_44.956;33.0;33.0;Libournais;BLAYAIS;NEAC;2026-09-01;36.0;244.0;0.486;0.972;1.944;1.0;1.0;1.0;4.0;4.0;4.0;1.0;1.0;1.0;1.0;1.0;3.0;2026-08-31 22:00:00+00:00
44.956;-0.175;-00.175_44.956;33.0;33.0;Libournais;BLAYAIS;NEAC;2026-09-02;36.0;245.0;0.244;0.483;0.971;1.0;1.0;1.0;4.0;4.0;4.0;1.0;1.0;1.0;3.0;1.0;1.0;2026-09-01 22:00:00+00:00
44.956;-0.175;-00.175_44.956;33.0;33.0;Libournais;BLAYAIS;NEAC;2026-09-03;36.0;246.0;1.781;3.564;7.129;1.0;1.0;1.0;4.0;4.0;4.0;1.0;3.0;2.0;2.0;1.0;2.0;2026-09-02 22:00:00+00:00
44.956;-0.175;-00.175_44.956;33.0;33.0;Libournais;BLAYAIS;NEAC;2026-09-04;36.0;247.0;2.277;4.557;9.114;1.0;1.0;1.0;4.0;4.0;4.0;1.0;1.0;1.0;1.0;1.0;1.0;2026-09-03 22:00:00+00:00
44.956;-0.175;-00.175_44.956;33.0;33.0;Libournais;BLAYAIS;NEAC;2026-09-05;36.0;248.0;1.224;2.451;4.899;1.0;1.0;1.0;4.0;4.0;4.0;1.0;3.0;1.0;3.0;2.0;1.0;2026-09-04 22:00:00+00:00
44.956;-0.175;-00.175_44.956;33.0;33.0;Libournais;BLAYAIS;NEAC;2026-09-06;36.0;249.0;0.0;0.0;0.0;1.0;1.0;1.0;4.0;4.0;4.0;3.0;1.0;1.0;1.0;1.0;1.0;2026-09-05 22:00:00+00:00
44.956;-0.175;-00.175_44.956;33.0;33.0;Libournais;BLAYAIS;NEAC;2026-09-07;37.0;250.0;0.663;1.225;2.447;1.0;1.0;1.0;3.0;4.0;4.0;2.0;2.0;2.0;1.0;1.0;2.0;2026-09-06 22:00:00+00:00
44.536;-0.331;-00.331_44.536;33.0;33.0;Graves-Sauternais;GRAVES;SAUTERNES;2026-01-01;1.0;1.0;0.0;0.0;0.0;1.0;1.0;1.0;;;;4.0;3.0;1.0;1.0;2.0;2.0;2025-12-31 23:00:00+00:00
44.536;-0.331;-00.331_44.536;33.0;33.0;Graves-Sauternais;GRAVES;SAUTERNES;2026-01-02;1.0;2.0;0.0;0.0;0.0;1.0;1.0;1.0;;;;1.0;1.0;1.0;1.0;1.0;1.0;2026-01-01 23:00:00+00:00
44.536;-0.331;-00.331_44.536;33.0;33.0;Graves-Sauternais;GRAVES;SAUTERNES;2026-01-03;1.0;3.0;0.0;0.0;0.0;1.0;1.0;1.0;;;;2.0;3.0;2.0;1.0;1.0;1.0;2026-01-02 23:00:00+00:00
44.536;-0.331;-00.331_44.536;33.0;33.0;Graves-Sauternais;GRAVES;SAUTERNES;2026-01-04;1.0;4.0;0.0;0.0;0.0;1.0;1.0;1.0;;;;2.0;2.0;1.0;1.0;4.0;2.0;2026-01-03 23:00:00+00:00
44.536;-0.331;-00.331_44.536;33.0;33.0;Graves-Sauternais;GRAVES;SAUTERNES;2026-01-05;2.0;5.0;0.0;0.0;0.0;1.0;1.0;1.0;;;;2.0;2.0;1.0;1.0;1.0;3.0;2026-01-04 23:00:00+00:00
44.536;-0.331;-00.331_44.536;33.0;33.0;Graves-Sauternais;GRAVES;SAUTERNES;2026-01-06;2.0;6.0;0.0;0.0;0.0;1.0;1.0;1.0;;;;3.0;1.0;3.0;3.0;3.0;2.0;2026-01-05 23:00:00+00:00
44.536;-0.331;-00.331_44.536;33.0;33.0;Graves-Sauternais;GRAVES;SAUTERNES;2026-01-07;2.0;7.0;2.7;2.7;2.7;1.0;1.0;1.0;;;;3.0;2.0;1.0;1.0;2.0;1.0;2026-01-06 23:00:00+00:00
44.536;-0.331;-00.331_44.536;33.0;33.0;Graves-Sauternais;GRAVES;SAUTERNES;2026-01-08;2.0;8.0;13.9;13.9;13.9;1.0;1.0;1.0;;;;3.0;3.0;3.0;1.0;2.0;1.0;2026-01-07 23:00:00+00:00
44.536;-0.331;-00.331_44.536;33.0;33.0;Graves-Sauternais;GRAVES;SAUTERNES;2026-01-09;2.0;9.0;11.8;11.8;11.8;1.0;1.0;1.0;;;;3.0;2.0;1.0;2.0;2.0;1.0;2026-01-08 23:00:00+00:00
44.536;-0.331;-00.331_44.536;33.0;33.0;Graves-Sauternais;GRAVES;SAUTERNES;2026-01-10;2.0;10.0;11.8;11.8;11.8;1.0;1.0;1.0;;;;1.0;1.0;1.0;1.0;2.0;1.0;2026-01-09 23:00:00+00:00
44.536;-0.331;-00.331_44.536;33.0;33.0;Graves-Sauternais;GRAVES;SAUTERNES;2026-01-11;2.0;11.0;0.1;0.1;0.1;1.0;1.0;1.0;;;;1.0;2.0;2.0;1.0;1.0;1.0;2026-01-10 23:00:00+00:00
44.536;-0.331;-00.331_44.536;33.0;33.0;Graves-Sauternais;GRAVES;SAUTERNES;2026-01-12;3.0;12.0;0.0;0.0;0.0;1.0;1.0;1.0;;;;2.0;2.0;3.0;2.0;1.0;3.0;2026-01-11 23:00:00+00:00
44.536;-0.331;-00.331_44.536;33.0;33.0;Graves-Sauternais;GRAVES;SAUTERNES;2026-01-13;3.0;13.0;0.0;0.0;0.0;1.0;1.0;1.0;;;;1.0;2.0;2.0;3.0;2.0;2.0;2026-01-12 23:00:00+00:00
44.536;-0.331;-00.331_44.536;33.0;33.0;Graves-Sauternais;GRAVES;SAUTERNES;2026-01-14;3.0;14.0;0.1;0.1;0.1;1.0;1.0;1.0;;;;3.0;1.0;3.0;2.0;3.0;2.0;2026-01-13 23:00:00+00:00
44.536;-0.331;-00.331_44.536;33.0;33.0;Graves-Sauternais;GRAVES;SAUTERNES;2026-01-15;3.0;15.0;1.0;1.0;1.0;1.0;1.0;1.0;;;;1.0;2.0;2.0;2.0;2.0;1.0;2026-01-14 23:00:00+00:00
44.536;-0.331;-00.331_44.536;33.0;33.0;Graves-Sauternais;GRAVES;SAUTERNES;2026-01-16;3.0;16.0;2.8;2.8;2.8;1.0;1.0;1.0;;;;2.0;2.0;2.0;3.0;2.0;1.0;2026-01-15 23:00:00+00:00
44.536;-0.331;-00.331_44.536;33.0;33.0;Graves-Sauternais;GRAVES;SAUTERNES;2026-01-17;3.0;17.0;8.2;8.2;8.2;1.0;1.0;1.0;;;;1.0;1.0;3.0;2.0;1.0;3.0;2026-01-16 23:00:00+00:00
44.536;-0.331;-00.331_44.536;33.0;33.0;Graves-Sauternais;GRAVES;SAUTERNES;2026-01-18;3.0;18.0;1.1;1.1;1.1;1.0;1.0;1.0;;;;3.0;3.0;1.0;4.0;2.0;1.0;2026-01-17 23:00:00+00:00
44.536;-0.331;-00.331_44.536;33.0;33.0;Graves-Sauternais;GRAVES;SAUTERNES;2026-01-19;4.0;19.0;0.8;0.8;0.8;1.0;1.0;1.0;;;;2.0;1.0;2.0;1.0;2.0;3.0;2026-01-18 23:00:00+00:00
44.536;-0.331;-00.331_44.536;33.0;33.0;Graves-Sauternais;GRAVES;SAUTERNES;2026-01-20;4.0;20.0;0.0;0.0;0.0;1.0;1.0;1.0;;;;2.0;3.0;1.0;1.0;1.0;2.0;2026-01-19 23:00:00+00:00
44.536;-0.331;-00.331_44.536;33.0;33.0;Graves-Sauternais;GRAVES;SAUTERNES;2026-01-21;4.0;21.0;4.2;4.2;4.2;1.0;1.0;1.0;;;;1.0;1.0;2.0;1.0;2.0;3.0;2026-01-20 23:00:00+00:00
44.536;-0.331;-00.331_44.536;33.0;33.0;Graves-Sauternais;GRAVES;SAUTERNES;2026-01-22;4.0;22.0;3.3000000000000003;3.3000000000000003;3.3000000000000003;1.0;1.0;1.0;;;;1.0;1.0;1.0;2.0;1.0;1.0;2026-01-21 23:00:00+00:00
44.536;-0.331;-00.331_44.536;33.0;33.0;Graves-Sauternais;GRAVES;SAUTERNES;2026-01-23;4.0;23.0;4.4;4.4;4.4;1.0;1.0;1.0;;;;3.0;1.0;1.0;2.0;3.0;1.0;2026-01-22 23:00:00+00:00
44.536;-0.331;-00.331_44.536;33.0;33.0;Graves-Sauternais;GRAVES;SAUTERNES;2026-01-24;4.0;24.0;4.4;4.4;4.4;1.0;1.0;1.0;;;;2.0;2.0;1.0;4.0;3.0;2.0;2026-01-23 23:00:00+00:00
44.536;-0.331;-00.331_44.536;33.0;33.0;Graves-Sauternais;GRAVES;SAUTERNES;2026-01-25;4.0;25.0;20.8;20.8;20.8;1.0;1.0;1.0;;;;4.0;3.0;1.0;1.0;1.0;2.0;2026-01-24 23:00:00+00:00
44.536;-0.331;-00.331_44.536;33.0;33.0;Graves-Sauternais;GRAVES;SAUTERNES;2026-01-26;5.0;26.0;3.3000000000000003;3.3000000000000003;3.3000000000000003;1.0;1.0;1.0;;;;2.0;2.0;1.0;1.0;1.0;1.0;2026-01-25 23:00:00+00:00
44.536;-0.331;-00.331_44.536;33.0;33.0;Graves-Sauternais;GRAVES;SAUTERNES;2026-01-27;5.0;27.0;10.3;10.3;10.3;1.0;1.0;1.0;;;;2.0;3.0;1.0;1.0;1.0;1.0;2026-01-26 23:00:00+00:00
44.536;-0.331;-00.331_44.536;33.0;33.0;Graves-Sauternais;GRAVES;SAUTERNES;2026-01-28;5.0;28.0;4.7;4.7;4.7;1.0;1.0;1.0;;;;1.0;1.0;2.0;1.0;1.0;3.0;2026-01-27 23:00:00+00:00
44.536;-0.331;-00.331_44.536;33.0;33.0;Graves-Sauternais;GRAVES;SAUTERNES;2026-01-29;5.0;29.0;3.4;3.4;3.4;1.0;1.0;1.0;;;;2.0;1.0;1.0;4.0;1.0;1.0;2026-01-28 23:00:00+00:00
44.536;-0.331;-00.331_44.536;33.0;33.0;Graves-Sauternais;GRAVES;SAUTERNES;2026-01-30;5.0;30.0;3.4;3.4;3.4;1.0;1.0;1.0;;;;2.0;2.0;1.0;1.0;1.0;2.0;2026-01-29 23:00:00+00:00
44.536;-0.331;-00.331_44.536;33.0;33.0;Graves-Sauternais;GRAVES;SAUTERNES;2026-01-31;5.0;31.0;11.8;11.8;11.8;1.0;1.0;1.0;;;;1.0;2.0;1.0;1.0;4.0;4.0;2026-01-30 23:00:00+00:00
44.536;-0.331;-00.331_44.536;33.0;33.0;Graves-Sauternais;GRAVES;SAUTERNES;2026-02-01;5.0;32.0;3.9;3.9;3.9;1.0;1.0;1.0;;;;2.0;3.0;1.0;1.0;1.0;3.0;2026-01-31 23:00:00+00:00
44.536;-0.331;-00.331_44.536;33.0;33.0;Graves-Sauternais;GRAVES;SAUTERNES;2026-02-02;6.0;33.0;6.5;6.5;6.5;1.0;1.0;1.0;;;;2.0;1.0;1.0;1.0;1.0;2.0;2026-02-01 23:00:00+00:00
44.536;-0.331;-00.331_44.536;33.0;33.0;Graves-Sauternais;GRAVES;SAUTERNES;2026-02-03;6.0;34.0;1.3;1.3;1.3;1.0;1.0;1.0;;;;1.0;1.0;1.0;4.0;1.0;1.0;2026-02-02 23:00:00+00:00
44.536;-0.331;-00.331_44.536;33.0;33.0;Graves-Sauternais;GRAVES;SAUTERNES;2026-02-04;6.0;35.0;7.1;7.1;7.1;1.0;1.0;1.0;;;;2.0;1.0;1.0;1.0;1.0;3.0;2026-02-03 23:00:00+00:00
44.536;-0.331;-00.331_44.536;33.0;33.0;Graves-Sauternais;GRAVES;SAUTERNES;2026-02-05;6.0;36.0;8.0;8.0;8.0;1.0;1.0;1.0;;;;1.0;2.0;1.0;1.0;2.0;2.0;2026-02-04 23:00:00+00:00
44.536;-0.331;-00.331_44.536;33.0;33.0;Graves-Sauternais;GRAVES;SAUTERNES;2026-02-06;6.0;37.0;2.0;2.0;2.0;1.0;1.0;1.0;;;;2.0;1.0;1.0;1.0;1.0;1.0;2026-02-05 23:00:00+00:00
44.536;-0.331;-00.331_44.536;33.0;33.0;Graves-Sauternais;GRAVES;SAUTERNES;2026-02-07;6.0;38.0;1.9;1.9;1.9;1.0;1.0;1.0;;;;3.0;1.0;2.0;1.0;2.0;1.0;2026-02-06 23:00:00+00:00
44.536;-0.331;-00.331_44.536;33.0;33.0;Graves-Sauternais;GRAVES;SAUTERNES;2026-02-08;6.0;39.0;1.1;1.1;1.1;1.0;1.0;1.0;;;;1.0;1.0;2.0;2.0;1.0;2.0;2026-02-07 23:00:00+00:00
44.536;-0.331;-00.331_44.536;33.0;33.0;Graves-Sauternais;GRAVES;SAUTERNES;2026-02-09;7.0;40.0;6.9;6.9;6.9;1.0;1.0;1.0;;;;1.0;1.0;3.0;1.0;1.0;2.0;2026-02-08 23:00:00+00:00
44.536;-0.331;-00.331_44.536;33.0;33.0;Graves-Sauternais;GRAVES;SAUTERNES;2026-02-10;7.0;41.0;25.0;25.0;25.0;1.0;1.0;1.0;;;;1.0;2.0;3.0;1.0;1.0;1.0;2026-02-09 23:00:00+00:00
44.536;-0.331;-00.331_44.536;33.0;33.0;Graves-Sauternais;GRAVES;SAUTERNES;2026-02-11;7.0;42.0;12.0;12.0;12.0;1.0;1.0;1.0;;;;2.0;2.0;1.0;4.0;3.0;3.0;2026-02-10 23:00:00+00:00
44.536;-0.331;-00.331_44.536;33.0;33.0;Graves-Sauternais;GRAVES;SAUTERNES;2026-02-12;7.0;43.0;20.1;20.1;20.1;1.0;1.0;1.0;;;;1.0;1.0;1.0;1.0;2.0;2.0;2026-02-11 23:00:00+00:00
44.536;-0.331;-00.331_44.536;33.0;33.0;Graves-Sauternais;GRAVES;SAUTERNES;2026-02-13;7.0;44.0;2.7;2.7;2.7;1.0;1.0;1.0;;;;2.0;2.0;3.0;2.0;2.0;1.0;2026-02-12 23:00:00+00:00
44.536;-0.331;-00.331_44.536;33.0;33.0;Graves-Sauternais;GRAVES;SAUTERNES;2026-02-14;7.0;45.0;2.6;2.6;2.6;1.0;1.0;1.0;;;;4.0;2.0;1.0;1.0;3.0;2.0;2026-02-13 23:00:00+00:00
44.536;-0.331;-00.331_44.536;33.0;33.0;Graves-Sauternais;GRAVES;SAUTERNES;2026-02-15;7.0;46.0;13.9;13.9;13.9;1.0;1.0;1.0;;;;2.0;1.0;3.0;1.0;1.0;1.0;2026-02-14 23:00:00+00:00
44.536;-0.331;-00.331_44.536;33.0;33.0;Graves-Sauternais;GRAVES;SAUTERNES;2026-02-16;8.0;47.0;8.700000000000001;8.700000000000001;8.700000000000001;1.0;1.0;1.0;;;;1.0;1.0;1.0;3.0;3.0;3.0;2026-02-15 23:00:00+00:00
44.536;-0.331;-00.331_44.536;33.0;33.0;Graves-Sauternais;GRAVES;SAUTERNES;2026-02-17;8.0;48.0;2.1;2.1;2.1;1.0;1.0;1.0;;;;2.0;1.0;1.0;2.0;3.0;1.0;2026-02-16 23:00:00+00:00
44.536;-0.331;-00.331_44.536;33.0;33.0;Graves-Sauternais;GRAVES;SAUTERNES;2026-02-18;8.0;49.0;5.6;5.6;5.6;1.0;1.0;1.0;;;;2.0;2.0;2.0;1.0;2.0;2.0;2026-02-17 23:00:00+00:00
44.536;-0.331;-00.331_44.536;33.0;33.0;Graves-Sauternais;GRAVES;SAUTERNES;2026-02-19;8.0;50.0;9.5;9.5;9.5;1.0;1.0;1.0;;;;1.0;1.0;3.0;1.0;3.0;4.0;2026-02-18 23:00:00+00:00
44.536;-0.331;-00.331_44.536;33.0;33.0;Graves-Sauternais;GRAVES;SAUTERNES;2026-02-20;8.0;51.0;0.4;0.4;0.4;1.0;1.0;1.0;;;;1.0;2.0;1.0;1.0;1.0;2.0;2026-02-19 23:00:00+00:00
44.536;-0.331;-00.331_44.536;33.0;33.0;Graves-Sauternais;GRAVES;SAUTERNES;2026-02-21;8.0;52.0;0.0;0.0;0.0;1.0;1.0;1.0;;;;1.0;1.0;2.0;3.0;3.0;1.0;2026-02-20 23:00:00+00:00
44.536;-0.331;-00.331_44.536;33.0;33.0;Graves-Sauternais;GRAVES;SAUTERNES;2026-02-22;8.0;53.0;0.0;0.0;0.0;1.0;1.0;1.0;;;;1.0;1.0;3.0;2.0;3.0;1.0;2026-02-21 23:00:00+00:00
44.536;-0.331;-00.331_44.536;33.0;33.0;Graves-Sauternais;GRAVES;SAUTERNES;2026-02-23;9.0;54.0;0.0;0.0;0.0;1.0;1.0;1.0;;;;3.0;1.0;1.0;1.0;1.0;3.0;2026-02-22 23:00:00+00:00
44.536;-0.331;-00.331_44.536;33.0;33.0;Graves-Sauternais;GRAVES;SAUTERNES;2026-02-24;9.0;55.0;0.0;0.0;0.0;1.0;1.0;1.0;;;;2.0;1.0;1.0;1.0;2.0;2.0;2026-02-23 23:00:00+00:00
44.536;-0.331;-00.331_44.536;33.0;33.0;Graves-Sauternais;GRAVES;SAUTERNES;2026-02-25;9.0;56.0;0.0;0.0;0.0;1.0;1.0;1.0;;;;2.0;1.0;1.0;1.0;1.0;4.0;2026-02-24 23:00:00+00:00
44.536;-0.331;-00.331_44.536;33.0;33.0;Graves-Sauternais;GRAVES;SAUTERNES;2026-02-26;9.0;57.0;0.0;0.0;0.0;1.0;1.0;1.0;;;;1.0;2.0;1.0;3.0;1.0;2.0;2026-02-25 23:00:00+00:00
44.536;-0.331;-00.331_44.536;33.0;33.0;Graves-Sauternais;GRAVES;SAUTERNES;2026-02-27;9.0;58.0;0.0;0.0;0.0;1.0;1.0;1.0;;;;3.0;4.0;2.0;2.0;1.0;2.0;2026-02-26 23:00:00+00:00
44.536;-0.331;-00.331_44.536;33.0;33.0;Graves-Sauternais;GRAVES;SAUTERNES;2026-02-28;9.0;59.0;0.1;0.1;0.1;1.0;1.0;1.0;;;;2.0;2.0;2.0;2.0;2.0;1.0;2026-02-27 23:00:00+00:00
44.536;-0.331;-00.331_44.536;33.0;33.0;Graves-Sauternais;GRAVES;SAUTERNES;2026-03-01;9.0;60.0;0.0;0.0;0.0;1.0;1.0;1.0;;;;3.0;1.0;2.0;1.0;2.0;2.0;2026-02-28 23:00:00+00:00
44.536;-0.331;-00.331_44.536;33.0;33.0;Graves-Sauternais;GRAVES;SAUTERNES;2026-03-02;10.0;61.0;0.0;0.0;0.0;1.0;1.0;1.0;;;;1.0;1.0;1.0;2.0;1.0;1.0;2026-03-01 23:00:00+00:00
44.536;-0.331;-00.331_44.536;33.0;33.0;Graves-Sauternais;GRAVES;SAUTERNES;2026-03-03;10.0;62.0;0.0;0.0;0.0;1.0;1.0;1.0;;;;2.0;3.0;4.0;2.0;2.0;3.0;2026-03-02 23:00:00+00:00
44.536;-0.331;-00.331_44.536;33.0;33.0;Graves-Sauternais;GRAVES;SAUTERNES;2026-03-04;10.0;63.0;0.0;0.0;0.0;1.0;1.0;1.0;;;;2.0;3.0;1.0;1.0;1.0;1.0;2026-03-03 23:00:00+00:00
44.536;-0.331;-00.331_44.536;33.0;33.0;Graves-Sauternais;GRAVES;SAUTERNES;2026-03-05;10.0;64.0;1.2999999999999998;1.2999999999999998;1.2999999999999998;1.0;1.0;1.0;;;;2.0;2.0;1.0;2.0;1.0;1.0;2026-03-04 23:00:00+00:00
44.536;-0.331;-00.331_44.536;33.0;33.0;Graves-Sauternais;GRAVES;SAUTERNES;2026-03-06;10.0;65.0;1.4;1.4;1.4;1.0;1.0;1.0;;;;1.0;1.0;4.0;3.0;3.0;2.0;2026-03-05 23:00:00+00:00
44.536;-0.331;-00.331_44.536;33.0;33.0;Graves-Sauternais;GRAVES;SAUTERNES;2026-03-07;10.0;66.0;0.4;0.4;0.4;1.0;1.0;1.0;;;;3.0;1.0;2.0;1.0;1.0;2.0;2026-03-06 23:00:00+00:00
44.536;-0.331;-00.331_44.536;33.0;33.0;Graves-Sauternais;GRAVES;SAUTERNES;2026-03-08;10.0;67.0;0.6;0.6;0.6;1.0;1.0;1.0;;;;2.0;1.0;4.0;2.0;1.0;1.0;2026-03-07 23:00:00+00:00
44.536;-0.331;-00.331_44.536;33.0;33.0;Graves-Sauternais;GRAVES;SAUTERNES;2026-03-09;11.0;68.0;0.0;0.0;0.0;1.0;1.0;1.0;;;;1.0;2.0;1.0;2.0;1.0;2.0;2026-03-08 23:00:00+00:00
44.536;-0.331;-00.331_44.536;33.0;33.0;Graves-Sauternais;GRAVES;SAUTERNES;2026-03-10;11.0;69.0;0.7;0.7;0.7;1.0;1.0;1.0;;;;1.0;3.0;2.0;2.0;3.0;3.0;2026-03-09 23:00:00+00:00
44.536;-0.331;-00.331_44.536;33.0;33.0;Graves-Sauternais;GRAVES;SAUTERNES;2026-03-11;11.0;70.0;3.3;3.3;3.3;1.0;1.0;1.0;;;;2.0;2.0;2.0;1.0;1.0;1.0;2026-03-10 23:00:00+00:00
44.536;-0.331;-00.331_44.536;33.0;33.0;Graves-Sauternais;GRAVES;SAUTERNES;2026-03-12;11.0;71.0;0.0;0.0;0.0;1.0;1.0;1.0;;;;2.0;1.0;3.0;1.0;2.0;1.0;2026-03-11 23:00:00+00:00
44.536;-0.331;-00.331_44.536;33.0;33.0;Graves-Sauternais;GRAVES;SAUTERNES;2026-03-13;11.0;72.0;11.6;11.6;11.6;1.0;1.0;1.0;;;;4.0;2.0;1.0;3.0;4.0;3.0;2026-03-12 23:00:00+00:00
44.536;-0.331;-00.331_44.536;33.0;33.0;Graves-Sauternais;GRAVES;SAUTERNES;2026-03-14;11.0;73.0;6.9;6.9;6.9;1.0;1.0;1.0;;;;2.0;3.0;4.0;3.0;1.0;1.0;2026-03-13 23:00:00+00:00
44.536;-0.331;-00.331_44.536;33.0;33.0;Graves-Sauternais;GRAVES;SAUTERNES;2026-03-15;11.0;74.0;0.0;0.0;0.0;1.0;1.0;1.0;;;;1.0;2.0;2.0;2.0;2.0;1.0;2026-03-14 23:00:00+00:00
44.536;-0.331;-00.331_44.536;33.0;33.0;Graves-Sauternais;GRAVES;SAUTERNES;2026-03-16;12.0;75.0;0.4;0.4;0.4;1.0;1.0;1.0;;;;1.0;1.0;1.0;1.0;1.0;3.0;2026-03-15 23:00:00+00:00
44.536;-0.331;-00.331_44.536;33.0;33.0;Graves-Sauternais;GRAVES;SAUTERNES;2026-03-17;12.0;76.0;0.0;0.0;0.0;1.0;1.0;1.0;;;;1.0;2.0;2.0;2.0;3.0;1.0;2026-03-16 23:00:00+00:00
44.536;-0.331;-00.331_44.536;33.0;33.0;Graves-Sauternais;GRAVES;SAUTERNES;2026-03-18;12.0;77.0;0.0;0.0;0.0;1.0;1.0;1.0;;;;1.0;2.0;2.0;2.0;1.0;3.0;2026-03-17 23:00:00+00:00
44.536;-0.331;-00.331_44.536;33.0;33.0;Graves-Sauternais;GRAVES;SAUTERNES;2026-03-19;12.0;78.0;0.0;0.0;0.0;1.0;1.0;1.0;;;;2.0;1.0;3.0;2.0;3.0;2.0;2026-03-18 23:00:00+00:00
44.536;-0.331;-00.331_44.536;33.0;33.0;Graves-Sauternais;GRAVES;SAUTERNES;2026-03-20;12.0;79.0;0.0;0.0;0.0;1.0;1.0;1.0;;;;1.0;1.0;4.0;3.0;2.0;2.0;2026-03-19 23:00:00+00:00
44.536;-0.331;-00.331_44.536;33.0;33.0;Graves-Sauternais;GRAVES;SAUTERNES;2026-03-21;12.0;80.0;0.0;0.0;0.0;1.0;1.0;1.0;;;;1.0;1.0;2.0;2.0;2.0;1.0;2026-03-20 23:00:00+00:00
44.536;-0.331;-00.331_44.536;33.0;33.0;Graves-Sauternais;GRAVES;SAUTERNES;2026-03-22;12.0;81.0;0.0;0.0;0.0;1.0;1.0;1.0;;;;1.0;1.0;1.0;4.0;2.0;3.0;2026-03-21 23:00:00+00:00
44.536;-0.331;-00.331_44.536;33.0;33.0;Graves-Sauternais;GRAVES;SAUTERNES;2026-03-23;13.0;82.0;0.0;0.0;0.0;1.0;1.0;1.0;;;;3.0;2.0;1.0;1.0;1.0;4.0;2026-03-22 23:00:00+00:00
44.536;-0.331;-00.331_44.536;33.0;33.0;Graves-Sauternais;GRAVES;SAUTERNES;2026-03-24;13.0;83.0;0.0;0.0;0.0;1.0;1.0;1.0;;;;3.0;1.0;3.0;2.0;1.0;2.0;2026-03-23 23:00:00+00:00
44.536;-0.331;-00.331_44.536;33.0;33.0;Graves-Sauternais;GRAVES;SAUTERNES;2026-03-25;13.0;84.0;0.6;0.6;0.6;1.0;1.0;1.0;;;;3.0;2.0;3.0;2.0;3.0;1.0;2026-03-24 23:00:00+00:00
44.536;-0.331;-00.331_44.536;33.0;33.0;Graves-Sauternais;GRAVES;SAUTERNES;2026-03-26;13.0;85.0;0.1;0.1;0.1;1.0;1.0;1.0;;;;1.0;3.0;1.0;1.0;3.0;1.0;2026-03-25 23:00:00+00:00
44.536;-0.331;-00.331_44.536;33.0;33.0;Graves-Sauternais;GRAVES;SAUTERNES;2026-03-27;13.0;86.0;0.0;0.0;0.0;1.0;1.0;1.0;;;;2.0;1.0;1.0;3.0;1.0;1.0;2026-03-26 23:00:00+00:00
44.536;-0.331;-00.331_44.536;33.0;33.0;Graves-Sauternais;GRAVES;SAUTERNES;2026-03-28;13.0;87.0;0.3;0.3;0.3;1.0;1.0;1.0;;;;3.0;1.0;1.0;1.0;1.0;1.0;2026-03-27 23:00:00+00:00
44.536;-0.331;-00.331_44.536;33.0;33.0;Graves-Sauternais;GRAVES;SAUTERNES;2026-03-29;13.0;88.0;0.0;0.0;0.0;1.0;1.0;1.0;;;;2.0;1.0;1.0;1.0;2.0;3.0;2026-03-28 23:00:00+00:00
44.536;-0.331;-00.331_44.536;33.0;33.0;Graves-Sauternais;GRAVES;SAUTERNES;2026-03-30;14.0;89.0;0.8;0.8;0.8;1.0;1.0;1.0;;;;4.0;2.0;1.0;1.0;1.0;1.0;2026-03-29 22:00:00+00:00
44.536;-0.331;-00.331_44.536;33.0;33.0;Graves-Sauternais;GRAVES;SAUTERNES;2026-03-31;14.0;90.0;0.0;0.0;0.0;1.0;1.0;1.0;2.0;2.0;2.0;3.0;3.0;1.0;2.0;3.0;2.0;2026-03-30 22:00:00+00:00
44.536;-0.331;-00.331_44.536;33.0;33.0;Graves-Sauternais;GRAVES;SAUTERNES;2026-04-01;14.0;91.0;0.6;0.6;0.6;1.0;1.0;1.0;2.0;2.0;2.0;2.0;1.0;3.0;1.0;1.0;1.0;2026-03-31 22:00:00+00:00
44.536;-0.331;-00.331_44.536;33.0;33.0;Graves-Sauternais;GRAVES;SAUTERNES;2026-04-02;14.0;92.0;0.2;0.2;0.2;1.0;1.0;1.0;2.0;2.0;2.0;3.0;2.0;3.0;2.0;3.0;1.0;2026-04-01 22:00:00+00:00
44.536;-0.331;-00.331_44.536;33.0;33.0;Graves-Sauternais;GRAVES;SAUTERNES;2026-04-03;14.0;93.0;0.2;0.2;0.2;1.0;1.0;1.0;2.0;2.0;2.0;4.0;1.0;2.0;4.0;2.0;2.0;2026-04-02 22:00:00+00:00
44.536;-0.331;-00.331_44.536;33.0;33.0;Graves-Sauternais;GRAVES;SAUTERNES;2026-04-04;14.0;94.0;0.0;0.0;0.0;1.0;1.0;1.0;2.0;2.0;2.0;2.0;3.0;3.0;2.0;3.0;1.0;2026-04-03 22:00:00+00:00
44.536;-0.331;-00.331_44.536;33.0;33.0;Graves-Sauternais;GRAVES;SAUTERNES;2026-04-05;14.0;95.0;0.0;0.0;0.0;1.0;1.0;1.0;2.0;2.0;2.0;1.0;1.0;1.0;3.0;2.0;3.0;2026-04-04 22:00:00+00:00
44.536;-0.331;-00.331_44.536;33.0;33.0;Graves-Sauternais;GRAVES;SAUTERNES;2026-04-06;15.0;96.0;0.0;0.0;0.0;1.0;1.0;1.0;2.0;2.0;2.0;1.0;3.0;2.0;4.0;1.0;1.0;2026-04-05 22:00:00+00:00
44.536;-0.331;-00.331_44.536;33.0;33.0;Graves-Sauternais;GRAVES;SAUTERNES;2026-04-07;15.0;97.0;0.0;0.0;0.0;1.0;1.0;1.0;2.0;2.0;2.0;3.0;2.0;2.0;1.0;1.0;3.0;2026-04-06 22:00:00+00:00
44.536;-0.331;-00.331_44.536;33.0;33.0;Graves-Sauternais;GRAVES;SAUTERNES;2026-04-08;15.0;98.0;0.0;0.0;0.0;1.0;1.0;1.0;2.0;2.0;2.0;2.0;2.0;3.0;1.0;1.0;1.0;2026-04-07 22:00:00+00:00
44.536;-0.331;-00.331_44.536;33.0;33.0;Graves-Sauternais;GRAVES;SAUTERNES;2026-04-09;15.0;99.0;0.0;0.0;0.0;1.0;1.0;1.0;2.0;2.0;2.0;2.0;2.0;1.0;3.0;3.0;4.0;2026-04-08 22:00:00+00:00
44.536;-0.331;-00.331_44.536;33.0;33.0;Graves-Sauternais;GRAVES;SAUTERNES;2026-04-10;15.0;100.0;0.0;0.0;0.0;1.0;1.0;1.0;2.0;2.0;2.0;2.0;1.0;3.0;1.0;2.0;2.0;2026-04-09 22:00:00+00:00
44.536;-0.331;-00.331_44.536;33.0;33.0;Graves-Sauternais;GRAVES;SAUTERNES;2026-04-11;15.0;101.0;13.0;13.0;13.0;1.0;1.0;1.0;2.0;2.0;2.0;3.0;2.0;2.0;1.0;1.0;2.0;2026-04-10 22:00:00+00:00
44.536;-0.331;-00.331_44.536;33.0;33.0;Graves-Sauternais;GRAVES;SAUTERNES;2026-04-12;15.0;102.0;0.7;0.7;0.7;1.0;1.0;1.0;;2.0;;1.0;1.0;1.0;2.0;3.0;2.0;2026-04-11 22:00:00+00:00
44.536;-0.331;-00.331_44.536;33.0;33.0;Graves-Sauternais;GRAVES;SAUTERNES;2026-04-13;16.0;103.0;1.4;1.4;1.4;1.0;1.0;1.0;;2.0;;3.0;1.0;2.0;1.0;1.0;1.0;2026-04-12 22:00:00+00:00
44.536;-0.331;-00.331_44.536;33.0;33.0;Graves-Sauternais;GRAVES;SAUTERNES;2026-04-14;16.0;104.0;0.0;0.0;0.0;1.0;1.0;1.0;;2.0;;2.0;1.0;1.0;3.0;1.0;1.0;2026-04-13 22:00:00+00:00
44.536;-0.331;-00.331_44.536;33.0;33.0;Graves-Sauternais;GRAVES;SAUTERNES;2026-04-15;16.0;105.0;0.0;0.0;0.0;1.0;1.0;1.0;;2.0;;1.0;1.0;4.0;4.0;2.0;1.0;2026-04-14 22:00:00+00:00
44.536;-0.331;-00.331_44.536;33.0;33.0;Graves-Sauternais;GRAVES;SAUTERNES;2026-04-16;16.0;106.0;0.0;0.0;0.0;1.0;1.0;1.0;;2.0;;1.0;1.0;1.0;3.0;2.0;1.0;2026-04-15 22:00:00+00:00
44.536;-0.331;-00.331_44.536;33.0;33.0;Graves-Sauternais;GRAVES;SAUTERNES;2026-04-17;16.0;107.0;0.0;0.0;0.0;1.0;1.0;1.0;;2.0;;2.0;1.0;1.0;4.0;3.0;1.0;2026-04-16 22:00:00+00:00
44.536;-0.331;-00.331_44.536;33.0;33.0;Graves-Sauternais;GRAVES;SAUTERNES;2026-04-18;16.0;108.0;0.0;0.0;0.0;1.0;1.0;1.0;;2.0;;4.0;3.0;3.0;3.0;3.0;1.0;2026-04-17 22:00:00+00:00
44.536;-0.331;-00.331_44.536;33.0;33.0;Graves-Sauternais;GRAVES;SAUTERNES;2026-04-19;16.0;109.0;0.0;0.0;0.0;1.0;1.0;1.0;;2.0;;1.0;1.0;1.0;2.0;1.0;1.0;2026-04-18 22:00:00+00:00
44.536;-0.331;-00.331_44.536;33.0;33.0;Graves-Sauternais;GRAVES;SAUTERNES;2026-04-20;17.0;110.0;0.0;0.0;0.0;1.0;1.0;1.0;;2.0;;1.0;2.0;1.0;1.0;2.0;2.0;2026-04-19 22:00:00+00:00
44.536;-0.331;-00.331_44.536;33.0;33.0;Graves-Sauternais;GRAVES;SAUTERNES;2026-04-21;17.0;111.0;0.0;0.0;0.0;1.0;1.0;1.0;;2.0;;2.0;2.0;1.0;2.0;1.0;1.0;2026-04-20 22:00:00+00:00
44.536;-0.331;-00.331_44.536;33.0;33.0;Graves-Sauternais;GRAVES;SAUTERNES;2026-04-22;17.0;112.0;1.7000000000000002;1.7000000000000002;1.7000000000000002;1.0;1.0;1.0;;2.0;;2.0;1.0;2.0;1.0;1.0;1.0;2026-04-21 22:00:00+00:00
44.536;-0.331;-00.331_44.536;33.0;33.0;Graves-Sauternais;GRAVES;SAUTERNES;2026-04-23;17.0;113.0;0.0;0.0;0.0;1.0;1.0;1.0;;2.0;;2.0;4.0;2.0;1.0;4.0;1.0;2026-04-22 22:00:00+00:00
44.536;-0.331;-00.331_44.536;33.0;33.0;Graves-Sauternais;GRAVES;SAUTERNES;2026-04-24;17.0;114.0;0.0;0.0;0.0;1.0;1.0;1.0;;2.0;;1.0;1.0;3.0;2.0;2.0;4.0;2026-04-23 22:00:00+00:00
44.536;-0.331;-00.331_44.536;33.0;33.0;Graves-Sauternais;GRAVES;SAUTERNES;2026-04-25;17.0;115.0;0.0;0.0;0.0;1.0;1.0;1.0;;2.0;;1.0;1.0;2.0;2.0;1.0;3.0;2026-04-24 22:00:00+00:00
44.536;-0.331;-00.331_44.536;33.0;33.0;Graves-Sauternais;GRAVES;SAUTERNES;2026-04-26;17.0;116.0;0.0;0.0;0.0;1.0;1.0;1.0;;2.0;;1.0;1.0;2.0;3.0;2.0;2.0;2026-04-25 22:00:00+00:00
44.536;-0.331;-00.331_44.536;33.0;33.0;Graves-Sauternais;GRAVES;SAUTERNES;2026-04-27;18.0;117.0;0.0;0.0;0.0;1.0;1.0;1.0;;2.0;;3.0;2.0;1.0;2.0;3.0;1.0;2026-04-26 22:00:00+00:00
44.536;-0.331;-00.331_44.536;33.0;33.0;Graves-Sauternais;GRAVES;SAUTERNES;2026-04-28;18.0;118.0;1.9;1.9;1.9;1.0;1.0;1.0;;2.0;;2.0;2.0;1.0;1.0;1.0;4.0;2026-04-27 22:00:00+00:00
44.536;-0.331;-00.331_44.536;33.0;33.0;Graves-Sauternais;GRAVES;SAUTERNES;2026-04-29;18.0;119.0;0.8999999999999999;0.8999999999999999;0.8999999999999999;3.0;3.0;3.0;;2.0;;3.0;2.0;1.0;1.0;3.0;2.0;2026-04-28 22:00:00+00:00
44.536;-0.331;-00.331_44.536;33.0;33.0;Graves-Sauternais;GRAVES;SAUTERNES;2026-04-30;18.0;120.0;9.7;9.7;9.7;1.0;1.0;1.0;;2.0;;1.0;3.0;2.0;2.0;1.0;1.0;2026-04-29 22:00:00+00:00
44.536;-0.331;-00.331_44.536;33.0;33.0;Graves-Sauternais;GRAVES;SAUTERNES;2026-05-01;18.0;121.0;0.0;0.0;0.0;1.0;1.0;1.0;;2.0;;2.0;2.0;2.0;1.0;1.0;4.0;2026-04-30 22:00:00+00:00
44.536;-0.331;-00.331_44.536;33.0;33.0;Graves-Sauternais;GRAVES;SAUTERNES;2026-05-02;18.0;122.0;27.6;27.6;27.6;1.0;1.0;1.0;;2.0;;2.0;2.0;2.0;2.0;1.0;2.0;2026-05-01 22:00:00+00:00
44.536;-0.331;-00.331_44.536;33.0;33.0;Graves-Sauternais;GRAVES;SAUTERNES;2026-05-03;18.0;123.0;4.1;4.1;4.1;1.0;1.0;1.0;;2.0;;1.0;1.0;2.0;2.0;2.0;1.0;2026-05-02 22:00:00+00:00
44.536;-0.331;-00.331_44.536;33.0;33.0;Graves-Sauternais;GRAVES;SAUTERNES;2026-05-04;19.0;124.0;39.5;39.5;39.5;4.0;4.0;4.0;;3.0;;1.0;2.0;1.0;4.0;2.0;1.0;2026-05-03 22:00:00+00:00
44.536;-0.331;-00.331_44.536;33.0;33.0;Graves-Sauternais;GRAVES;SAUTERNES;2026-05-05;19.0;125.0;25.1;25.1;25.1;1.0;1.0;1.0;;2.0;;1.0;3.0;1.0;2.0;4.0;1.0;2026-05-04 22:00:00+00:00
44.536;-0.331;-00.331_44.536;33.0;33.0;Graves-Sauternais;GRAVES;SAUTERNES;2026-05-06;19.0;126.0;14.3;14.3;14.3;1.0;1.0;1.0;;2.0;;1.0;1.0;3.0;1.0;2.0;1.0;2026-05-05 22:00:00+00:00
44.536;-0.331;-00.331_44.536;33.0;33.0;Graves-Sauternais;GRAVES;SAUTERNES;2026-05-07;19.0;127.0;0.0;0.0;0.0;1.0;1.0;1.0;;2.0;;1.0;3.0;1.0;3.0;1.0;2.0;2026-05-06 22:00:00+00:00
44.536;-0.331;-00.331_44.536;33.0;33.0;Graves-Sauternais;GRAVES;SAUTERNES;2026-05-08;19.0;128.0;0.0;0.0;0.0;1.0;1.0;1.0;;2.0;;2.0;4.0;2.0;1.0;1.0;1.0;2026-05-07 22:00:00+00:00
44.536;-0.331;-00.331_44.536;33.0;33.0;Graves-Sauternais;GRAVES;SAUTERNES;2026-05-09;19.0;129.0;0.0;0.0;0.0;1.0;1.0;1.0;;2.0;;3.0;1.0;1.0;1.0;2.0;2.0;2026-05-08 22:00:00+00:00
44.536;-0.331;-00.331_44.536;33.0;33.0;Graves-Sauternais;GRAVES;SAUTERNES;2026-05-10;19.0;130.0;0.3;0.3;0.3;1.0;1.0;1.0;;2.0;;2.0;2.0;1.0;4.0;4.0;3.0;2026-05-09 22:00:00+00:00
44.536;-0.331;-00.331_44.536;33.0;33.0;Graves-Sauternais;GRAVES;SAUTERNES;2026-05-11;20.0;131.0;0.0;0.0;0.0;1.0;1.0;1.0;;2.0;;2.0;1.0;1.0;2.0;1.0;1.0;2026-05-10 22:00:00+00:00
44.536;-0.331;-00.331_44.536;33.0;33.0;Graves-Sauternais;GRAVES;SAUTERNES;2026-05-12;20.0;132.0;0.0;0.0;0.0;1.0;1.0;1.0;;2.0;;2.0;1.0;3.0;1.0;1.0;1.0;2026-05-11 22:00:00+00:00
44.536;-0.331;-00.331_44.536;33.0;33.0;Graves-Sauternais;GRAVES;SAUTERNES;2026-05-13;20.0;133.0;1.0;1.0;1.0;1.0;1.0;1.0;;2.0;;1.0;1.0;1.0;1.0;1.0;1.0;2026-05-12 22:00:00+00:00
44.536;-0.331;-00.331_44.536;33.0;33.0;Graves-Sauternais;GRAVES;SAUTERNES;2026-05-14;20.0;134.0;13.8;13.8;13.8;1.0;1.0;1.0;;2.0;;3.0;1.0;1.0;2.0;1.0;1.0;2026-05-13 22:00:00+00:00
44.536;-0.331;-00.331_44.536;33.0;33.0;Graves-Sauternais;GRAVES;SAUTERNES;2026-05-15;20.0;135.0;1.1;1.1;1.1;1.0;1.0;1.0;;2.0;;1.0;1.0;2.0;1.0;3.0;3.0;2026-05-14 22:00:00+00:00
44.536;-0.331;-00.331_44.536;33.0;33.0;Graves-Sauternais;GRAVES;SAUTERNES;2026-05-16;20.0;136.0;1.0;1.0;1.0;1.0;1.0;1.0;;2.0;;2.0;4.0;2.0;1.0;1.0;1.0;2026-05-15 22:00:00+00:00
44.536;-0.331;-00.331_44.536;33.0;33.0;Graves-Sauternais;GRAVES;SAUTERNES;2026-05-17;20.0;137.0;3.0;3.0;3.0;1.0;1.0;1.0;;2.0;;3.0;3.0;1.0;1.0;2.0;3.0;2026-05-16 22:00:00+00:00
44.536;-0.331;-00.331_44.536;33.0;33.0;Graves-Sauternais;GRAVES;SAUTERNES;2026-05-18;21.0;138.0;0.0;0.0;0.0;1.0;1.0;1.0;;2.0;;2.0;2.0;1.0;2.0;1.0;1.0;2026-05-17 22:00:00+00:00
44.536;-0.331;-00.331_44.536;33.0;33.0;Graves-Sauternais;GRAVES;SAUTERNES;2026-05-19;21.0;139.0;0.1;0.1;0.1;1.0;1.0;1.0;;2.0;;1.0;3.0;2.0;1.0;4.0;1.0;2026-05-18 22:00:00+00:00
44.536;-0.331;-00.331_44.536;33.0;33.0;Graves-Sauternais;GRAVES;SAUTERNES;2026-05-20;21.0;140.0;0.0;0.0;0.0;1.0;1.0;1.0;;2.0;;1.0;1.0;1.0;2.0;1.0;2.0;2026-05-19 22:00:00+00:00
44.536;-0.331;-00.331_44.536;33.0;33.0;Graves-Sauternais;GRAVES;SAUTERNES;2026-05-21;21.0;141.0;0.0;0.0;0.0;1.0;1.0;1.0;;2.0;;1.0;2.0;3.0;1.0;1.0;3.0;2026-05-20 22:00:00+00:00
44.536;-0.331;-00.331_44.536;33.0;33.0;Graves-Sauternais;GRAVES;SAUTERNES;2026-05-22;21.0;142.0;0.0;0.0;0.0;1.0;1.0;1.0;;2.0;;1.0;1.0;4.0;2.0;1.0;1.0;2026-05-21 22:00:00+00:00
44.536;-0.331;-00.331_44.536;33.0;33.0;Graves-Sauternais;GRAVES;SAUTERNES;2026-05-23;21.0;143.0;0.0;0.0;0.0;1.0;1.0;1.0;;2.0;;1.0;2.0;1.0;2.0;1.0;2.0;2026-05-22 22:00:00+00:00
44.536;-0.331;-00.331_44.536;33.0;33.0;Graves-Sauternais;GRAVES;SAUTERNES;2026-05-24;21.0;144.0;0.0;0.0;0.0;1.0;1.0;1.0;;2.0;;1.0;1.0;3.0;1.0;3.0;3.0;2026-05-23 22:00:00+00:00
44.536;-0.331;-00.331_44.536;33.0;33.0;Graves-Sauternais;GRAVES;SAUTERNES;2026-05-25;22.0;145.0;0.0;0.0;0.0;1.0;1.0;1.0;;2.0;;3.0;3.0;1.0;1.0;1.0;1.0;2026-05-24 22:00:00+00:00
44.536;-0.331;-00.331_44.536;33.0;33.0;Graves-Sauternais;GRAVES;SAUTERNES;2026-05-26;22.0;146.0;0.0;0.0;0.0;1.0;1.0;1.0;;2.0;;1.0;1.0;1.0;2.0;1.0;1.0;2026-05-25 22:00:00+00:00
44.536;-0.331;-00.331_44.536;33.0;33.0;Graves-Sauternais;GRAVES;SAUTERNES;2026-05-27;22.0;147.0;0.0;0.0;0.0;1.0;1.0;1.0;;2.0;;2.0;1.0;2.0;2.0;3.0;1.0;2026-05-26 22:00:00+00:00
44.536;-0.331;-00.331_44.536;33.0;33.0;Graves-Sauternais;GRAVES;SAUTERNES;2026-05-28;22.0;148.0;0.0;0.0;0.0;1.0;1.0;1.0;;2.0;;2.0;2.0;1.0;2.0;2.0;1.0;2026-05-27 22:00:00+00:00
44.536;-0.331;-00.331_44.536;33.0;33.0;Graves-Sauternais;GRAVES;SAUTERNES;2026-05-29;22.0;149.0;0.0;0.0;0.0;1.0;1.0;1.0;;2.0;;1.0;2.0;1.0;2.0;2.0;1.0;2026-05-28 22:00:00+00:00
44.536;-0.331;-00.331_44.536;33.0;33.0;Graves-Sauternais;GRAVES;SAUTERNES;2026-05-30;22.0;150.0;0.0;0.0;0.0;1.0;1.0;1.0;;2.0;;2.0;1.0;3.0;1.0;2.0;3.0;2026-05-29 22:00:00+00:00
44.536;-0.331;-00.331_44.536;33.0;33.0;Graves-Sauternais;GRAVES;SAUTERNES;2026-05-31;22.0;151.0;0.1;0.1;0.1;1.0;1.0;1.0;2.0;2.0;2.0;1.0;3.0;2.0;3.0;1.0;1.0;2026-05-30 22:00:00+00:00
44.536;-0.331;-00.331_44.536;33.0;33.0;Graves-Sauternais;GRAVES;SAUTERNES;2026-06-01;23.0;152.0;0.0;0.0;0.0;1.0;1.0;1.0;2.0;2.0;2.0;1.0;3.0;1.0;2.0;1.0;4.0;2026-05-31 22:00:00+00:00
44.536;-0.331;-00.331_44.536;33.0;33.0;Graves-Sauternais;GRAVES;SAUTERNES;2026-06-02;23.0;153.0;4.0;4.0;4.0;1.0;1.0;1.0;2.0;2.0;2.0;2.0;1.0;1.0;1.0;2.0;1.0;2026-06-01 22:00:00+00:00
44.536;-0.331;-00.331_44.536;33.0;33.0;Graves-Sauternais;GRAVES;SAUTERNES;2026-06-03;23.0;154.0;0.5;0.5;0.5;1.0;1.0;1.0;2.0;2.0;2.0;1.0;1.0;1.0;3.0;1.0;3.0;2026-06-02 22:00:00+00:00
44.536;-0.331;-00.331_44.536;33.0;33.0;Graves-Sauternais;GRAVES;SAUTERNES;2026-06-04;23.0;155.0;13.0;13.0;13.0;1.0;1.0;1.0;2.0;2.0;2.0;2.0;1.0;1.0;1.0;1.0;2.0;2026-06-03 22:00:00+00:00
44.536;-0.331;-00.331_44.536;33.0;33.0;Graves-Sauternais;GRAVES;SAUTERNES;2026-06-05;23.0;156.0;0.7;0.7;0.7;1.0;1.0;1.0;2.0;2.0;2.0;1.0;3.0;2.0;3.0;1.0;2.0;2026-06-04 22:00:00+00:00
44.536;-0.331;-00.331_44.536;33.0;33.0;Graves-Sauternais;GRAVES;SAUTERNES;2026-06-06;23.0;157.0;0.0;0.0;0.0;1.0;1.0;1.0;2.0;2.0;2.0;1.0;3.0;2.0;1.0;1.0;1.0;2026-06-05 22:00:00+00:00
44.536;-0.331;-00.331_44.536;33.0;33.0;Graves-Sauternais;GRAVES;SAUTERNES;2026-06-07;23.0;158.0;0.0;0.0;0.0;1.0;1.0;1.0;2.0;2.0;2.0;2.0;2.0;3.0;1.0;2.0;1.0;2026-06-06 22:00:00+00:00
44.536;-0.331;-00.331_44.536;33.0;33.0;Graves-Sauternais;GRAVES;SAUTERNES;2026-06-08;24.0;159.0;0.6;0.6;0.6;1.0;1.0;1.0;2.0;2.0;2.0;4.0;2.0;4.0;3.0;2.0;1.0;2026-06-07 22:00:00+00:00
44.536;-0.331;-00.331_44.536;33.0;33.0;Graves-Sauternais;GRAVES;SAUTERNES;2026-06-09;24.0;160.0;0.4;0.4;0.4;1.0;1.0;1.0;2.0;2.0;2.0;3.0;3.0;1.0;1.0;2.0;1.0;2026-06-08 22:00:00+00:00
44.536;-0.331;-00.331_44.536;33.0;33.0;Graves-Sauternais;GRAVES;SAUTERNES;2026-06-10;24.0;161.0;0.3;0.3;0.3;1.0;1.0;1.0;2.0;2.0;2.0;1.0;4.0;2.0;1.0;2.0;1.0;2026-06-09 22:00:00+00:00
44.536;-0.331;-00.331_44.536;33.0;33.0;Graves-Sauternais;GRAVES;SAUTERNES;2026-06-11;24.0;162.0;0.0;0.0;0.0;1.0;1.0;1.0;2.0;2.0;2.0;1.0;1.0;1.0;1.0;2.0;1.0;2026-06-10 22:00:00+00:00
44.536;-0.331;-00.331_44.536;33.0;33.0;Graves-Sauternais;GRAVES;SAUTERNES;2026-06-12;24.0;163.0;0.0;0.0;0.0;1.0;1.0;1.0;2.0;2.0;2.0;1.0;2.0;1.0;1.0;1.0;1.0;2026-06-11 22:00:00+00:00
44.536;-0.331;-00.331_44.536;33.0;33.0;Graves-Sauternais;GRAVES;SAUTERNES;2026-06-13;24.0;164.0;0.0;0.0;0.0;1.0;1.0;1.0;2.0;2.0;2.0;1.0;1.0;1.0;2.0;1.0;1.0;2026-06-12 22:00:00+00:00
44.536;-0.331;-00.331_44.536;33.0;33.0;Graves-Sauternais;GRAVES;SAUTERNES;2026-06-14;24.0;165.0;0.0;0.0;0.0;1.0;1.0;1.0;2.0;2.0;2.0;1.0;3.0;3.0;1.0;1.0;1.0;2026-06-13 22:00:00+00:00
44.536;-0.331;-00.331_44.536;33.0;33.0;Graves-Sauternais;GRAVES;SAUTERNES;2026-06-15;25.0;166.0;0.0;0.0;0.0;1.0;1.0;1.0;2.0;2.0;2.0;1.0;4.0;1.0;2.0;1.0;1.0;2026-06-14 22:00:00+00:00
44.536;-0.331;-00.331_44.536;33.0;33.0;Graves-Sauternais;GRAVES;SAUTERNES;2026-06-16;25.0;167.0;0.0;0.0;0.0;1.0;1.0;1.0;2.0;2.0;2.0;1.0;2.0;1.0;2.0;1.0;1.0;2026-06-15 22:00:00+00:00
44.536;-0.331;-00.331_44.536;33.0;33.0;Graves-Sauternais;GRAVES;SAUTERNES;2026-06-17;25.0;168.0;0.0;0.0;0.0;1.0;1.0;1.0;2.0;2.0;2.0;2.0;2.0;1.0;1.0;1.0;1.0;2026-06-16 22:00:00+00:00
44.536;-0.331;-00.331_44.536;33.0;33.0;Graves-Sauternais;GRAVES;SAUTERNES;2026-06-18;25.0;169.0;0.0;0.0;0.0;1.0;1.0;1.0;2.0;2.0;2.0;2.0;1.0;1.0;2.0;1.0;2.0;2026-06-17 22:00:00+00:00
44.536;-0.331;-00.331_44.536;33.0;33.0;Graves-Sauternais;GRAVES;SAUTERNES;2026-06-19;25.0;170.0;0.0;0.0;0.0;1.0;1.0;1.0;2.0;2.0;2.0;2.0;3.0;1.0;1.0;3.0;1.0;2026-06-18 22:00:00+00:00
44.536;-0.331;-00.331_44.536;33.0;33.0;Graves-Sauternais;GRAVES;SAUTERNES;2026-06-20;25.0;171.0;0.0;0.0;0.0;1.0;1.0;1.0;2.0;2.0;2.0;1.0;1.0;1.0;4.0;2.0;1.0;2026-06-19 22:00:00+00:00
44.536;-0.331;-00.331_44.536;33.0;33.0;Graves-Sauternais;GRAVES;SAUTERNES;2026-06-21;25.0;172.0;0.0;0.0;0.0;1.0;1.0;1.0;2.0;2.0;2.0;1.0;1.0;2.0;1.0;2.0;1.0;2026-06-20 22:00:00+00:00
44.536;-0.331;-00.331_44.536;33.0;33.0;Graves-Sauternais;GRAVES;SAUTERNES;2026-06-22;26.0;173.0;0.0;0.0;0.0;1.0;1.0;1.0;2.0;2.0;2.0;1.0;1.0;2.0;2.0;2.0;1.0;2026-06-21 22:00:00+00:00
44.536;-0.331;-00.331_44.536;33.0;33.0;Graves-Sauternais;GRAVES;SAUTERNES;2026-06-23;26.0;174.0;0.0;0.0;0.0;1.0;1.0;1.0;2.0;2.0;2.0;3.0;2.0;2.0;2.0;1.0;2.0;2026-06-22 22:00:00+00:00
44.536;-0.331;-00.331_44.536;33.0;33.0;Graves-Sauternais;GRAVES;SAUTERNES;2026-06-24;26.0;175.0;0.2;0.2;0.2;1.0;1.0;1.0;2.0;2.0;2.0;2.0;2.0;3.0;3.0;1.0;1.0;2026-06-23 22:00:00+00:00
44.536;-0.331;-00.331_44.536;33.0;33.0;Graves-Sauternais;GRAVES;SAUTERNES;2026-06-25;26.0;176.0;1.7;1.7;1.7;1.0;1.0;1.0;2.0;2.0;2.0;2.0;2.0;1.0;1.0;2.0;2.0;2026-06-24 22:00:00+00:00
44.536;-0.331;-00.331_44.536;33.0;33.0;Graves-Sauternais;GRAVES;SAUTERNES;2026-06-26;26.0;177.0;0.9;0.9;0.9;1.0;1.0;1.0;2.0;2.0;2.0;4.0;2.0;4.0;4.0;2.0;3.0;2026-06-25 22:00:00+00:00
44.536;-0.331;-00.331_44.536;33.0;33.0;Graves-Sauternais;GRAVES;SAUTERNES;2026-06-27;26.0;178.0;0.0;0.0;0.0;1.0;1.0;1.0;2.0;2.0;2.0;1.0;2.0;1.0;1.0;3.0;2.0;2026-06-26 22:00:00+00:00
44.536;-0.331;-00.331_44.536;33.0;33.0;Graves-Sauternais;GRAVES;SAUTERNES;2026-06-28;26.0;179.0;5.3;5.3;5.3;3.0;3.0;3.0;2.0;2.0;2.0;1.0;1.0;2.0;1.0;4.0;1.0;2026-06-27 22:00:00+00:00
44.536;-0.331;-00.331_44.536;33.0;33.0;Graves-Sauternais;GRAVES;SAUTERNES;2026-06-29;27.0;180.0;0.3;0.3;0.3;1.0;1.0;1.0;2.0;2.0;2.0;2.0;1.0;1.0;1.0;2.0;2.0;2026-06-28 22:00:00+00:00
44.536;-0.331;-00.331_44.536;33.0;33.0;Graves-Sauternais;GRAVES;SAUTERNES;2026-06-30;27.0;181.0;0.0;0.0;0.0;1.0;1.0;1.0;2.0;2.0;2.0;2.0;3.0;1.0;1.0;2.0;1.0;2026-06-29 22:00:00+00:00
44.536;-0.331;-00.331_44.536;33.0;33.0;Graves-Sauternais;GRAVES;SAUTERNES;2026-07-01;27.0;182.0;0.0;0.0;0.0;1.0;1.0;1.0;2.0;2.0;2.0;1.0;2.0;2.0;2.0;4.0;1.0;2026-06-30 22:00:00+00:00
44.536;-0.331;-00.331_44.536;33.0;33.0;Graves-Sauternais;GRAVES;SAUTERNES;2026-07-02;27.0;183.0;0.0;0.0;0.0;1.0;1.0;1.0;2.0;2.0;2.0;1.0;1.0;3.0;2.0;3.0;1.0;2026-07-01 22:00:00+00:00
44.536;-0.331;-00.331_44.536;33.0;33.0;Graves-Sauternais;GRAVES;SAUTERNES;2026-07-03;27.0;184.0;0.0;0.0;0.0;1.0;1.0;1.0;2.0;2.0;2.0;1.0;2.0;2.0;1.0;1.0;1.0;2026-07-02 22:00:00+00:00
44.536;-0.331;-00.331_44.536;33.0;33.0;Graves-Sauternais;GRAVES;SAUTERNES;2026-07-04;27.0;185.0;0.0;0.0;0.0;1.0;1.0;1.0;2.0;2.0;2.0;1.0;1.0;3.0;1.0;1.0;1.0;2026-07-03 22:00:00+00:00
44.536;-0.331;-00.331_44.536;33.0;33.0;Graves-Sauternais;GRAVES;SAUTERNES;2026-07-05;27.0;186.0;0.0;0.0;0.0;1.0;1.0;1.0;2.0;2.0;2.0;2.0;3.0;3.0;1.0;2.0;4.0;2026-07-04 22:00:00+00:00
44.536;-0.331;-00.331_44.536;33.0;33.0;Graves-Sauternais;GRAVES;SAUTERNES;2026-07-06;28.0;187.0;0.0;0.0;0.0;1.0;1.0;1.0;2.0;2.0;2.0;3.0;2.0;2.0;2.0;1.0;1.0;2026-07-05 22:00:00+00:00
44.536;-0.331;-00.331_44.536;33.0;33.0;Graves-Sauternais;GRAVES;SAUTERNES;2026-07-07;28.0;188.0;0.0;0.0;0.0;1.0;1.0;1.0;2.0;2.0;2.0;1.0;1.0;2.0;1.0;1.0;2.0;2026-07-06 22:00:00+00:00
44.536;-0.331;-00.331_44.536;33.0;33.0;Graves-Sauternais;GRAVES;SAUTERNES;2026-07-08;28.0;189.0;0.0;0.0;0.0;1.0;1.0;1.0;2.0;2.0;2.0;2.0;3.0;1.0;1.0;1.0;2.0;2026-07-07 22:00:00+00:00
44.536;-0.331;-00.331_44.536;33.0;33.0;Graves-Sauternais;GRAVES;SAUTERNES;2026-07-09;28.0;190.0;0.0;0.0;0.0;1.0;1.0;1.0;1.0;1.0;1.0;1.0;2.0;1.0;4.0;1.0;4.0;2026-07-08 22:00:00+00:00
44.536;-0.331;-00.331_44.536;33.0;33.0;Graves-Sauternais;GRAVES;SAUTERNES;2026-07-10;28.0;191.0;0.7;0.7;0.7;1.0;1.0;1.0;1.0;1.0;1.0;1.0;1.0;1.0;1.0;2.0;1.0;2026-07-09 22:00:00+00:00
44.536;-0.331;-00.331_44.536;33.0;33.0;Graves-Sauternais;GRAVES;SAUTERNES;2026-07-11;28.0;192.0;0.1;0.1;0.1;1.0;1.0;1.0;1.0;1.0;1.0;4.0;1.0;2.0;2.0;3.0;3.0;2026-07-10 22:00:00+00:00
44.536;-0.331;-00.331_44.536;33.0;33.0;Graves-Sauternais;GRAVES;SAUTERNES;2026-07-12;28.0;193.0;0.0;0.0;0.0;1.0;1.0;1.0;1.0;1.0;1.0;3.0;3.0;1.0;3.0;1.0;1.0;2026-07-11 22:00:00+00:00
44.536;-0.331;-00.331_44.536;33.0;33.0;Graves-Sauternais;GRAVES;SAUTERNES;2026-07-13;29.0;194.0;6.0;6.0;6.0;1.0;1.0;1.0;1.0;1.0;1.0;1.0;1.0;2.0;1.0;3.0;1.0;2026-07-12 22:00:00+00:00
44.536;-0.331;-00.331_44.536;33.0;33.0;Graves-Sauternais;GRAVES;SAUTERNES;2026-07-14;29.0;195.0;0.0;0.0;0.0;1.0;1.0;1.0;1.0;1.0;1.0;2.0;3.0;2.0;2.0;3.0;2.0;2026-07-13 22:00:00+00:00
44.536;-0.331;-00.331_44.536;33.0;33.0;Graves-Sauternais;GRAVES;SAUTERNES;2026-07-15;29.0;196.0;1.8;1.8;1.8;1.0;1.0;1.0;1.0;1.0;1.0;1.0;1.0;1.0;1.0;1.0;1.0;2026-07-14 22:00:00+00:00
44.536;-0.331;-00.331_44.536;33.0;33.0;Graves-Sauternais;GRAVES;SAUTERNES;2026-07-16;29.0;197.0;0.1;0.1;0.1;1.0;1.0;1.0;1.0;1.0;1.0;1.0;1.0;1.0;2.0;2.0;3.0;2026-07-15 22:00:00+00:00
44.536;-0.331;-00.331_44.536;33.0;33.0;Graves-Sauternais;GRAVES;SAUTERNES;2026-07-17;29.0;198.0;0.0;0.0;0.0;1.0;1.0;1.0;1.0;1.0;1.0;3.0;1.0;1.0;2.0;1.0;1.0;2026-07-16 22:00:00+00:00
44.536;-0.331;-00.331_44.536;33.0;33.0;Graves-Sauternais;GRAVES;SAUTERNES;2026-07-18;29.0;199.0;0.0;0.0;0.0;1.0;1.0;1.0;1.0;1.0;1.0;1.0;1.0;1.0;2.0;1.0;1.0;2026-07-17 22:00:00+00:00
44.536;-0.331;-00.331_44.536;33.0;33.0;Graves-Sauternais;GRAVES;SAUTERNES;2026-07-19;29.0;200.0;0.0;0.0;0.0;1.0;1.0;1.0;1.0;1.0;1.0;1.0;3.0;3.0;3.0;1.0;1.0;2026-07-18 22:00:00+00:00
44.536;-0.331;-00.331_44.536;33.0;33.0;Graves-Sauternais;GRAVES;SAUTERNES;2026-07-20;30.0;201.0;0.0;0.0;0.0;1.0;1.0;1.0;1.0;1.0;1.0;2.0;1.0;3.0;1.0;4.0;2.0;2026-07-19 22:00:00+00:00
44.536;-0.331;-00.331_44.536;33.0;33.0;Graves-Sauternais;GRAVES;SAUTERNES;2026-07-21;30.0;202.0;0.0;0.0;0.0;1.0;1.0;1.0;1.0;1.0;1.0;2.0;1.0;1.0;3.0;2.0;2.0;2026-07-20 22:00:00+00:00
44.536;-0.331;-00.331_44.536;33.0;33.0;Graves-Sauternais;GRAVES;SAUTERNES;2026-07-22;30.0;203.0;0.0;0.0;0.0;1.0;1.0;1.0;1.0;1.0;1.0;2.0;1.0;1.0;1.0;2.0;1.0;2026-07-21 22:00:00+00:00
44.536;-0.331;-00.331_44.536;33.0;33.0;Graves-Sauternais;GRAVES;SAUTERNES;2026-07-23;30.0;204.0;0.0;0.0;0.0;1.0;1.0;1.0;1.0;1.0;1.0;3.0;1.0;1.0;2.0;4.0;2.0;2026-07-22 22:00:00+00:00
44.536;-0.331;-00.331_44.536;33.0;33.0;Graves-Sauternais;GRAVES;SAUTERNES;2026-07-24;30.0;205.0;0.1;0.1;0.1;1.0;1.0;1.0;1.0;1.0;1.0;4.0;2.0;2.0;1.0;1.0;3.0;2026-07-23 22:00:00+00:00
44.536;-0.331;-00.331_44.536;33.0;33.0;Graves-Sauternais;GRAVES;SAUTERNES;2026-07-25;30.0;206.0;0.5;0.5;0.5;1.0;1.0;1.0;1.0;1.0;1.0;1.0;1.0;2.0;3.0;1.0;2.0;2026-07-24 22:00:00+00:00
44.536;-0.331;-00.331_44.536;33.0;33.0;Graves-Sauternais;GRAVES;SAUTERNES;2026-07-26;30.0;207.0;0.0;0.0;0.0;1.0;1.0;1.0;1.0;1.0;1.0;2.0;1.0;2.0;1.0;2.0;3.0;2026-07-25 22:00:00+00:00
44.536;-0.331;-00.331_44.536;33.0;33.0;Graves-Sauternais;GRAVES;SAUTERNES;2026-07-27;31.0;208.0;2.1;2.1;2.1;1.0;1.0;1.0;1.0;1.0;1.0;2.0;1.0;4.0;1.0;1.0;2.0;2026-07-26 22:00:00+00:00
44.536;-0.331;-00.331_44.536;33.0;33.0;Graves-Sauternais;GRAVES;SAUTERNES;2026-07-28;31.0;209.0;0.0;0.0;0.0;1.0;1.0;1.0;1.0;1.0;1.0;1.0;1.0;2.0;2.0;2.0;1.0;2026-07-27 22:00:00+00:00
44.536;-0.331;-00.331_44.536;33.0;33.0;Graves-Sauternais;GRAVES;SAUTERNES;2026-07-29;31.0;210.0;0.0;0.0;0.0;1.0;1.0;1.0;1.0;1.0;1.0;1.0;2.0;2.0;3.0;1.0;1.0;2026-07-28 22:00:00+00:00
44.536;-0.331;-00.331_44.536;33.0;33.0;Graves-Sauternais;GRAVES;SAUTERNES;2026-07-30;31.0;211.0;0.0;0.0;0.0;1.0;1.0;1.0;1.0;1.0;1.0;2.0;2.0;1.0;1.0;1.0;1.0;2026-07-29 22:00:00+00:00
44.536;-0.331;-00.331_44.536;33.0;33.0;Graves-Sauternais;GRAVES;SAUTERNES;2026-07-31;31.0;212.0;3.8;3.8;3.8;1.0;1.0;1.0;1.0;1.0;1.0;1.0;1.0;3.0;1.0;1.0;1.0;2026-07-30 22:00:00+00:00
44.536;-0.331;-00.331_44.536;33.0;33.0;Graves-Sauternais;GRAVES;SAUTERNES;2026-08-01;31.0;213.0;0.0;0.0;0.0;1.0;1.0;1.0;1.0;1.0;1.0;1.0;1.0;4.0;3.0;1.0;2.0;2026-07-31 22:00:00+00:00
44.536;-0.331;-00.331_44.536;33.0;33.0;Graves-Sauternais;GRAVES;SAUTERNES;2026-08-02;31.0;214.0;0.0;0.0;0.0;1.0;1.0;1.0;1.0;1.0;1.0;1.0;3.0;2.0;4.0;2.0;1.0;2026-08-01 22:00:00+00:00
44.536;-0.331;-00.331_44.536;33.0;33.0;Graves-Sauternais;GRAVES;SAUTERNES;2026-08-03;32.0;215.0;2.4;2.4;2.4;1.0;1.0;1.0;1.0;1.0;1.0;1.0;3.0;1.0;2.0;2.0;2.0;2026-08-02 22:00:00+00:00
44.536;-0.331;-00.331_44.536;33.0;33.0;Graves-Sauternais;GRAVES;SAUTERNES;2026-08-04;32.0;216.0;0.0;0.0;0.0;1.0;1.0;1.0;1.0;1.0;1.0;1.0;2.0;1.0;1.0;3.0;2.0;2026-08-03 22:00:00+00:00
44.536;-0.331;-00.331_44.536;33.0;33.0;Graves-Sauternais;GRAVES;SAUTERNES;2026-08-05;32.0;217.0;0.0;0.0;0.0;1.0;1.0;1.0;1.0;1.0;1.0;1.0;1.0;1.0;1.0;2.0;1.0;2026-08-04 22:00:00+00:00
44.536;-0.331;-00.331_44.536;33.0;33.0;Graves-Sauternais;GRAVES;SAUTERNES;2026-08-06;32.0;218.0;0.0;0.0;0.0;1.0;1.0;1.0;1.0;1.0;1.0;2.0;1.0;2.0;1.0;2.0;1.0;2026-08-05 22:00:00+00:00
44.536;-0.331;-00.331_44.536;33.0;33.0;Graves-Sauternais;GRAVES;SAUTERNES;2026-08-07;32.0;219.0;0.0;0.0;0.0;1.0;1.0;1.0;1.0;1.0;1.0;2.0;1.0;3.0;1.0;1.0;4.0;2026-08-06 22:00:00+00:00
44.536;-0.331;-00.331_44.536;33.0;33.0;Graves-Sauternais;GRAVES;SAUTERNES;2026-08-08;32.0;220.0;0.2;0.2;0.2;1.0;1.0;1.0;1.0;1.0;1.0;1.0;1.0;1.0;2.0;1.0;2.0;2026-08-07 22:00:00+00:00
44.536;-0.331;-00.331_44.536;33.0;33.0;Graves-Sauternais;GRAVES;SAUTERNES;2026-08-09;32.0;221.0;3.5;3.5;3.5;1.0;1.0;1.0;1.0;1.0;1.0;3.0;1.0;2.0;1.0;3.0;1.0;2026-08-08 22:00:00+00:00
44.536;-0.331;-00.331_44.536;33.0;33.0;Graves-Sauternais;GRAVES;SAUTERNES;2026-08-10;33.0;222.0;0.8;0.8;0.8;1.0;1.0;1.0;1.0;1.0;1.0;1.0;1.0;1.0;2.0;3.0;2.0;2026-08-09 22:00:00+00:00
44.536;-0.331;-00.331_44.536;33.0;33.0;Graves-Sauternais;GRAVES;SAUTERNES;2026-08-11;33.0;223.0;0.0;0.0;0.0;1.0;1.0;1.0;1.0;1.0;1.0;1.0;1.0;3.0;2.0;3.0;1.0;2026-08-10 22:00:00+00:00
44.536;-0.331;-00.331_44.536;33.0;33.0;Graves-Sauternais;GRAVES;SAUTERNES;2026-08-12;33.0;224.0;0.0;0.0;0.0;1.0;1.0;1.0;1.0;1.0;1.0;2.0;4.0;1.0;2.0;1.0;4.0;2026-08-11 22:00:00+00:00
44.536;-0.331;-00.331_44.536;33.0;33.0;Graves-Sauternais;GRAVES;SAUTERNES;2026-08-13;33.0;225.0;0.0;0.0;0.0;1.0;1.0;1.0;1.0;1.0;1.0;2.0;1.0;1.0;3.0;2.0;2.0;2026-08-12 22:00:00+00:00
44.536;-0.331;-00.331_44.536;33.0;33.0;Graves-Sauternais;GRAVES;SAUTERNES;2026-08-14;33.0;226.0;0.0;0.0;0.0;1.0;1.0;1.0;1.0;1.0;1.0;1.0;1.0;2.0;1.0;4.0;3.0;2026-08-13 22:00:00+00:00
44.536;-0.331;-00.331_44.536;33.0;33.0;Graves-Sauternais;GRAVES;SAUTERNES;2026-08-15;33.0;227.0;16.2;16.2;16.2;1.0;1.0;1.0;1.0;1.0;1.0;2.0;2.0;1.0;1.0;1.0;4.0;2026-08-14 22:00:00+00:00
44.536;-0.331;-00.331_44.536;33.0;33.0;Graves-Sauternais;GRAVES;SAUTERNES;2026-08-16;33.0;228.0;0.0;0.0;0.0;1.0;1.0;1.0;1.0;1.0;1.0;3.0;2.0;2.0;2.0;2.0;2.0;2026-08-15 22:00:00+00:00
44.536;-0.331;-00.331_44.536;33.0;33.0;Graves-Sauternais;GRAVES;SAUTERNES;2026-08-17;34.0;229.0;0.0;0.0;0.0;1.0;1.0;1.0;1.0;1.0;1.0;1.0;1.0;2.0;1.0;1.0;1.0;2026-08-16 22:00:00+00:00
44.536;-0.331;-00.331_44.536;33.0;33.0;Graves-Sauternais;GRAVES;SAUTERNES;2026-08-18;34.0;230.0;0.0;0.0;0.0;1.0;1.0;1.0;1.0;1.0;1.0;1.0;1.0;2.0;1.0;3.0;3.0;2026-08-17 22:00:00+00:00
44.536;-0.331;-00.331_44.536;33.0;33.0;Graves-Sauternais;GRAVES;SAUTERNES;2026-08-19;34.0;231.0;0.0;0.0;0.0;1.0;1.0;1.0;1.0;1.0;1.0;3.0;2.0;3.0;1.0;3.0;1.0;2026-08-18 22:00:00+00:00
44.536;-0.331;-00.331_44.536;33.0;33.0;Graves-Sauternais;GRAVES;SAUTERNES;2026-08-20;34.0;232.0;5.3;5.3;5.3;1.0;1.0;1.0;1.0;1.0;1.0;1.0;1.0;3.0;2.0;3.0;1.0;2026-08-19 22:00:00+00:00
44.536;-0.331;-00.331_44.536;33.0;33.0;Graves-Sauternais;GRAVES;SAUTERNES;2026-08-21;34.0;233.0;6.7;6.7;6.7;1.0;1.0;1.0;1.0;1.0;1.0;2.0;1.0;2.0;1.0;1.0;2.0;2026-08-20 22:00:00+00:00
44.536;-0.331;-00.331_44.536;33.0;33.0;Graves-Sauternais;GRAVES;SAUTERNES;2026-08-22;34.0;234.0;0.0;0.0;0.0;1.0;1.0;1.0;1.0;1.0;1.0;1.0;2.0;1.0;2.0;1.0;2.0;2026-08-21 22:00:00+00:00
44.536;-0.331;-00.331_44.536;33.0;33.0;Graves-Sauternais;GRAVES;SAUTERNES;2026-08-23;34.0;235.0;9.9;9.9;9.9;1.0;1.0;1.0;1.0;1.0;1.0;3.0;2.0;1.0;1.0;1.0;2.0;2026-08-22 22:00:00+00:00
44.536;-0.331;-00.331_44.536;33.0;33.0;Graves-Sauternais;GRAVES;SAUTERNES;2026-08-24;35.0;236.0;5.129;9.154;22.241;1.0;1.0;1.0;1.0;1.0;1.0;1.0;4.0;1.0;1.0;2.0;2.0;2026-08-23 22:00:00+00:00
44.536;-0.331;-00.331_44.536;33.0;33.0;Graves-Sauternais;GRAVES;SAUTERNES;2026-08-25;35.0;237.0;2.208;4.417;11.045;1.0;1.0;1.0;1.0;1.0;1.0;2.0;1.0;3.0;3.0;3.0;2.0;2026-08-24 22:00:00+00:00
44.536;-0.331;-00.331_44.536;33.0;33.0;Graves-Sauternais;GRAVES;SAUTERNES;2026-08-26;35.0;238.0;0.783;1.567;3.915;1.0;1.0;1.0;1.0;1.0;1.0;3.0;2.0;1.0;3.0;2.0;1.0;2026-08-25 22:00:00+00:00
44.536;-0.331;-00.331_44.536;33.0;33.0;Graves-Sauternais;GRAVES;SAUTERNES;2026-08-27;35.0;239.0;0.2309999999999999;0.345;0.92;1.0;1.0;1.0;1.0;1.0;1.0;3.0;2.0;4.0;3.0;2.0;3.0;2026-08-26 22:00:00+00:00
44.536;-0.331;-00.331_44.536;33.0;33.0;Graves-Sauternais;GRAVES;SAUTERNES;2026-08-28;35.0;240.0;0.0;0.0;0.0;1.0;1.0;1.0;1.0;1.0;1.0;1.0;2.0;1.0;1.0;1.0;1.0;2026-08-27 22:00:00+00:00
44.536;-0.331;-00.331_44.536;33.0;33.0;Graves-Sauternais;GRAVES;SAUTERNES;2026-08-29;35.0;241.0;0.0;0.0;0.0;1.0;1.0;1.0;1.0;1.0;1.0;4.0;1.0;1.0;1.0;4.0;4.0;2026-08-28 22:00:00+00:00
44.536;-0.331;-00.331_44.536;33.0;33.0;Graves-Sauternais;GRAVES;SAUTERNES;2026-08-30;35.0;242.0;0.0;0.0;0.0;1.0;1.0;1.0;1.0;1.0;1.0;1.0;1.0;2.0;3.0;1.0;1.0;2026-08-29 22:00:00+00:00
44.536;-0.331;-00.331_44.536;33.0;33.0;Graves-Sauternais;GRAVES;SAUTERNES;2026-08-31;36.0;243.0;0.063;0.063;0.186;1.0;1.0;1.0;1.0;1.0;1.0;1.0;1.0;2.0;2.0;2.0;3.0;2026-08-30 22:00:00+00:00
44.536;-0.331;-00.331_44.536;33.0;33.0;Graves-Sauternais;GRAVES;SAUTERNES;2026-09-01;36.0;244.0;0.0;0.0;0.0;1.0;1.0;1.0;1.0;1.0;1.0;3.0;4.0;3.0;3.0;1.0;2.0;2026-08-31 22:00:00+00:00
44.536;-0.331;-00.331_44.536;33.0;33.0;Graves-Sauternais;GRAVES;SAUTERNES;2026-09-02;36.0;245.0;0.152;0.227;0.609;1.0;1.0;1.0;1.0;1.0;1.0;2.0;1.0;1.0;1.0;2.0;1.0;2026-09-01 22:00:00+00:00
44.536;-0.331;-00.331_44.536;33.0;33.0;Graves-Sauternais;GRAVES;SAUTERNES;2026-09-03;36.0;246.0;1.031;1.951;4.936;1.0;1.0;1.0;1.0;1.0;1.0;1.0;1.0;3.0;4.0;1.0;2.0;2026-09-02 22:00:00+00:00
44.536;-0.331;-00.331_44.536;33.0;33.0;Graves-Sauternais;GRAVES;SAUTERNES;2026-09-04;36.0;247.0;1.249;2.4;6.049;1.0;1.0;1.0;1.0;1.0;1.0;1.0;1.0;4.0;1.0;1.0;1.0;2026-09-03 22:00:00+00:00
44.536;-0.331;-00.331_44.536;33.0;33.0;Graves-Sauternais;GRAVES;SAUTERNES;2026-09-05;36.0;248.0;0.7290000000000001;1.353;3.439;1.0;1.0;1.0;1.0;1.0;1.0;3.0;3.0;2.0;3.0;1.0;4.0;2026-09-04 22:00:00+00:00
44.536;-0.331;-00.331_44.536;33.0;33.0;Graves-Sauternais;GRAVES;SAUTERNES;2026-09-06;36.0;249.0;0.0;0.0;0.0;1.0;1.0;1.0;1.0;1.0;1.0;1.0;1.0;1.0;1.0;1.0;1.0;2026-09-05 22:00:00+00:00
44.536;-0.331;-00.331_44.536;33.0;33.0;Graves-Sauternais;GRAVES;SAUTERNES;2026-09-07;37.0;250.0;0.662;1.322;3.303;1.0;1.0;1.0;1.0;1.0;1.0;3.0;1.0;1.0;1.0;1.0;4.0;2026-09-06 22:00:00+00:00
44.74;-0.355;-00.355_44.740;33.0;33.0;Ouest Entre-deux-Mers;ENTRE2MERS;HAUX;2026-01-01;1.0;1.0;0.0;0.0;0.0;1.0;1.0;1.0;;;;1.0;2.0;2.0;1.0;2.0;3.0;2025-12-31 23:00:00+00:00
44.74;-0.355;-00.355_44.740;33.0;33.0;Ouest Entre-deux-Mers;ENTRE2MERS;HAUX;2026-01-02;1.0;2.0;0.0;0.0;0.0;1.0;1.0;1.0;;;;2.0;2.0;4.0;2.0;3.0;2.0;2026-01-01 23:00:00+00:00
44.74;-0.355;-00.355_44.740;33.0;33.0;Ouest Entre-deux-Mers;ENTRE2MERS;HAUX;2026-01-03;1.0;3.0;0.0;0.0;0.0;1.0;1.0;1.0;;;;3.0;2.0;1.0;1.0;1.0;1.0;2026-01-02 23:00:00+00:00
44.74;-0.355;-00.355_44.740;33.0;33.0;Ouest Entre-deux-Mers;ENTRE2MERS;HAUX;2026-01-04;1.0;4.0;0.0;0.0;0.0;1.0;1.0;1.0;;;;4.0;3.0;1.0;2.0;1.0;1.0;2026-01-03 23:00:00+00:00
44.74;-0.355;-00.355_44.740;33.0;33.0;Ouest Entre-deux-Mers;ENTRE2MERS;HAUX;2026-01-05;2.0;5.0;0.0;0.0;0.0;1.0;1.0;1.0;;;;4.0;2.0;4.0;1.0;1.0;2.0;2026-01-04 23:00:00+00:00
44.74;-0.355;-00.355_44.740;33.0;33.0;Ouest Entre-deux-Mers;ENTRE2MERS;HAUX;2026-01-06;2.0;6.0;0.0;0.0;0.0;1.0;1.0;1.0;;;;1.0;3.0;1.0;4.0;3.0;1.0;2026-01-05 23:00:00+00:00
44.74;-0.355;-00.355_44.740;33.0;33.0;Ouest Entre-deux-Mers;ENTRE2MERS;HAUX;2026-01-07;2.0;7.0;2.0;2.0;2.0;1.0;1.0;1.0;;;;4.0;3.0;1.0;1.0;3.0;1.0;2026-01-06 23:00:00+00:00
44.74;-0.355;-00.355_44.740;33.0;33.0;Ouest Entre-deux-Mers;ENTRE2MERS;HAUX;2026-01-08;2.0;8.0;13.8;13.8;13.8;1.0;1.0;1.0;;;;1.0;4.0;2.0;2.0;3.0;2.0;2026-01-07 23:00:00+00:00
44.74;-0.355;-00.355_44.740;33.0;33.0;Ouest Entre-deux-Mers;ENTRE2MERS;HAUX;2026-01-09;2.0;9.0;11.0;11.0;11.0;1.0;1.0;1.0;;;;2.0;2.0;2.0;2.0;4.0;1.0;2026-01-08 23:00:00+00:00
44.74;-0.355;-00.355_44.740;33.0;33.0;Ouest Entre-deux-Mers;ENTRE2MERS;HAUX;2026-01-10;2.0;10.0;3.7;3.7;3.7;1.0;1.0;1.0;;;;1.0;1.0;1.0;2.0;1.0;1.0;2026-01-09 23:00:00+00:00
44.74;-0.355;-00.355_44.740;33.0;33.0;Ouest Entre-deux-Mers;ENTRE2MERS;HAUX;2026-01-11;2.0;11.0;0.1;0.1;0.1;1.0;1.0;1.0;;;;3.0;3.0;3.0;3.0;1.0;1.0;2026-01-10 23:00:00+00:00
44.74;-0.355;-00.355_44.740;33.0;33.0;Ouest Entre-deux-Mers;ENTRE2MERS;HAUX;2026-01-12;3.0;12.0;0.0;0.0;0.0;1.0;1.0;1.0;;;;1.0;1.0;1.0;2.0;2.0;3.0;2026-01-11 23:00:00+00:00
44.74;-0.355;-00.355_44.740;33.0;33.0;Ouest Entre-deux-Mers;ENTRE2MERS;HAUX;2026-01-13;3.0;13.0;0.0;0.0;0.0;1.0;1.0;1.0;;;;1.0;2.0;2.0;2.0;2.0;1.0;2026-01-12 23:00:00+00:00
44.74;-0.355;-00.355_44.740;33.0;33.0;Ouest Entre-deux-Mers;ENTRE2MERS;HAUX;2026-01-14;3.0;14.0;0.0;0.0;0.0;1.0;1.0;1.0;;;;3.0;2.0;3.0;2.0;1.0;1.0;2026-01-13 23:00:00+00:00
44.74;-0.355;-00.355_44.740;33.0;33.0;Ouest Entre-deux-Mers;ENTRE2MERS;HAUX;2026-01-15;3.0;15.0;0.8;0.8;0.8;1.0;1.0;1.0;;;;1.0;1.0;2.0;4.0;2.0;2.0;2026-01-14 23:00:00+00:00
44.74;-0.355;-00.355_44.740;33.0;33.0;Ouest Entre-deux-Mers;ENTRE2MERS;HAUX;2026-01-16;3.0;16.0;2.4;2.4;2.4;1.0;1.0;1.0;;;;2.0;3.0;2.0;2.0;1.0;3.0;2026-01-15 23:00:00+00:00
44.74;-0.355;-00.355_44.740;33.0;33.0;Ouest Entre-deux-Mers;ENTRE2MERS;HAUX;2026-01-17;3.0;17.0;7.8;7.8;7.8;1.0;1.0;1.0;;;;1.0;1.0;1.0;1.0;1.0;1.0;2026-01-16 23:00:00+00:00
44.74;-0.355;-00.355_44.740;33.0;33.0;Ouest Entre-deux-Mers;ENTRE2MERS;HAUX;2026-01-18;3.0;18.0;0.8;0.8;0.8;1.0;1.0;1.0;;;;1.0;1.0;2.0;1.0;2.0;3.0;2026-01-17 23:00:00+00:00
44.74;-0.355;-00.355_44.740;33.0;33.0;Ouest Entre-deux-Mers;ENTRE2MERS;HAUX;2026-01-19;4.0;19.0;0.6000000000000001;0.6000000000000001;0.6000000000000001;1.0;1.0;1.0;;;;3.0;2.0;1.0;1.0;3.0;1.0;2026-01-18 23:00:00+00:00
44.74;-0.355;-00.355_44.740;33.0;33.0;Ouest Entre-deux-Mers;ENTRE2MERS;HAUX;2026-01-20;4.0;20.0;0.0;0.0;0.0;1.0;1.0;1.0;;;;1.0;3.0;1.0;2.0;4.0;4.0;2026-01-19 23:00:00+00:00
44.74;-0.355;-00.355_44.740;33.0;33.0;Ouest Entre-deux-Mers;ENTRE2MERS;HAUX;2026-01-21;4.0;21.0;5.0;5.0;5.0;1.0;1.0;1.0;;;;2.0;1.0;2.0;3.0;2.0;3.0;2026-01-20 23:00:00+00:00
44.74;-0.355;-00.355_44.740;33.0;33.0;Ouest Entre-deux-Mers;ENTRE2MERS;HAUX;2026-01-22;4.0;22.0;5.4;5.4;5.4;1.0;1.0;1.0;;;;1.0;2.0;4.0;1.0;1.0;1.0;2026-01-21 23:00:00+00:00
44.74;-0.355;-00.355_44.740;33.0;33.0;Ouest Entre-deux-Mers;ENTRE2MERS;HAUX;2026-01-23;4.0;23.0;6.2;6.2;6.2;1.0;1.0;1.0;;;;2.0;1.0;1.0;3.0;1.0;2.0;2026-01-22 23:00:00+00:00
44.74;-0.355;-00.355_44.740;33.0;33.0;Ouest Entre-deux-Mers;ENTRE2MERS;HAUX;2026-01-24;4.0;24.0;5.0;5.0;5.0;1.0;1.0;1.0;;;;1.0;2.0;2.0;1.0;3.0;1.0;2026-01-23 23:00:00+00:00
44.74;-0.355;-00.355_44.740;33.0;33.0;Ouest Entre-deux-Mers;ENTRE2MERS;HAUX;2026-01-25;4.0;25.0;18.7;18.7;18.7;1.0;1.0;1.0;;;;1.0;1.0;2.0;2.0;3.0;1.0;2026-01-24 23:00:00+00:00
44.74;-0.355;-00.355_44.740;33.0;33.0;Ouest Entre-deux-Mers;ENTRE2MERS;HAUX;2026-01-26;5.0;26.0;1.3;1.3;1.3;1.0;1.0;1.0;;;;2.0;3.0;2.0;2.0;1.0;2.0;2026-01-25 23:00:00+00:00
44.74;-0.355;-00.355_44.740;33.0;33.0;Ouest Entre-deux-Mers;ENTRE2MERS;HAUX;2026-01-27;5.0;27.0;11.1;11.1;11.1;1.0;1.0;1.0;;;;2.0;1.0;1.0;1.0;2.0;1.0;2026-01-26 23:00:00+00:00
44.74;-0.355;-00.355_44.740;33.0;33.0;Ouest Entre-deux-Mers;ENTRE2MERS;HAUX;2026-01-28;5.0;28.0;7.0;7.0;7.0;1.0;1.0;1.0;;;;3.0;2.0;1.0;3.0;1.0;2.0;2026-01-27 23:00:00+00:00
44.74;-0.355;-00.355_44.740;33.0;33.0;Ouest Entre-deux-Mers;ENTRE2MERS;HAUX;2026-01-29;5.0;29.0;3.3000000000000003;3.3000000000000003;3.3000000000000003;1.0;1.0;1.0;;;;2.0;3.0;1.0;2.0;2.0;1.0;2026-01-28 23:00:00+00:00
44.74;-0.355;-00.355_44.740;33.0;33.0;Ouest Entre-deux-Mers;ENTRE2MERS;HAUX;2026-01-30;5.0;30.0;4.2;4.2;4.2;1.0;1.0;1.0;;;;3.0;2.0;2.0;1.0;1.0;2.0;2026-01-29 23:00:00+00:00
44.74;-0.355;-00.355_44.740;33.0;33.0;Ouest Entre-deux-Mers;ENTRE2MERS;HAUX;2026-01-31;5.0;31.0;11.9;11.9;11.9;1.0;1.0;1.0;;;;1.0;3.0;2.0;1.0;2.0;1.0;2026-01-30 23:00:00+00:00
44.74;-0.355;-00.355_44.740;33.0;33.0;Ouest Entre-deux-Mers;ENTRE2MERS;HAUX;2026-02-01;5.0;32.0;5.3;5.3;5.3;1.0;1.0;1.0;;;;2.0;4.0;3.0;2.0;1.0;1.0;2026-01-31 23:00:00+00:00
44.74;-0.355;-00.355_44.740;33.0;33.0;Ouest Entre-deux-Mers;ENTRE2MERS;HAUX;2026-02-02;6.0;33.0;6.1;6.1;6.1;1.0;1.0;1.0;;;;2.0;1.0;2.0;2.0;3.0;1.0;2026-02-01 23:00:00+00:00
44.74;-0.355;-00.355_44.740;33.0;33.0;Ouest Entre-deux-Mers;ENTRE2MERS;HAUX;2026-02-03;6.0;34.0;2.8;2.8;2.8;1.0;1.0;1.0;;;;1.0;1.0;1.0;1.0;2.0;2.0;2026-02-02 23:00:00+00:00
44.74;-0.355;-00.355_44.740;33.0;33.0;Ouest Entre-deux-Mers;ENTRE2MERS;HAUX;2026-02-04;6.0;35.0;6.5;6.5;6.5;1.0;1.0;1.0;;;;2.0;2.0;1.0;1.0;2.0;1.0;2026-02-03 23:00:00+00:00
44.74;-0.355;-00.355_44.740;33.0;33.0;Ouest Entre-deux-Mers;ENTRE2MERS;HAUX;2026-02-05;6.0;36.0;8.9;8.9;8.9;1.0;1.0;1.0;;;;1.0;1.0;2.0;4.0;1.0;2.0;2026-02-04 23:00:00+00:00
44.74;-0.355;-00.355_44.740;33.0;33.0;Ouest Entre-deux-Mers;ENTRE2MERS;HAUX;2026-02-06;6.0;37.0;1.7;1.7;1.7;1.0;1.0;1.0;;;;1.0;1.0;2.0;1.0;1.0;2.0;2026-02-05 23:00:00+00:00
44.74;-0.355;-00.355_44.740;33.0;33.0;Ouest Entre-deux-Mers;ENTRE2MERS;HAUX;2026-02-07;6.0;38.0;1.0;1.0;1.0;1.0;1.0;1.0;;;;1.0;1.0;3.0;3.0;1.0;2.0;2026-02-06 23:00:00+00:00
44.74;-0.355;-00.355_44.740;33.0;33.0;Ouest Entre-deux-Mers;ENTRE2MERS;HAUX;2026-02-08;6.0;39.0;0.1;0.1;0.1;1.0;1.0;1.0;;;;1.0;1.0;1.0;3.0;2.0;2.0;2026-02-07 23:00:00+00:00
44.74;-0.355;-00.355_44.740;33.0;33.0;Ouest Entre-deux-Mers;ENTRE2MERS;HAUX;2026-02-09;7.0;40.0;4.7;4.7;4.7;1.0;1.0;1.0;;;;2.0;1.0;2.0;3.0;1.0;1.0;2026-02-08 23:00:00+00:00
44.74;-0.355;-00.355_44.740;33.0;33.0;Ouest Entre-deux-Mers;ENTRE2MERS;HAUX;2026-02-10;7.0;41.0;25.4;25.4;25.4;1.0;1.0;1.0;;;;2.0;3.0;2.0;1.0;4.0;1.0;2026-02-09 23:00:00+00:00
44.74;-0.355;-00.355_44.740;33.0;33.0;Ouest Entre-deux-Mers;ENTRE2MERS;HAUX;2026-02-11;7.0;42.0;10.5;10.5;10.5;1.0;1.0;1.0;;;;1.0;2.0;3.0;4.0;2.0;1.0;2026-02-10 23:00:00+00:00
44.74;-0.355;-00.355_44.740;33.0;33.0;Ouest Entre-deux-Mers;ENTRE2MERS;HAUX;2026-02-12;7.0;43.0;15.9;15.9;15.9;1.0;1.0;1.0;;;;1.0;1.0;1.0;3.0;1.0;3.0;2026-02-11 23:00:00+00:00
44.74;-0.355;-00.355_44.740;33.0;33.0;Ouest Entre-deux-Mers;ENTRE2MERS;HAUX;2026-02-13;7.0;44.0;4.7;4.7;4.7;1.0;1.0;1.0;;;;2.0;2.0;3.0;1.0;1.0;1.0;2026-02-12 23:00:00+00:00
44.74;-0.355;-00.355_44.740;33.0;33.0;Ouest Entre-deux-Mers;ENTRE2MERS;HAUX;2026-02-14;7.0;45.0;3.6;3.6;3.6;1.0;1.0;1.0;;;;1.0;2.0;1.0;1.0;3.0;4.0;2026-02-13 23:00:00+00:00
44.74;-0.355;-00.355_44.740;33.0;33.0;Ouest Entre-deux-Mers;ENTRE2MERS;HAUX;2026-02-15;7.0;46.0;17.4;17.4;17.4;1.0;1.0;1.0;;;;1.0;1.0;2.0;3.0;1.0;2.0;2026-02-14 23:00:00+00:00
44.74;-0.355;-00.355_44.740;33.0;33.0;Ouest Entre-deux-Mers;ENTRE2MERS;HAUX;2026-02-16;8.0;47.0;3.8;3.8;3.8;1.0;1.0;1.0;;;;2.0;2.0;1.0;1.0;1.0;2.0;2026-02-15 23:00:00+00:00
44.74;-0.355;-00.355_44.740;33.0;33.0;Ouest Entre-deux-Mers;ENTRE2MERS;HAUX;2026-02-17;8.0;48.0;0.1;0.1;0.1;1.0;1.0;1.0;;;;1.0;2.0;1.0;3.0;2.0;2.0;2026-02-16 23:00:00+00:00
44.74;-0.355;-00.355_44.740;33.0;33.0;Ouest Entre-deux-Mers;ENTRE2MERS;HAUX;2026-02-18;8.0;49.0;9.3;9.3;9.3;1.0;1.0;1.0;;;;3.0;1.0;2.0;1.0;1.0;3.0;2026-02-17 23:00:00+00:00
44.74;-0.355;-00.355_44.740;33.0;33.0;Ouest Entre-deux-Mers;ENTRE2MERS;HAUX;2026-02-19;8.0;50.0;10.7;10.7;10.7;1.0;1.0;1.0;;;;1.0;1.0;2.0;2.0;3.0;1.0;2026-02-18 23:00:00+00:00
44.74;-0.355;-00.355_44.740;33.0;33.0;Ouest Entre-deux-Mers;ENTRE2MERS;HAUX;2026-02-20;8.0;51.0;0.3;0.3;0.3;1.0;1.0;1.0;;;;3.0;1.0;1.0;1.0;3.0;2.0;2026-02-19 23:00:00+00:00
44.74;-0.355;-00.355_44.740;33.0;33.0;Ouest Entre-deux-Mers;ENTRE2MERS;HAUX;2026-02-21;8.0;52.0;0.1;0.1;0.1;1.0;1.0;1.0;;;;1.0;1.0;2.0;1.0;1.0;1.0;2026-02-20 23:00:00+00:00
44.74;-0.355;-00.355_44.740;33.0;33.0;Ouest Entre-deux-Mers;ENTRE2MERS;HAUX;2026-02-22;8.0;53.0;0.0;0.0;0.0;1.0;1.0;1.0;;;;2.0;1.0;3.0;1.0;1.0;1.0;2026-02-21 23:00:00+00:00
44.74;-0.355;-00.355_44.740;33.0;33.0;Ouest Entre-deux-Mers;ENTRE2MERS;HAUX;2026-02-23;9.0;54.0;0.0;0.0;0.0;1.0;1.0;1.0;;;;2.0;1.0;1.0;4.0;1.0;1.0;2026-02-22 23:00:00+00:00
44.74;-0.355;-00.355_44.740;33.0;33.0;Ouest Entre-deux-Mers;ENTRE2MERS;HAUX;2026-02-24;9.0;55.0;0.0;0.0;0.0;1.0;1.0;1.0;;;;1.0;2.0;3.0;3.0;2.0;2.0;2026-02-23 23:00:00+00:00
44.74;-0.355;-00.355_44.740;33.0;33.0;Ouest Entre-deux-Mers;ENTRE2MERS;HAUX;2026-02-25;9.0;56.0;0.0;0.0;0.0;1.0;1.0;1.0;;;;1.0;1.0;1.0;2.0;2.0;2.0;2026-02-24 23:00:00+00:00
44.74;-0.355;-00.355_44.740;33.0;33.0;Ouest Entre-deux-Mers;ENTRE2MERS;HAUX;2026-02-26;9.0;57.0;0.0;0.0;0.0;1.0;1.0;1.0;;;;1.0;3.0;1.0;1.0;1.0;1.0;2026-02-25 23:00:00+00:00
44.74;-0.355;-00.355_44.740;33.0;33.0;Ouest Entre-deux-Mers;ENTRE2MERS;HAUX;2026-02-27;9.0;58.0;0.0;0.0;0.0;1.0;1.0;1.0;;;;1.0;3.0;1.0;1.0;1.0;2.0;2026-02-26 23:00:00+00:00
44.74;-0.355;-00.355_44.740;33.0;33.0;Ouest Entre-deux-Mers;ENTRE2MERS;HAUX;2026-02-28;9.0;59.0;0.1;0.1;0.1;1.0;1.0;1.0;;;;2.0;3.0;1.0;2.0;2.0;2.0;2026-02-27 23:00:00+00:00
44.74;-0.355;-00.355_44.740;33.0;33.0;Ouest Entre-deux-Mers;ENTRE2MERS;HAUX;2026-03-01;9.0;60.0;0.0;0.0;0.0;1.0;1.0;1.0;;;;1.0;4.0;1.0;1.0;2.0;1.0;2026-02-28 23:00:00+00:00
44.74;-0.355;-00.355_44.740;33.0;33.0;Ouest Entre-deux-Mers;ENTRE2MERS;HAUX;2026-03-02;10.0;61.0;0.0;0.0;0.0;1.0;1.0;1.0;;;;1.0;2.0;4.0;2.0;1.0;1.0;2026-03-01 23:00:00+00:00
44.74;-0.355;-00.355_44.740;33.0;33.0;Ouest Entre-deux-Mers;ENTRE2MERS;HAUX;2026-03-03;10.0;62.0;0.0;0.0;0.0;1.0;1.0;1.0;;;;1.0;1.0;1.0;1.0;1.0;1.0;2026-03-02 23:00:00+00:00
44.74;-0.355;-00.355_44.740;33.0;33.0;Ouest Entre-deux-Mers;ENTRE2MERS;HAUX;2026-03-04;10.0;63.0;0.0;0.0;0.0;1.0;1.0;1.0;;;;1.0;2.0;2.0;3.0;3.0;2.0;2026-03-03 23:00:00+00:00
44.74;-0.355;-00.355_44.740;33.0;33.0;Ouest Entre-deux-Mers;ENTRE2MERS;HAUX;2026-03-05;10.0;64.0;1.4;1.4;1.4;1.0;1.0;1.0;;;;4.0;1.0;4.0;2.0;2.0;2.0;2026-03-04 23:00:00+00:00
44.74;-0.355;-00.355_44.740;33.0;33.0;Ouest Entre-deux-Mers;ENTRE2MERS;HAUX;2026-03-06;10.0;65.0;0.5;0.5;0.5;1.0;1.0;1.0;;;;1.0;1.0;3.0;1.0;1.0;3.0;2026-03-05 23:00:00+00:00
44.74;-0.355;-00.355_44.740;33.0;33.0;Ouest Entre-deux-Mers;ENTRE2MERS;HAUX;2026-03-07;10.0;66.0;0.0;0.0;0.0;1.0;1.0;1.0;;;;1.0;1.0;1.0;1.0;3.0;2.0;2026-03-06 23:00:00+00:00
44.74;-0.355;-00.355_44.740;33.0;33.0;Ouest Entre-deux-Mers;ENTRE2MERS;HAUX;2026-03-08;10.0;67.0;0.5;0.5;0.5;1.0;1.0;1.0;;;;4.0;1.0;1.0;1.0;1.0;1.0;2026-03-07 23:00:00+00:00
44.74;-0.355;-00.355_44.740;33.0;33.0;Ouest Entre-deux-Mers;ENTRE2MERS;HAUX;2026-03-09;11.0;68.0;0.0;0.0;0.0;1.0;1.0;1.0;;;;1.0;2.0;2.0;3.0;1.0;1.0;2026-03-08 23:00:00+00:00
44.74;-0.355;-00.355_44.740;33.0;33.0;Ouest Entre-deux-Mers;ENTRE2MERS;HAUX;2026-03-10;11.0;69.0;3.0;3.0;3.0;1.0;1.0;1.0;;;;1.0;3.0;2.0;1.0;3.0;1.0;2026-03-09 23:00:00+00:00
44.74;-0.355;-00.355_44.740;33.0;33.0;Ouest Entre-deux-Mers;ENTRE2MERS;HAUX;2026-03-11;11.0;70.0;5.2;5.2;5.2;1.0;1.0;1.0;;;;1.0;2.0;2.0;4.0;3.0;2.0;2026-03-10 23:00:00+00:00
44.74;-0.355;-00.355_44.740;33.0;33.0;Ouest Entre-deux-Mers;ENTRE2MERS;HAUX;2026-03-12;11.0;71.0;0.0;0.0;0.0;1.0;1.0;1.0;;;;1.0;3.0;3.0;2.0;1.0;2.0;2026-03-11 23:00:00+00:00
44.74;-0.355;-00.355_44.740;33.0;33.0;Ouest Entre-deux-Mers;ENTRE2MERS;HAUX;2026-03-13;11.0;72.0;8.3;8.3;8.3;1.0;1.0;1.0;;;;2.0;2.0;1.0;2.0;4.0;1.0;2026-03-12 23:00:00+00:00
44.74;-0.355;-00.355_44.740;33.0;33.0;Ouest Entre-deux-Mers;ENTRE2MERS;HAUX;2026-03-14;11.0;73.0;4.6000000000000005;4.6000000000000005;4.6000000000000005;1.0;1.0;1.0;;;;2.0;2.0;1.0;2.0;2.0;1.0;2026-03-13 23:00:00+00:00
44.74;-0.355;-00.355_44.740;33.0;33.0;Ouest Entre-deux-Mers;ENTRE2MERS;HAUX;2026-03-15;11.0;74.0;0.0;0.0;0.0;1.0;1.0;1.0;;;;4.0;2.0;1.0;1.0;1.0;2.0;2026-03-14 23:00:00+00:00
44.74;-0.355;-00.355_44.740;33.0;33.0;Ouest Entre-deux-Mers;ENTRE2MERS;HAUX;2026-03-16;12.0;75.0;0.8999999999999999;0.8999999999999999;0.8999999999999999;1.0;1.0;1.0;;;;1.0;1.0;3.0;1.0;1.0;1.0;2026-03-15 23:00:00+00:00
44.74;-0.355;-00.355_44.740;33.0;33.0;Ouest Entre-deux-Mers;ENTRE2MERS;HAUX;2026-03-17;12.0;76.0;0.0;0.0;0.0;1.0;1.0;1.0;;;;1.0;2.0;1.0;3.0;3.0;1.0;2026-03-16 23:00:00+00:00
44.74;-0.355;-00.355_44.740;33.0;33.0;Ouest Entre-deux-Mers;ENTRE2MERS;HAUX;2026-03-18;12.0;77.0;0.0;0.0;0.0;1.0;1.0;1.0;;;;1.0;1.0;1.0;1.0;3.0;1.0;2026-03-17 23:00:00+00:00
44.74;-0.355;-00.355_44.740;33.0;33.0;Ouest Entre-deux-Mers;ENTRE2MERS;HAUX;2026-03-19;12.0;78.0;0.0;0.0;0.0;1.0;1.0;1.0;;;;1.0;4.0;2.0;2.0;1.0;2.0;2026-03-18 23:00:00+00:00
44.74;-0.355;-00.355_44.740;33.0;33.0;Ouest Entre-deux-Mers;ENTRE2MERS;HAUX;2026-03-20;12.0;79.0;0.0;0.0;0.0;1.0;1.0;1.0;;;;3.0;1.0;1.0;1.0;2.0;2.0;2026-03-19 23:00:00+00:00
44.74;-0.355;-00.355_44.740;33.0;33.0;Ouest Entre-deux-Mers;ENTRE2MERS;HAUX;2026-03-21;12.0;80.0;0.0;0.0;0.0;1.0;1.0;1.0;;;;2.0;2.0;3.0;1.0;4.0;2.0;2026-03-20 23:00:00+00:00
44.74;-0.355;-00.355_44.740;33.0;33.0;Ouest Entre-deux-Mers;ENTRE2MERS;HAUX;2026-03-22;12.0;81.0;0.0;0.0;0.0;1.0;1.0;1.0;;;;4.0;2.0;1.0;1.0;1.0;1.0;2026-03-21 23:00:00+00:00
44.74;-0.355;-00.355_44.740;33.0;33.0;Ouest Entre-deux-Mers;ENTRE2MERS;HAUX;2026-03-23;13.0;82.0;0.0;0.0;0.0;1.0;1.0;1.0;;;;3.0;3.0;1.0;2.0;4.0;1.0;2026-03-22 23:00:00+00:00
44.74;-0.355;-00.355_44.740;33.0;33.0;Ouest Entre-deux-Mers;ENTRE2MERS;HAUX;2026-03-24;13.0;83.0;0.0;0.0;0.0;1.0;1.0;1.0;;;;2.0;4.0;4.0;1.0;1.0;2.0;2026-03-23 23:00:00+00:00
44.74;-0.355;-00.355_44.740;33.0;33.0;Ouest Entre-deux-Mers;ENTRE2MERS;HAUX;2026-03-25;13.0;84.0;0.9;0.9;0.9;1.0;1.0;1.0;;;;1.0;1.0;1.0;2.0;3.0;2.0;2026-03-24 23:00:00+00:00
44.74;-0.355;-00.355_44.740;33.0;33.0;Ouest Entre-deux-Mers;ENTRE2MERS;HAUX;2026-03-26;13.0;85.0;0.0;0.0;0.0;1.0;1.0;1.0;;;;1.0;1.0;2.0;1.0;2.0;2.0;2026-03-25 23:00:00+00:00
44.74;-0.355;-00.355_44.740;33.0;33.0;Ouest Entre-deux-Mers;ENTRE2MERS;HAUX;2026-03-27;13.0;86.0;0.0;0.0;0.0;1.0;1.0;1.0;;;;3.0;1.0;2.0;2.0;1.0;2.0;2026-03-26 23:00:00+00:00
44.74;-0.355;-00.355_44.740;33.0;33.0;Ouest Entre-deux-Mers;ENTRE2MERS;HAUX;2026-03-28;13.0;87.0;0.9;0.9;0.9;1.0;1.0;1.0;;;;1.0;1.0;1.0;3.0;2.0;4.0;2026-03-27 23:00:00+00:00
44.74;-0.355;-00.355_44.740;33.0;33.0;Ouest Entre-deux-Mers;ENTRE2MERS;HAUX;2026-03-29;13.0;88.0;0.0;0.0;0.0;1.0;1.0;1.0;;;;3.0;3.0;2.0;1.0;4.0;2.0;2026-03-28 23:00:00+00:00
44.74;-0.355;-00.355_44.740;33.0;33.0;Ouest Entre-deux-Mers;ENTRE2MERS;HAUX;2026-03-30;14.0;89.0;1.1;1.1;1.1;1.0;1.0;1.0;;;;4.0;1.0;2.0;4.0;1.0;1.0;2026-03-29 22:00:00+00:00
44.74;-0.355;-00.355_44.740;33.0;33.0;Ouest Entre-deux-Mers;ENTRE2MERS;HAUX;2026-03-31;14.0;90.0;0.0;0.0;0.0;1.0;1.0;1.0;2.0;2.0;2.0;2.0;1.0;1.0;2.0;2.0;2.0;2026-03-30 22:00:00+00:00
44.74;-0.355;-00.355_44.740;33.0;33.0;Ouest Entre-deux-Mers;ENTRE2MERS;HAUX;2026-04-01;14.0;91.0;0.2;0.2;0.2;1.0;1.0;1.0;2.0;2.0;2.0;1.0;3.0;2.0;1.0;2.0;4.0;2026-03-31 22:00:00+00:00
44.74;-0.355;-00.355_44.740;33.0;33.0;Ouest Entre-deux-Mers;ENTRE2MERS;HAUX;2026-04-02;14.0;92.0;0.0;0.0;0.0;1.0;1.0;1.0;2.0;2.0;2.0;2.0;1.0;1.0;3.0;2.0;3.0;2026-04-01 22:00:00+00:00
44.74;-0.355;-00.355_44.740;33.0;33.0;Ouest Entre-deux-Mers;ENTRE2MERS;HAUX;2026-04-03;14.0;93.0;0.3;0.3;0.3;1.0;1.0;1.0;2.0;2.0;2.0;1.0;1.0;4.0;1.0;1.0;3.0;2026-04-02 22:00:00+00:00
44.74;-0.355;-00.355_44.740;33.0;33.0;Ouest Entre-deux-Mers;ENTRE2MERS;HAUX;2026-04-04;14.0;94.0;0.0;0.0;0.0;1.0;1.0;1.0;2.0;2.0;2.0;1.0;1.0;2.0;1.0;1.0;1.0;2026-04-03 22:00:00+00:00
44.74;-0.355;-00.355_44.740;33.0;33.0;Ouest Entre-deux-Mers;ENTRE2MERS;HAUX;2026-04-05;14.0;95.0;0.0;0.0;0.0;1.0;1.0;1.0;2.0;2.0;2.0;1.0;2.0;1.0;1.0;1.0;1.0;2026-04-04 22:00:00+00:00
44.74;-0.355;-00.355_44.740;33.0;33.0;Ouest Entre-deux-Mers;ENTRE2MERS;HAUX;2026-04-06;15.0;96.0;0.0;0.0;0.0;1.0;1.0;1.0;2.0;2.0;2.0;1.0;1.0;2.0;2.0;3.0;2.0;2026-04-05 22:00:00+00:00
44.74;-0.355;-00.355_44.740;33.0;33.0;Ouest Entre-deux-Mers;ENTRE2MERS;HAUX;2026-04-07;15.0;97.0;0.0;0.0;0.0;1.0;1.0;1.0;2.0;2.0;2.0;1.0;1.0;2.0;1.0;2.0;2.0;2026-04-06 22:00:00+00:00
44.74;-0.355;-00.355_44.740;33.0;33.0;Ouest Entre-deux-Mers;ENTRE2MERS;HAUX;2026-04-08;15.0;98.0;0.0;0.0;0.0;1.0;1.0;1.0;2.0;2.0;2.0;2.0;2.0;2.0;2.0;2.0;3.0;2026-04-07 22:00:00+00:00
44.74;-0.355;-00.355_44.740;33.0;33.0;Ouest Entre-deux-Mers;ENTRE2MERS;HAUX;2026-04-09;15.0;99.0;0.0;0.0;0.0;1.0;1.0;1.0;2.0;2.0;2.0;1.0;1.0;1.0;1.0;2.0;1.0;2026-04-08 22:00:00+00:00
44.74;-0.355;-00.355_44.740;33.0;33.0;Ouest Entre-deux-Mers;ENTRE2MERS;HAUX;2026-04-10;15.0;100.0;0.0;0.0;0.0;1.0;1.0;1.0;2.0;2.0;2.0;3.0;1.0;1.0;3.0;1.0;3.0;2026-04-09 22:00:00+00:00
44.74;-0.355;-00.355_44.740;33.0;33.0;Ouest Entre-deux-Mers;ENTRE2MERS;HAUX;2026-04-11;15.0;101.0;6.0;6.0;6.0;1.0;1.0;1.0;2.0;2.0;2.0;2.0;1.0;3.0;1.0;4.0;3.0;2026-04-10 22:00:00+00:00
44.74;-0.355;-00.355_44.740;33.0;33.0;Ouest Entre-deux-Mers;ENTRE2MERS;HAUX;2026-04-12;15.0;102.0;0.0;0.0;0.0;1.0;1.0;1.0;;2.0;;1.0;1.0;2.0;1.0;2.0;4.0;2026-04-11 22:00:00+00:00
44.74;-0.355;-00.355_44.740;33.0;33.0;Ouest Entre-deux-Mers;ENTRE2MERS;HAUX;2026-04-13;16.0;103.0;0.7;0.7;0.7;1.0;1.0;1.0;;2.0;;3.0;1.0;2.0;1.0;1.0;2.0;2026-04-12 22:00:00+00:00
44.74;-0.355;-00.355_44.740;33.0;33.0;Ouest Entre-deux-Mers;ENTRE2MERS;HAUX;2026-04-14;16.0;104.0;0.0;0.0;0.0;1.0;1.0;1.0;;2.0;;3.0;1.0;2.0;1.0;2.0;2.0;2026-04-13 22:00:00+00:00
44.74;-0.355;-00.355_44.740;33.0;33.0;Ouest Entre-deux-Mers;ENTRE2MERS;HAUX;2026-04-15;16.0;105.0;0.0;0.0;0.0;1.0;1.0;1.0;;2.0;;1.0;1.0;3.0;2.0;1.0;1.0;2026-04-14 22:00:00+00:00
44.74;-0.355;-00.355_44.740;33.0;33.0;Ouest Entre-deux-Mers;ENTRE2MERS;HAUX;2026-04-16;16.0;106.0;0.0;0.0;0.0;1.0;1.0;1.0;;2.0;;3.0;1.0;2.0;1.0;1.0;1.0;2026-04-15 22:00:00+00:00
44.74;-0.355;-00.355_44.740;33.0;33.0;Ouest Entre-deux-Mers;ENTRE2MERS;HAUX;2026-04-17;16.0;107.0;0.0;0.0;0.0;1.0;1.0;1.0;;2.0;;1.0;1.0;3.0;3.0;2.0;1.0;2026-04-16 22:00:00+00:00
44.74;-0.355;-00.355_44.740;33.0;33.0;Ouest Entre-deux-Mers;ENTRE2MERS;HAUX;2026-04-18;16.0;108.0;0.0;0.0;0.0;1.0;1.0;1.0;;2.0;;3.0;1.0;2.0;2.0;1.0;2.0;2026-04-17 22:00:00+00:00
44.74;-0.355;-00.355_44.740;33.0;33.0;Ouest Entre-deux-Mers;ENTRE2MERS;HAUX;2026-04-19;16.0;109.0;0.0;0.0;0.0;1.0;1.0;1.0;;2.0;;1.0;4.0;1.0;3.0;2.0;1.0;2026-04-18 22:00:00+00:00
44.74;-0.355;-00.355_44.740;33.0;33.0;Ouest Entre-deux-Mers;ENTRE2MERS;HAUX;2026-04-20;17.0;110.0;0.0;0.0;0.0;1.0;1.0;1.0;;2.0;;1.0;1.0;2.0;2.0;2.0;2.0;2026-04-19 22:00:00+00:00
44.74;-0.355;-00.355_44.740;33.0;33.0;Ouest Entre-deux-Mers;ENTRE2MERS;HAUX;2026-04-21;17.0;111.0;0.0;0.0;0.0;1.0;1.0;1.0;;2.0;;3.0;1.0;1.0;1.0;1.0;4.0;2026-04-20 22:00:00+00:00
44.74;-0.355;-00.355_44.740;33.0;33.0;Ouest Entre-deux-Mers;ENTRE2MERS;HAUX;2026-04-22;17.0;112.0;0.4;0.4;0.4;1.0;1.0;1.0;;2.0;;3.0;1.0;1.0;2.0;1.0;2.0;2026-04-21 22:00:00+00:00
44.74;-0.355;-00.355_44.740;33.0;33.0;Ouest Entre-deux-Mers;ENTRE2MERS;HAUX;2026-04-23;17.0;113.0;0.0;0.0;0.0;1.0;1.0;1.0;;2.0;;1.0;1.0;1.0;3.0;2.0;1.0;2026-04-22 22:00:00+00:00
44.74;-0.355;-00.355_44.740;33.0;33.0;Ouest Entre-deux-Mers;ENTRE2MERS;HAUX;2026-04-24;17.0;114.0;0.0;0.0;0.0;1.0;1.0;1.0;;2.0;;4.0;3.0;2.0;1.0;1.0;1.0;2026-04-23 22:00:00+00:00
44.74;-0.355;-00.355_44.740;33.0;33.0;Ouest Entre-deux-Mers;ENTRE2MERS;HAUX;2026-04-25;17.0;115.0;0.0;0.0;0.0;1.0;1.0;1.0;;2.0;;3.0;2.0;1.0;2.0;2.0;1.0;2026-04-24 22:00:00+00:00
44.74;-0.355;-00.355_44.740;33.0;33.0;Ouest Entre-deux-Mers;ENTRE2MERS;HAUX;2026-04-26;17.0;116.0;0.0;0.0;0.0;1.0;1.0;1.0;;2.0;;1.0;1.0;2.0;2.0;1.0;2.0;2026-04-25 22:00:00+00:00
44.74;-0.355;-00.355_44.740;33.0;33.0;Ouest Entre-deux-Mers;ENTRE2MERS;HAUX;2026-04-27;18.0;117.0;0.0;0.0;0.0;1.0;1.0;1.0;;1.0;;2.0;2.0;1.0;1.0;1.0;1.0;2026-04-26 22:00:00+00:00
44.74;-0.355;-00.355_44.740;33.0;33.0;Ouest Entre-deux-Mers;ENTRE2MERS;HAUX;2026-04-28;18.0;118.0;0.2;0.2;0.2;1.0;1.0;1.0;;1.0;;2.0;1.0;3.0;1.0;2.0;2.0;2026-04-27 22:00:00+00:00
44.74;-0.355;-00.355_44.740;33.0;33.0;Ouest Entre-deux-Mers;ENTRE2MERS;HAUX;2026-04-29;18.0;119.0;0.8999999999999999;0.8999999999999999;0.8999999999999999;1.0;1.0;1.0;;1.0;;3.0;1.0;3.0;3.0;1.0;3.0;2026-04-28 22:00:00+00:00
44.74;-0.355;-00.355_44.740;33.0;33.0;Ouest Entre-deux-Mers;ENTRE2MERS;HAUX;2026-04-30;18.0;120.0;1.9;1.9;1.9;2.0;2.0;2.0;;1.0;;2.0;1.0;3.0;4.0;2.0;3.0;2026-04-29 22:00:00+00:00
44.74;-0.355;-00.355_44.740;33.0;33.0;Ouest Entre-deux-Mers;ENTRE2MERS;HAUX;2026-05-01;18.0;121.0;0.0;0.0;0.0;1.0;1.0;1.0;;1.0;;1.0;2.0;2.0;1.0;3.0;1.0;2026-04-30 22:00:00+00:00
44.74;-0.355;-00.355_44.740;33.0;33.0;Ouest Entre-deux-Mers;ENTRE2MERS;HAUX;2026-05-02;18.0;122.0;11.2;11.2;11.2;2.0;2.0;2.0;;1.0;;2.0;1.0;3.0;1.0;1.0;2.0;2026-05-01 22:00:00+00:00
44.74;-0.355;-00.355_44.740;33.0;33.0;Ouest Entre-deux-Mers;ENTRE2MERS;HAUX;2026-05-03;18.0;123.0;18.8;18.8;18.8;1.0;1.0;1.0;;2.0;;2.0;1.0;1.0;3.0;3.0;1.0;2026-05-02 22:00:00+00:00
44.74;-0.355;-00.355_44.740;33.0;33.0;Ouest Entre-deux-Mers;ENTRE2MERS;HAUX;2026-05-04;19.0;124.0;16.5;16.5;16.5;3.0;3.0;3.0;;2.0;;1.0;3.0;4.0;1.0;4.0;1.0;2026-05-03 22:00:00+00:00
44.74;-0.355;-00.355_44.740;33.0;33.0;Ouest Entre-deux-Mers;ENTRE2MERS;HAUX;2026-05-05;19.0;125.0;10.8;10.8;10.8;1.0;1.0;1.0;;2.0;;1.0;2.0;2.0;1.0;1.0;4.0;2026-05-04 22:00:00+00:00
44.74;-0.355;-00.355_44.740;33.0;33.0;Ouest Entre-deux-Mers;ENTRE2MERS;HAUX;2026-05-06;19.0;126.0;4.4;4.4;4.4;1.0;1.0;1.0;;2.0;;4.0;1.0;1.0;2.0;2.0;2.0;2026-05-05 22:00:00+00:00
44.74;-0.355;-00.355_44.740;33.0;33.0;Ouest Entre-deux-Mers;ENTRE2MERS;HAUX;2026-05-07;19.0;127.0;0.0;0.0;0.0;1.0;1.0;1.0;;2.0;;1.0;1.0;1.0;2.0;1.0;1.0;2026-05-06 22:00:00+00:00
44.74;-0.355;-00.355_44.740;33.0;33.0;Ouest Entre-deux-Mers;ENTRE2MERS;HAUX;2026-05-08;19.0;128.0;0.0;0.0;0.0;1.0;1.0;1.0;;2.0;;1.0;1.0;1.0;4.0;3.0;1.0;2026-05-07 22:00:00+00:00
44.74;-0.355;-00.355_44.740;33.0;33.0;Ouest Entre-deux-Mers;ENTRE2MERS;HAUX;2026-05-09;19.0;129.0;0.0;0.0;0.0;1.0;1.0;1.0;;2.0;;1.0;3.0;2.0;2.0;1.0;2.0;2026-05-08 22:00:00+00:00
44.74;-0.355;-00.355_44.740;33.0;33.0;Ouest Entre-deux-Mers;ENTRE2MERS;HAUX;2026-05-10;19.0;130.0;0.1;0.1;0.1;1.0;1.0;1.0;;2.0;;2.0;1.0;1.0;1.0;2.0;1.0;2026-05-09 22:00:00+00:00
44.74;-0.355;-00.355_44.740;33.0;33.0;Ouest Entre-deux-Mers;ENTRE2MERS;HAUX;2026-05-11;20.0;131.0;0.1;0.1;0.1;1.0;1.0;1.0;;2.0;;1.0;1.0;2.0;1.0;2.0;1.0;2026-05-10 22:00:00+00:00
44.74;-0.355;-00.355_44.740;33.0;33.0;Ouest Entre-deux-Mers;ENTRE2MERS;HAUX;2026-05-12;20.0;132.0;0.0;0.0;0.0;1.0;1.0;1.0;;2.0;;2.0;1.0;1.0;1.0;1.0;2.0;2026-05-11 22:00:00+00:00
44.74;-0.355;-00.355_44.740;33.0;33.0;Ouest Entre-deux-Mers;ENTRE2MERS;HAUX;2026-05-13;20.0;133.0;0.0;0.0;0.0;1.0;1.0;1.0;;2.0;;1.0;1.0;3.0;1.0;1.0;3.0;2026-05-12 22:00:00+00:00
44.74;-0.355;-00.355_44.740;33.0;33.0;Ouest Entre-deux-Mers;ENTRE2MERS;HAUX;2026-05-14;20.0;134.0;11.3;11.3;11.3;1.0;1.0;1.0;;2.0;;1.0;3.0;1.0;1.0;2.0;2.0;2026-05-13 22:00:00+00:00
44.74;-0.355;-00.355_44.740;33.0;33.0;Ouest Entre-deux-Mers;ENTRE2MERS;HAUX;2026-05-15;20.0;135.0;1.0;1.0;1.0;1.0;1.0;1.0;;2.0;;1.0;2.0;1.0;1.0;4.0;3.0;2026-05-14 22:00:00+00:00
44.74;-0.355;-00.355_44.740;33.0;33.0;Ouest Entre-deux-Mers;ENTRE2MERS;HAUX;2026-05-16;20.0;136.0;2.8;2.8;2.8;1.0;1.0;1.0;;2.0;;3.0;2.0;2.0;2.0;1.0;1.0;2026-05-15 22:00:00+00:00
44.74;-0.355;-00.355_44.740;33.0;33.0;Ouest Entre-deux-Mers;ENTRE2MERS;HAUX;2026-05-17;20.0;137.0;6.2;6.2;6.2;1.0;1.0;1.0;;2.0;;1.0;1.0;1.0;2.0;1.0;1.0;2026-05-16 22:00:00+00:00
44.74;-0.355;-00.355_44.740;33.0;33.0;Ouest Entre-deux-Mers;ENTRE2MERS;HAUX;2026-05-18;21.0;138.0;0.0;0.0;0.0;1.0;1.0;1.0;;2.0;;1.0;2.0;1.0;2.0;1.0;2.0;2026-05-17 22:00:00+00:00
44.74;-0.355;-00.355_44.740;33.0;33.0;Ouest Entre-deux-Mers;ENTRE2MERS;HAUX;2026-05-19;21.0;139.0;0.0;0.0;0.0;1.0;1.0;1.0;;2.0;;1.0;3.0;1.0;2.0;1.0;3.0;2026-05-18 22:00:00+00:00
44.74;-0.355;-00.355_44.740;33.0;33.0;Ouest Entre-deux-Mers;ENTRE2MERS;HAUX;2026-05-20;21.0;140.0;0.1;0.1;0.1;1.0;1.0;1.0;;2.0;;1.0;1.0;1.0;1.0;1.0;1.0;2026-05-19 22:00:00+00:00
44.74;-0.355;-00.355_44.740;33.0;33.0;Ouest Entre-deux-Mers;ENTRE2MERS;HAUX;2026-05-21;21.0;141.0;0.0;0.0;0.0;1.0;1.0;1.0;;2.0;;2.0;1.0;1.0;1.0;2.0;4.0;2026-05-20 22:00:00+00:00
44.74;-0.355;-00.355_44.740;33.0;33.0;Ouest Entre-deux-Mers;ENTRE2MERS;HAUX;2026-05-22;21.0;142.0;0.0;0.0;0.0;1.0;1.0;1.0;;2.0;;1.0;1.0;2.0;1.0;1.0;2.0;2026-05-21 22:00:00+00:00
44.74;-0.355;-00.355_44.740;33.0;33.0;Ouest Entre-deux-Mers;ENTRE2MERS;HAUX;2026-05-23;21.0;143.0;0.0;0.0;0.0;1.0;1.0;1.0;;2.0;;1.0;2.0;2.0;2.0;2.0;1.0;2026-05-22 22:00:00+00:00
44.74;-0.355;-00.355_44.740;33.0;33.0;Ouest Entre-deux-Mers;ENTRE2MERS;HAUX;2026-05-24;21.0;144.0;0.0;0.0;0.0;1.0;1.0;1.0;;2.0;;1.0;4.0;1.0;1.0;1.0;2.0;2026-05-23 22:00:00+00:00
44.74;-0.355;-00.355_44.740;33.0;33.0;Ouest Entre-deux-Mers;ENTRE2MERS;HAUX;2026-05-25;22.0;145.0;0.0;0.0;0.0;1.0;1.0;1.0;;2.0;;1.0;1.0;1.0;4.0;1.0;1.0;2026-05-24 22:00:00+00:00
44.74;-0.355;-00.355_44.740;33.0;33.0;Ouest Entre-deux-Mers;ENTRE2MERS;HAUX;2026-05-26;22.0;146.0;0.0;0.0;0.0;1.0;1.0;1.0;;2.0;;2.0;2.0;1.0;1.0;1.0;2.0;2026-05-25 22:00:00+00:00
44.74;-0.355;-00.355_44.740;33.0;33.0;Ouest Entre-deux-Mers;ENTRE2MERS;HAUX;2026-05-27;22.0;147.0;0.0;0.0;0.0;1.0;1.0;1.0;;2.0;;3.0;1.0;3.0;2.0;2.0;1.0;2026-05-26 22:00:00+00:00
44.74;-0.355;-00.355_44.740;33.0;33.0;Ouest Entre-deux-Mers;ENTRE2MERS;HAUX;2026-05-28;22.0;148.0;0.0;0.0;0.0;1.0;1.0;1.0;;2.0;;4.0;3.0;2.0;1.0;1.0;3.0;2026-05-27 22:00:00+00:00
44.74;-0.355;-00.355_44.740;33.0;33.0;Ouest Entre-deux-Mers;ENTRE2MERS;HAUX;2026-05-29;22.0;149.0;0.0;0.0;0.0;1.0;1.0;1.0;;2.0;;1.0;1.0;1.0;1.0;2.0;1.0;2026-05-28 22:00:00+00:00
44.74;-0.355;-00.355_44.740;33.0;33.0;Ouest Entre-deux-Mers;ENTRE2MERS;HAUX;2026-05-30;22.0;150.0;0.0;0.0;0.0;1.0;1.0;1.0;;2.0;;1.0;1.0;1.0;3.0;1.0;1.0;2026-05-29 22:00:00+00:00
44.74;-0.355;-00.355_44.740;33.0;33.0;Ouest Entre-deux-Mers;ENTRE2MERS;HAUX;2026-05-31;22.0;151.0;0.2;0.2;0.2;1.0;1.0;1.0;2.0;2.0;2.0;1.0;1.0;1.0;2.0;3.0;1.0;2026-05-30 22:00:00+00:00
44.74;-0.355;-00.355_44.740;33.0;33.0;Ouest Entre-deux-Mers;ENTRE2MERS;HAUX;2026-06-01;23.0;152.0;0.0;0.0;0.0;1.0;1.0;1.0;2.0;2.0;2.0;1.0;1.0;1.0;3.0;2.0;2.0;2026-05-31 22:00:00+00:00
44.74;-0.355;-00.355_44.740;33.0;33.0;Ouest Entre-deux-Mers;ENTRE2MERS;HAUX;2026-06-02;23.0;153.0;4.2;4.2;4.2;1.0;1.0;1.0;2.0;2.0;2.0;3.0;3.0;1.0;2.0;1.0;2.0;2026-06-01 22:00:00+00:00
44.74;-0.355;-00.355_44.740;33.0;33.0;Ouest Entre-deux-Mers;ENTRE2MERS;HAUX;2026-06-03;23.0;154.0;0.0;0.0;0.0;1.0;1.0;1.0;2.0;2.0;2.0;4.0;1.0;2.0;2.0;1.0;1.0;2026-06-02 22:00:00+00:00
44.74;-0.355;-00.355_44.740;33.0;33.0;Ouest Entre-deux-Mers;ENTRE2MERS;HAUX;2026-06-04;23.0;155.0;7.3;7.3;7.3;1.0;1.0;1.0;2.0;2.0;2.0;2.0;1.0;1.0;1.0;2.0;1.0;2026-06-03 22:00:00+00:00
44.74;-0.355;-00.355_44.740;33.0;33.0;Ouest Entre-deux-Mers;ENTRE2MERS;HAUX;2026-06-05;23.0;156.0;0.1;0.1;0.1;1.0;1.0;1.0;2.0;2.0;2.0;2.0;1.0;4.0;1.0;2.0;1.0;2026-06-04 22:00:00+00:00
44.74;-0.355;-00.355_44.740;33.0;33.0;Ouest Entre-deux-Mers;ENTRE2MERS;HAUX;2026-06-06;23.0;157.0;0.0;0.0;0.0;1.0;1.0;1.0;2.0;2.0;2.0;3.0;3.0;2.0;1.0;1.0;2.0;2026-06-05 22:00:00+00:00
44.74;-0.355;-00.355_44.740;33.0;33.0;Ouest Entre-deux-Mers;ENTRE2MERS;HAUX;2026-06-07;23.0;158.0;0.0;0.0;0.0;1.0;1.0;1.0;2.0;2.0;2.0;2.0;1.0;1.0;1.0;1.0;3.0;2026-06-06 22:00:00+00:00
44.74;-0.355;-00.355_44.740;33.0;33.0;Ouest Entre-deux-Mers;ENTRE2MERS;HAUX;2026-06-08;24.0;159.0;0.0;0.0;0.0;1.0;1.0;1.0;2.0;2.0;2.0;1.0;3.0;1.0;1.0;1.0;1.0;2026-06-07 22:00:00+00:00
44.74;-0.355;-00.355_44.740;33.0;33.0;Ouest Entre-deux-Mers;ENTRE2MERS;HAUX;2026-06-09;24.0;160.0;0.2;0.2;0.2;1.0;1.0;1.0;2.0;2.0;2.0;1.0;2.0;3.0;1.0;1.0;1.0;2026-06-08 22:00:00+00:00
44.74;-0.355;-00.355_44.740;33.0;33.0;Ouest Entre-deux-Mers;ENTRE2MERS;HAUX;2026-06-10;24.0;161.0;0.2;0.2;0.2;1.0;1.0;1.0;2.0;2.0;2.0;1.0;3.0;1.0;4.0;3.0;2.0;2026-06-09 22:00:00+00:00
44.74;-0.355;-00.355_44.740;33.0;33.0;Ouest Entre-deux-Mers;ENTRE2MERS;HAUX;2026-06-11;24.0;162.0;0.0;0.0;0.0;1.0;1.0;1.0;2.0;2.0;2.0;2.0;1.0;1.0;1.0;2.0;2.0;2026-06-10 22:00:00+00:00
44.74;-0.355;-00.355_44.740;33.0;33.0;Ouest Entre-deux-Mers;ENTRE2MERS;HAUX;2026-06-12;24.0;163.0;0.0;0.0;0.0;1.0;1.0;1.0;2.0;2.0;2.0;1.0;2.0;1.0;4.0;1.0;1.0;2026-06-11 22:00:00+00:00
44.74;-0.355;-00.355_44.740;33.0;33.0;Ouest Entre-deux-Mers;ENTRE2MERS;HAUX;2026-06-13;24.0;164.0;0.0;0.0;0.0;1.0;1.0;1.0;2.0;2.0;2.0;2.0;2.0;2.0;1.0;3.0;2.0;2026-06-12 22:00:00+00:00
44.74;-0.355;-00.355_44.740;33.0;33.0;Ouest Entre-deux-Mers;ENTRE2MERS;HAUX;2026-06-14;24.0;165.0;0.0;0.0;0.0;1.0;1.0;1.0;2.0;2.0;2.0;3.0;2.0;3.0;1.0;3.0;1.0;2026-06-13 22:00:00+00:00
44.74;-0.355;-00.355_44.740;33.0;33.0;Ouest Entre-deux-Mers;ENTRE2MERS;HAUX;2026-06-15;25.0;166.0;0.0;0.0;0.0;1.0;1.0;1.0;2.0;2.0;2.0;1.0;1.0;1.0;3.0;3.0;3.0;2026-06-14 22:00:00+00:00
44.74;-0.355;-00.355_44.740;33.0;33.0;Ouest Entre-deux-Mers;ENTRE2MERS;HAUX;2026-06-16;25.0;167.0;0.0;0.0;0.0;1.0;1.0;1.0;2.0;2.0;2.0;2.0;3.0;1.0;3.0;4.0;1.0;2026-06-15 22:00:00+00:00
44.74;-0.355;-00.355_44.740;33.0;33.0;Ouest Entre-deux-Mers;ENTRE2MERS;HAUX;2026-06-17;25.0;168.0;0.0;0.0;0.0;1.0;1.0;1.0;2.0;2.0;2.0;1.0;1.0;3.0;1.0;2.0;3.0;2026-06-16 22:00:00+00:00
44.74;-0.355;-00.355_44.740;33.0;33.0;Ouest Entre-deux-Mers;ENTRE2MERS;HAUX;2026-06-18;25.0;169.0;0.0;0.0;0.0;1.0;1.0;1.0;2.0;2.0;2.0;3.0;3.0;2.0;3.0;1.0;1.0;2026-06-17 22:00:00+00:00
44.74;-0.355;-00.355_44.740;33.0;33.0;Ouest Entre-deux-Mers;ENTRE2MERS;HAUX;2026-06-19;25.0;170.0;0.0;0.0;0.0;1.0;1.0;1.0;2.0;2.0;2.0;1.0;3.0;3.0;2.0;1.0;1.0;2026-06-18 22:00:00+00:00
44.74;-0.355;-00.355_44.740;33.0;33.0;Ouest Entre-deux-Mers;ENTRE2MERS;HAUX;2026-06-20;25.0;171.0;0.1;0.1;0.1;1.0;1.0;1.0;2.0;2.0;2.0;1.0;1.0;1.0;1.0;1.0;1.0;2026-06-19 22:00:00+00:00
44.74;-0.355;-00.355_44.740;33.0;33.0;Ouest Entre-deux-Mers;ENTRE2MERS;HAUX;2026-06-21;25.0;172.0;0.0;0.0;0.0;1.0;1.0;1.0;2.0;2.0;2.0;2.0;1.0;1.0;1.0;2.0;2.0;2026-06-20 22:00:00+00:00
44.74;-0.355;-00.355_44.740;33.0;33.0;Ouest Entre-deux-Mers;ENTRE2MERS;HAUX;2026-06-22;26.0;173.0;0.0;0.0;0.0;1.0;1.0;1.0;2.0;2.0;2.0;1.0;1.0;1.0;2.0;1.0;2.0;2026-06-21 22:00:00+00:00
44.74;-0.355;-00.355_44.740;33.0;33.0;Ouest Entre-deux-Mers;ENTRE2MERS;HAUX;2026-06-23;26.0;174.0;0.0;0.0;0.0;1.0;1.0;1.0;2.0;2.0;2.0;2.0;2.0;2.0;2.0;2.0;2.0;2026-06-22 22:00:00+00:00
44.74;-0.355;-00.355_44.740;33.0;33.0;Ouest Entre-deux-Mers;ENTRE2MERS;HAUX;2026-06-24;26.0;175.0;0.1;0.1;0.1;1.0;1.0;1.0;2.0;2.0;2.0;1.0;3.0;1.0;2.0;1.0;1.0;2026-06-23 22:00:00+00:00
44.74;-0.355;-00.355_44.740;33.0;33.0;Ouest Entre-deux-Mers;ENTRE2MERS;HAUX;2026-06-25;26.0;176.0;1.7;1.7;1.7;1.0;1.0;1.0;2.0;2.0;2.0;3.0;1.0;2.0;1.0;2.0;2.0;2026-06-24 22:00:00+00:00
44.74;-0.355;-00.355_44.740;33.0;33.0;Ouest Entre-deux-Mers;ENTRE2MERS;HAUX;2026-06-26;26.0;177.0;0.0;0.0;0.0;1.0;1.0;1.0;1.0;1.0;1.0;1.0;1.0;1.0;3.0;2.0;2.0;2026-06-25 22:00:00+00:00
44.74;-0.355;-00.355_44.740;33.0;33.0;Ouest Entre-deux-Mers;ENTRE2MERS;HAUX;2026-06-27;26.0;178.0;3.6;3.6;3.6;1.0;1.0;1.0;1.0;1.0;1.0;2.0;2.0;1.0;2.0;2.0;1.0;2026-06-26 22:00:00+00:00
44.74;-0.355;-00.355_44.740;33.0;33.0;Ouest Entre-deux-Mers;ENTRE2MERS;HAUX;2026-06-28;26.0;179.0;16.5;16.5;16.5;1.0;1.0;1.0;1.0;1.0;1.0;2.0;2.0;1.0;3.0;1.0;2.0;2026-06-27 22:00:00+00:00
44.74;-0.355;-00.355_44.740;33.0;33.0;Ouest Entre-deux-Mers;ENTRE2MERS;HAUX;2026-06-29;27.0;180.0;0.1;0.1;0.1;1.0;1.0;1.0;1.0;1.0;1.0;2.0;1.0;1.0;1.0;1.0;2.0;2026-06-28 22:00:00+00:00
44.74;-0.355;-00.355_44.740;33.0;33.0;Ouest Entre-deux-Mers;ENTRE2MERS;HAUX;2026-06-30;27.0;181.0;0.0;0.0;0.0;1.0;1.0;1.0;2.0;2.0;2.0;3.0;3.0;3.0;1.0;3.0;3.0;2026-06-29 22:00:00+00:00
44.74;-0.355;-00.355_44.740;33.0;33.0;Ouest Entre-deux-Mers;ENTRE2MERS;HAUX;2026-07-01;27.0;182.0;0.0;0.0;0.0;1.0;1.0;1.0;2.0;2.0;2.0;2.0;1.0;1.0;1.0;1.0;1.0;2026-06-30 22:00:00+00:00
44.74;-0.355;-00.355_44.740;33.0;33.0;Ouest Entre-deux-Mers;ENTRE2MERS;HAUX;2026-07-02;27.0;183.0;0.0;0.0;0.0;1.0;1.0;1.0;2.0;2.0;2.0;1.0;2.0;1.0;4.0;3.0;2.0;2026-07-01 22:00:00+00:00
44.74;-0.355;-00.355_44.740;33.0;33.0;Ouest Entre-deux-Mers;ENTRE2MERS;HAUX;2026-07-03;27.0;184.0;0.0;0.0;0.0;1.0;1.0;1.0;2.0;2.0;2.0;2.0;1.0;1.0;1.0;3.0;3.0;2026-07-02 22:00:00+00:00
44.74;-0.355;-00.355_44.740;33.0;33.0;Ouest Entre-deux-Mers;ENTRE2MERS;HAUX;2026-07-04;27.0;185.0;0.0;0.0;0.0;1.0;1.0;1.0;2.0;2.0;2.0;1.0;3.0;2.0;2.0;2.0;1.0;2026-07-03 22:00:00+00:00
44.74;-0.355;-00.355_44.740;33.0;33.0;Ouest Entre-deux-Mers;ENTRE2MERS;HAUX;2026-07-05;27.0;186.0;0.0;0.0;0.0;1.0;1.0;1.0;2.0;2.0;2.0;2.0;1.0;2.0;2.0;1.0;2.0;2026-07-04 22:00:00+00:00
44.74;-0.355;-00.355_44.740;33.0;33.0;Ouest Entre-deux-Mers;ENTRE2MERS;HAUX;2026-07-06;28.0;187.0;0.0;0.0;0.0;1.0;1.0;1.0;2.0;2.0;2.0;2.0;2.0;1.0;1.0;1.0;1.0;2026-07-05 22:00:00+00:00
44.74;-0.355;-00.355_44.740;33.0;33.0;Ouest Entre-deux-Mers;ENTRE2MERS;HAUX;2026-07-07;28.0;188.0;0.0;0.0;0.0;1.0;1.0;1.0;2.0;2.0;2.0;2.0;3.0;1.0;1.0;1.0;2.0;2026-07-06 22:00:00+00:00
44.74;-0.355;-00.355_44.740;33.0;33.0;Ouest Entre-deux-Mers;ENTRE2MERS;HAUX;2026-07-08;28.0;189.0;0.0;0.0;0.0;1.0;1.0;1.0;2.0;2.0;2.0;1.0;2.0;4.0;1.0;2.0;2.0;2026-07-07 22:00:00+00:00
44.74;-0.355;-00.355_44.740;33.0;33.0;Ouest Entre-deux-Mers;ENTRE2MERS;HAUX;2026-07-09;28.0;190.0;0.0;0.0;0.0;1.0;1.0;1.0;2.0;2.0;2.0;2.0;1.0;1.0;1.0;2.0;2.0;2026-07-08 22:00:00+00:00
44.74;-0.355;-00.355_44.740;33.0;33.0;Ouest Entre-deux-Mers;ENTRE2MERS;HAUX;2026-07-10;28.0;191.0;2.8;2.8;2.8;1.0;1.0;1.0;2.0;2.0;2.0;1.0;1.0;3.0;1.0;1.0;2.0;2026-07-09 22:00:00+00:00
44.74;-0.355;-00.355_44.740;33.0;33.0;Ouest Entre-deux-Mers;ENTRE2MERS;HAUX;2026-07-11;28.0;192.0;0.0;0.0;0.0;1.0;1.0;1.0;2.0;2.0;2.0;1.0;2.0;1.0;1.0;1.0;2.0;2026-07-10 22:00:00+00:00
44.74;-0.355;-00.355_44.740;33.0;33.0;Ouest Entre-deux-Mers;ENTRE2MERS;HAUX;2026-07-12;28.0;193.0;0.0;0.0;0.0;1.0;1.0;1.0;2.0;2.0;2.0;3.0;2.0;3.0;1.0;3.0;1.0;2026-07-11 22:00:00+00:00
44.74;-0.355;-00.355_44.740;33.0;33.0;Ouest Entre-deux-Mers;ENTRE2MERS;HAUX;2026-07-13;29.0;194.0;4.0;4.0;4.0;1.0;1.0;1.0;2.0;2.0;2.0;1.0;3.0;2.0;1.0;4.0;1.0;2026-07-12 22:00:00+00:00
44.74;-0.355;-00.355_44.740;33.0;33.0;Ouest Entre-deux-Mers;ENTRE2MERS;HAUX;2026-07-14;29.0;195.0;0.0;0.0;0.0;1.0;1.0;1.0;2.0;2.0;2.0;1.0;3.0;2.0;2.0;3.0;2.0;2026-07-13 22:00:00+00:00
44.74;-0.355;-00.355_44.740;33.0;33.0;Ouest Entre-deux-Mers;ENTRE2MERS;HAUX;2026-07-15;29.0;196.0;0.5;0.5;0.5;1.0;1.0;1.0;2.0;2.0;2.0;1.0;3.0;2.0;1.0;1.0;1.0;2026-07-14 22:00:00+00:00
44.74;-0.355;-00.355_44.740;33.0;33.0;Ouest Entre-deux-Mers;ENTRE2MERS;HAUX;2026-07-16;29.0;197.0;0.2;0.2;0.2;1.0;1.0;1.0;1.0;1.0;1.0;1.0;1.0;1.0;1.0;4.0;2.0;2026-07-15 22:00:00+00:00
44.74;-0.355;-00.355_44.740;33.0;33.0;Ouest Entre-deux-Mers;ENTRE2MERS;HAUX;2026-07-17;29.0;198.0;0.0;0.0;0.0;1.0;1.0;1.0;1.0;1.0;1.0;3.0;1.0;1.0;1.0;1.0;3.0;2026-07-16 22:00:00+00:00
44.74;-0.355;-00.355_44.740;33.0;33.0;Ouest Entre-deux-Mers;ENTRE2MERS;HAUX;2026-07-18;29.0;199.0;0.0;0.0;0.0;1.0;1.0;1.0;1.0;1.0;1.0;2.0;1.0;2.0;2.0;3.0;1.0;2026-07-17 22:00:00+00:00
44.74;-0.355;-00.355_44.740;33.0;33.0;Ouest Entre-deux-Mers;ENTRE2MERS;HAUX;2026-07-19;29.0;200.0;0.0;0.0;0.0;1.0;1.0;1.0;1.0;1.0;1.0;1.0;1.0;3.0;1.0;2.0;1.0;2026-07-18 22:00:00+00:00
44.74;-0.355;-00.355_44.740;33.0;33.0;Ouest Entre-deux-Mers;ENTRE2MERS;HAUX;2026-07-20;30.0;201.0;0.0;0.0;0.0;1.0;1.0;1.0;1.0;1.0;1.0;1.0;4.0;1.0;4.0;3.0;1.0;2026-07-19 22:00:00+00:00
44.74;-0.355;-00.355_44.740;33.0;33.0;Ouest Entre-deux-Mers;ENTRE2MERS;HAUX;2026-07-21;30.0;202.0;0.0;0.0;0.0;1.0;1.0;1.0;1.0;1.0;1.0;1.0;2.0;1.0;2.0;1.0;1.0;2026-07-20 22:00:00+00:00
44.74;-0.355;-00.355_44.740;33.0;33.0;Ouest Entre-deux-Mers;ENTRE2MERS;HAUX;2026-07-22;30.0;203.0;0.0;0.0;0.0;1.0;1.0;1.0;1.0;1.0;1.0;1.0;1.0;1.0;1.0;2.0;3.0;2026-07-21 22:00:00+00:00
44.74;-0.355;-00.355_44.740;33.0;33.0;Ouest Entre-deux-Mers;ENTRE2MERS;HAUX;2026-07-23;30.0;204.0;0.0;0.0;0.0;1.0;1.0;1.0;1.0;1.0;1.0;1.0;3.0;2.0;2.0;2.0;3.0;2026-07-22 22:00:00+00:00
44.74;-0.355;-00.355_44.740;33.0;33.0;Ouest Entre-deux-Mers;ENTRE2MERS;HAUX;2026-07-24;30.0;205.0;6.3;6.3;6.3;1.0;1.0;1.0;1.0;1.0;1.0;2.0;1.0;2.0;1.0;2.0;4.0;2026-07-23 22:00:00+00:00
44.74;-0.355;-00.355_44.740;33.0;33.0;Ouest Entre-deux-Mers;ENTRE2MERS;HAUX;2026-07-25;30.0;206.0;0.4;0.4;0.4;1.0;1.0;1.0;1.0;1.0;1.0;2.0;3.0;1.0;1.0;2.0;2.0;2026-07-24 22:00:00+00:00
44.74;-0.355;-00.355_44.740;33.0;33.0;Ouest Entre-deux-Mers;ENTRE2MERS;HAUX;2026-07-26;30.0;207.0;0.2;0.2;0.2;1.0;1.0;1.0;1.0;1.0;1.0;1.0;1.0;2.0;2.0;1.0;2.0;2026-07-25 22:00:00+00:00
44.74;-0.355;-00.355_44.740;33.0;33.0;Ouest Entre-deux-Mers;ENTRE2MERS;HAUX;2026-07-27;31.0;208.0;1.5;1.5;1.5;1.0;1.0;1.0;1.0;1.0;1.0;1.0;1.0;2.0;2.0;3.0;1.0;2026-07-26 22:00:00+00:00
44.74;-0.355;-00.355_44.740;33.0;33.0;Ouest Entre-deux-Mers;ENTRE2MERS;HAUX;2026-07-28;31.0;209.0;0.0;0.0;0.0;1.0;1.0;1.0;1.0;1.0;1.0;1.0;2.0;1.0;1.0;1.0;1.0;2026-07-27 22:00:00+00:00
44.74;-0.355;-00.355_44.740;33.0;33.0;Ouest Entre-deux-Mers;ENTRE2MERS;HAUX;2026-07-29;31.0;210.0;0.0;0.0;0.0;1.0;1.0;1.0;1.0;1.0;1.0;1.0;2.0;1.0;2.0;2.0;3.0;2026-07-28 22:00:00+00:00
44.74;-0.355;-00.355_44.740;33.0;33.0;Ouest Entre-deux-Mers;ENTRE2MERS;HAUX;2026-07-30;31.0;211.0;0.0;0.0;0.0;1.0;1.0;1.0;1.0;1.0;1.0;1.0;1.0;3.0;1.0;1.0;4.0;2026-07-29 22:00:00+00:00
44.74;-0.355;-00.355_44.740;33.0;33.0;Ouest Entre-deux-Mers;ENTRE2MERS;HAUX;2026-07-31;31.0;212.0;1.3;1.3;1.3;1.0;1.0;1.0;1.0;1.0;1.0;1.0;2.0;2.0;1.0;1.0;3.0;2026-07-30 22:00:00+00:00
44.74;-0.355;-00.355_44.740;33.0;33.0;Ouest Entre-deux-Mers;ENTRE2MERS;HAUX;2026-08-01;31.0;213.0;0.0;0.0;0.0;1.0;1.0;1.0;1.0;1.0;1.0;1.0;3.0;1.0;3.0;1.0;3.0;2026-07-31 22:00:00+00:00
44.74;-0.355;-00.355_44.740;33.0;33.0;Ouest Entre-deux-Mers;ENTRE2MERS;HAUX;2026-08-02;31.0;214.0;0.0;0.0;0.0;1.0;1.0;1.0;1.0;1.0;1.0;3.0;1.0;1.0;1.0;2.0;1.0;2026-08-01 22:00:00+00:00
44.74;-0.355;-00.355_44.740;33.0;33.0;Ouest Entre-deux-Mers;ENTRE2MERS;HAUX;2026-08-03;32.0;215.0;0.1;0.1;0.1;1.0;1.0;1.0;1.0;1.0;1.0;2.0;2.0;3.0;1.0;3.0;1.0;2026-08-02 22:00:00+00:00
44.74;-0.355;-00.355_44.740;33.0;33.0;Ouest Entre-deux-Mers;ENTRE2MERS;HAUX;2026-08-04;32.0;216.0;0.0;0.0;0.0;1.0;1.0;1.0;1.0;1.0;1.0;3.0;1.0;3.0;1.0;1.0;1.0;2026-08-03 22:00:00+00:00
44.74;-0.355;-00.355_44.740;33.0;33.0;Ouest Entre-deux-Mers;ENTRE2MERS;HAUX;2026-08-05;32.0;217.0;0.0;0.0;0.0;1.0;1.0;1.0;1.0;1.0;1.0;1.0;2.0;3.0;2.0;1.0;1.0;2026-08-04 22:00:00+00:00
44.74;-0.355;-00.355_44.740;33.0;33.0;Ouest Entre-deux-Mers;ENTRE2MERS;HAUX;2026-08-06;32.0;218.0;0.0;0.0;0.0;1.0;1.0;1.0;1.0;1.0;1.0;3.0;1.0;1.0;2.0;1.0;3.0;2026-08-05 22:00:00+00:00
44.74;-0.355;-00.355_44.740;33.0;33.0;Ouest Entre-deux-Mers;ENTRE2MERS;HAUX;2026-08-07;32.0;219.0;0.0;0.0;0.0;1.0;1.0;1.0;1.0;1.0;1.0;2.0;2.0;2.0;1.0;1.0;1.0;2026-08-06 22:00:00+00:00
44.74;-0.355;-00.355_44.740;33.0;33.0;Ouest Entre-deux-Mers;ENTRE2MERS;HAUX;2026-08-08;32.0;220.0;0.5;0.5;0.5;1.0;1.0;1.0;1.0;1.0;1.0;1.0;1.0;1.0;3.0;2.0;3.0;2026-08-07 22:00:00+00:00
44.74;-0.355;-00.355_44.740;33.0;33.0;Ouest Entre-deux-Mers;ENTRE2MERS;HAUX;2026-08-09;32.0;221.0;6.8;6.8;6.8;1.0;1.0;1.0;1.0;1.0;1.0;1.0;1.0;2.0;3.0;1.0;1.0;2026-08-08 22:00:00+00:00
44.74;-0.355;-00.355_44.740;33.0;33.0;Ouest Entre-deux-Mers;ENTRE2MERS;HAUX;2026-08-10;33.0;222.0;0.3;0.3;0.3;1.0;1.0;1.0;1.0;1.0;1.0;2.0;2.0;4.0;3.0;1.0;1.0;2026-08-09 22:00:00+00:00
44.74;-0.355;-00.355_44.740;33.0;33.0;Ouest Entre-deux-Mers;ENTRE2MERS;HAUX;2026-08-11;33.0;223.0;0.0;0.0;0.0;1.0;1.0;1.0;1.0;1.0;1.0;1.0;1.0;4.0;2.0;1.0;1.0;2026-08-10 22:00:00+00:00
44.74;-0.355;-00.355_44.740;33.0;33.0;Ouest Entre-deux-Mers;ENTRE2MERS;HAUX;2026-08-12;33.0;224.0;0.0;0.0;0.0;1.0;1.0;1.0;1.0;1.0;1.0;1.0;3.0;1.0;2.0;1.0;1.0;2026-08-11 22:00:00+00:00
44.74;-0.355;-00.355_44.740;33.0;33.0;Ouest Entre-deux-Mers;ENTRE2MERS;HAUX;2026-08-13;33.0;225.0;0.0;0.0;0.0;1.0;1.0;1.0;1.0;1.0;1.0;1.0;2.0;1.0;2.0;1.0;1.0;2026-08-12 22:00:00+00:00
44.74;-0.355;-00.355_44.740;33.0;33.0;Ouest Entre-deux-Mers;ENTRE2MERS;HAUX;2026-08-14;33.0;226.0;0.0;0.0;0.0;1.0;1.0;1.0;1.0;1.0;1.0;1.0;3.0;1.0;2.0;1.0;2.0;2026-08-13 22:00:00+00:00
44.74;-0.355;-00.355_44.740;33.0;33.0;Ouest Entre-deux-Mers;ENTRE2MERS;HAUX;2026-08-15;33.0;227.0;2.9000000000000004;2.9000000000000004;2.9000000000000004;1.0;1.0;1.0;1.0;1.0;1.0;2.0;2.0;1.0;3.0;3.0;1.0;2026-08-14 22:00:00+00:00
44.74;-0.355;-00.355_44.740;33.0;33.0;Ouest Entre-deux-Mers;ENTRE2MERS;HAUX;2026-08-16;33.0;228.0;0.0;0.0;0.0;1.0;1.0;1.0;1.0;1.0;1.0;1.0;2.0;1.0;1.0;1.0;3.0;2026-08-15 22:00:00+00:00
44.74;-0.355;-00.355_44.740;33.0;33.0;Ouest Entre-deux-Mers;ENTRE2MERS;HAUX;2026-08-17;34.0;229.0;0.0;0.0;0.0;1.0;1.0;1.0;1.0;1.0;1.0;1.0;2.0;3.0;1.0;1.0;1.0;2026-08-16 22:00:00+00:00
44.74;-0.355;-00.355_44.740;33.0;33.0;Ouest Entre-deux-Mers;ENTRE2MERS;HAUX;2026-08-18;34.0;230.0;0.0;0.0;0.0;1.0;1.0;1.0;1.0;1.0;1.0;2.0;2.0;1.0;2.0;2.0;1.0;2026-08-17 22:00:00+00:00
44.74;-0.355;-00.355_44.740;33.0;33.0;Ouest Entre-deux-Mers;ENTRE2MERS;HAUX;2026-08-19;34.0;231.0;0.1;0.1;0.1;1.0;1.0;1.0;1.0;1.0;1.0;2.0;2.0;3.0;1.0;2.0;1.0;2026-08-18 22:00:00+00:00
44.74;-0.355;-00.355_44.740;33.0;33.0;Ouest Entre-deux-Mers;ENTRE2MERS;HAUX;2026-08-20;34.0;232.0;0.2;0.2;0.2;1.0;1.0;1.0;1.0;1.0;1.0;2.0;1.0;1.0;1.0;3.0;2.0;2026-08-19 22:00:00+00:00
44.74;-0.355;-00.355_44.740;33.0;33.0;Ouest Entre-deux-Mers;ENTRE2MERS;HAUX;2026-08-21;34.0;233.0;0.9;0.9;0.9;1.0;1.0;1.0;1.0;1.0;1.0;3.0;1.0;2.0;2.0;3.0;2.0;2026-08-20 22:00:00+00:00
44.74;-0.355;-00.355_44.740;33.0;33.0;Ouest Entre-deux-Mers;ENTRE2MERS;HAUX;2026-08-22;34.0;234.0;0.0;0.0;0.0;1.0;1.0;1.0;1.0;1.0;1.0;1.0;2.0;2.0;2.0;3.0;1.0;2026-08-21 22:00:00+00:00
44.74;-0.355;-00.355_44.740;33.0;33.0;Ouest Entre-deux-Mers;ENTRE2MERS;HAUX;2026-08-23;34.0;235.0;1.9;1.9;1.9;1.0;1.0;1.0;1.0;1.0;1.0;1.0;1.0;2.0;2.0;1.0;2.0;2026-08-22 22:00:00+00:00
44.74;-0.355;-00.355_44.740;33.0;33.0;Ouest Entre-deux-Mers;ENTRE2MERS;HAUX;2026-08-24;35.0;236.0;11.594;15.386;26.765;1.0;1.0;1.0;1.0;1.0;1.0;3.0;1.0;2.0;3.0;1.0;1.0;2026-08-23 22:00:00+00:00
44.74;-0.355;-00.355_44.740;33.0;33.0;Ouest Entre-deux-Mers;ENTRE2MERS;HAUX;2026-08-25;35.0;237.0;0.598;1.196;2.99;1.0;1.0;1.0;1.0;1.0;1.0;1.0;1.0;2.0;1.0;1.0;2.0;2026-08-24 22:00:00+00:00
44.74;-0.355;-00.355_44.740;33.0;33.0;Ouest Entre-deux-Mers;ENTRE2MERS;HAUX;2026-08-26;35.0;238.0;0.954;1.811;4.577;1.0;1.0;1.0;1.0;1.0;1.0;3.0;4.0;2.0;1.0;2.0;2.0;2026-08-25 22:00:00+00:00
44.74;-0.355;-00.355_44.740;33.0;33.0;Ouest Entre-deux-Mers;ENTRE2MERS;HAUX;2026-08-27;35.0;239.0;0.197;0.394;0.987;1.0;1.0;1.0;1.0;1.0;1.0;2.0;1.0;2.0;3.0;3.0;1.0;2026-08-26 22:00:00+00:00
44.74;-0.355;-00.355_44.740;33.0;33.0;Ouest Entre-deux-Mers;ENTRE2MERS;HAUX;2026-08-28;35.0;240.0;0.0;0.001;0.0;1.0;1.0;1.0;1.0;1.0;1.0;3.0;1.0;1.0;1.0;3.0;1.0;2026-08-27 22:00:00+00:00
44.74;-0.355;-00.355_44.740;33.0;33.0;Ouest Entre-deux-Mers;ENTRE2MERS;HAUX;2026-08-29;35.0;241.0;0.0;0.0;0.0;1.0;1.0;1.0;1.0;1.0;1.0;3.0;1.0;1.0;2.0;3.0;3.0;2026-08-28 22:00:00+00:00
44.74;-0.355;-00.355_44.740;33.0;33.0;Ouest Entre-deux-Mers;ENTRE2MERS;HAUX;2026-08-30;35.0;242.0;0.0;0.0;0.0;1.0;1.0;1.0;1.0;1.0;1.0;2.0;2.0;2.0;3.0;2.0;4.0;2026-08-29 22:00:00+00:00
44.74;-0.355;-00.355_44.740;33.0;33.0;Ouest Entre-deux-Mers;ENTRE2MERS;HAUX;2026-08-31;36.0;243.0;0.072;0.072;0.2189999999999999;1.0;1.0;1.0;1.0;1.0;1.0;1.0;1.0;2.0;4.0;1.0;1.0;2026-08-30 22:00:00+00:00
44.74;-0.355;-00.355_44.740;33.0;33.0;Ouest Entre-deux-Mers;ENTRE2MERS;HAUX;2026-09-01;36.0;244.0;0.075;0.147;0.369;1.0;1.0;1.0;1.0;1.0;1.0;2.0;1.0;2.0;3.0;1.0;2.0;2026-08-31 22:00:00+00:00
44.74;-0.355;-00.355_44.740;33.0;33.0;Ouest Entre-deux-Mers;ENTRE2MERS;HAUX;2026-09-02;36.0;245.0;0.134;0.203;0.54;1.0;1.0;1.0;1.0;1.0;1.0;1.0;1.0;3.0;2.0;1.0;1.0;2026-09-01 22:00:00+00:00
44.74;-0.355;-00.355_44.740;33.0;33.0;Ouest Entre-deux-Mers;ENTRE2MERS;HAUX;2026-09-03;36.0;246.0;1.034;1.966;4.966;1.0;1.0;1.0;1.0;1.0;1.0;4.0;1.0;2.0;1.0;4.0;1.0;2026-09-02 22:00:00+00:00
44.74;-0.355;-00.355_44.740;33.0;33.0;Ouest Entre-deux-Mers;ENTRE2MERS;HAUX;2026-09-04;36.0;247.0;1.461;2.92;7.298;1.0;1.0;1.0;1.0;1.0;1.0;1.0;1.0;4.0;2.0;2.0;1.0;2026-09-03 22:00:00+00:00
44.74;-0.355;-00.355_44.740;33.0;33.0;Ouest Entre-deux-Mers;ENTRE2MERS;HAUX;2026-09-05;36.0;248.0;0.873;1.655;4.187;1.0;1.0;1.0;1.0;1.0;1.0;3.0;1.0;1.0;1.0;1.0;2.0;2026-09-04 22:00:00+00:00
44.74;-0.355;-00.355_44.740;33.0;33.0;Ouest Entre-deux-Mers;ENTRE2MERS;HAUX;2026-09-06;36.0;249.0;0.0;0.0;0.0;1.0;1.0;1.0;1.0;1.0;1.0;2.0;1.0;1.0;4.0;1.0;1.0;2026-09-05 22:00:00+00:00
44.74;-0.355;-00.355_44.740;33.0;33.0;Ouest Entre-deux-Mers;ENTRE2MERS;HAUX;2026-09-07;37.0;250.0;0.59;1.174;2.941;1.0;1.0;1.0;1.0;1.0;1.0;1.0;1.0;1.0;2.0;1.0;2.0;2026-09-06 22:00:00+00:00
43.264;-0.391;-00.391_43.264;33.0;33.0;Jurançon;VALLEES-DES-GAVES;JURANCON;2026-01-01;1.0;1.0;0.0;0.0;0.0;1.0;1.0;1.0;;;;1.0;1.0;1.0;2.0;1.0;3.0;2025-12-31 23:00:00+00:00
43.264;-0.391;-00.391_43.264;33.0;33.0;Jurançon;VALLEES-DES-GAVES;JURANCON;2026-01-02;1.0;2.0;0.1;0.1;0.1;1.0;1.0;1.0;;;;1.0;1.0;2.0;2.0;3.0;2.0;2026-01-01 23:00:00+00:00
43.264;-0.391;-00.391_43.264;33.0;33.0;Jurançon;VALLEES-DES-GAVES;JURANCON;2026-01-03;1.0;3.0;4.4;4.4;4.4;1.0;1.0;1.0;;;;1.0;1.0;2.0;1.0;2.0;1.0;2026-01-02 23:00:00+00:00
43.264;-0.391;-00.391_43.264;33.0;33.0;Jurançon;VALLEES-DES-GAVES;JURANCON;2026-01-04;1.0;4.0;0.0;0.0;0.0;1.0;1.0;1.0;;;;2.0;1.0;3.0;2.0;1.0;1.0;2026-01-03 23:00:00+00:00
43.264;-0.391;-00.391_43.264;33.0;33.0;Jurançon;VALLEES-DES-GAVES;JURANCON;2026-01-05;2.0;5.0;0.0;0.0;0.0;1.0;1.0;1.0;;;;2.0;1.0;1.0;1.0;2.0;3.0;2026-01-04 23:00:00+00:00
43.264;-0.391;-00.391_43.264;33.0;33.0;Jurançon;VALLEES-DES-GAVES;JURANCON;2026-01-06;2.0;6.0;0.0;0.0;0.0;1.0;1.0;1.0;;;;1.0;3.0;2.0;3.0;2.0;2.0;2026-01-05 23:00:00+00:00
43.264;-0.391;-00.391_43.264;33.0;33.0;Jurançon;VALLEES-DES-GAVES;JURANCON;2026-01-07;2.0;7.0;7.0;7.0;7.0;1.0;1.0;1.0;;;;3.0;1.0;3.0;2.0;3.0;1.0;2026-01-06 23:00:00+00:00
43.264;-0.391;-00.391_43.264;33.0;33.0;Jurançon;VALLEES-DES-GAVES;JURANCON;2026-01-08;2.0;8.0;8.8;8.8;8.8;1.0;1.0;1.0;;;;1.0;2.0;3.0;1.0;1.0;2.0;2026-01-07 23:00:00+00:00
43.264;-0.391;-00.391_43.264;33.0;33.0;Jurançon;VALLEES-DES-GAVES;JURANCON;2026-01-09;2.0;9.0;25.5;25.5;25.5;1.0;1.0;1.0;;;;1.0;2.0;1.0;1.0;1.0;1.0;2026-01-08 23:00:00+00:00
43.264;-0.391;-00.391_43.264;33.0;33.0;Jurançon;VALLEES-DES-GAVES;JURANCON;2026-01-10;2.0;10.0;15.2;15.2;15.2;1.0;1.0;1.0;;;;1.0;2.0;2.0;3.0;1.0;1.0;2026-01-09 23:00:00+00:00
43.264;-0.391;-00.391_43.264;33.0;33.0;Jurançon;VALLEES-DES-GAVES;JURANCON;2026-01-11;2.0;11.0;0.1;0.1;0.1;1.0;1.0;1.0;;;;1.0;1.0;3.0;2.0;1.0;3.0;2026-01-10 23:00:00+00:00
43.264;-0.391;-00.391_43.264;33.0;33.0;Jurançon;VALLEES-DES-GAVES;JURANCON;2026-01-12;3.0;12.0;0.0;0.0;0.0;1.0;1.0;1.0;;;;1.0;2.0;2.0;1.0;2.0;3.0;2026-01-11 23:00:00+00:00
43.264;-0.391;-00.391_43.264;33.0;33.0;Jurançon;VALLEES-DES-GAVES;JURANCON;2026-01-13;3.0;13.0;0.0;0.0;0.0;1.0;1.0;1.0;;;;1.0;1.0;2.0;1.0;3.0;1.0;2026-01-12 23:00:00+00:00
43.264;-0.391;-00.391_43.264;33.0;33.0;Jurançon;VALLEES-DES-GAVES;JURANCON;2026-01-14;3.0;14.0;0.0;0.0;0.0;1.0;1.0;1.0;;;;2.0;1.0;1.0;1.0;3.0;3.0;2026-01-13 23:00:00+00:00
43.264;-0.391;-00.391_43.264;33.0;33.0;Jurançon;VALLEES-DES-GAVES;JURANCON;2026-01-15;3.0;15.0;0.4;0.4;0.4;1.0;1.0;1.0;;;;1.0;2.0;1.0;1.0;4.0;2.0;2026-01-14 23:00:00+00:00
43.264;-0.391;-00.391_43.264;33.0;33.0;Jurançon;VALLEES-DES-GAVES;JURANCON;2026-01-16;3.0;16.0;3.7;3.7;3.7;1.0;1.0;1.0;;;;1.0;3.0;2.0;1.0;1.0;3.0;2026-01-15 23:00:00+00:00
43.264;-0.391;-00.391_43.264;33.0;33.0;Jurançon;VALLEES-DES-GAVES;JURANCON;2026-01-17;3.0;17.0;4.9;4.9;4.9;1.0;1.0;1.0;;;;3.0;3.0;3.0;1.0;1.0;2.0;2026-01-16 23:00:00+00:00
43.264;-0.391;-00.391_43.264;33.0;33.0;Jurançon;VALLEES-DES-GAVES;JURANCON;2026-01-18;3.0;18.0;1.3;1.3;1.3;1.0;1.0;1.0;;;;2.0;1.0;2.0;2.0;1.0;2.0;2026-01-17 23:00:00+00:00
43.264;-0.391;-00.391_43.264;33.0;33.0;Jurançon;VALLEES-DES-GAVES;JURANCON;2026-01-19;4.0;19.0;17.9;17.9;17.9;1.0;1.0;1.0;;;;1.0;2.0;2.0;1.0;3.0;1.0;2026-01-18 23:00:00+00:00
43.264;-0.391;-00.391_43.264;33.0;33.0;Jurançon;VALLEES-DES-GAVES;JURANCON;2026-01-20;4.0;20.0;0.1;0.1;0.1;1.0;1.0;1.0;;;;2.0;1.0;1.0;4.0;2.0;4.0;2026-01-19 23:00:00+00:00
43.264;-0.391;-00.391_43.264;33.0;33.0;Jurançon;VALLEES-DES-GAVES;JURANCON;2026-01-21;4.0;21.0;0.6;0.6;0.6;1.0;1.0;1.0;;;;2.0;3.0;3.0;1.0;4.0;2.0;2026-01-20 23:00:00+00:00
43.264;-0.391;-00.391_43.264;33.0;33.0;Jurançon;VALLEES-DES-GAVES;JURANCON;2026-01-22;4.0;22.0;3.6;3.6;3.6;1.0;1.0;1.0;;;;1.0;2.0;1.0;1.0;4.0;3.0;2026-01-21 23:00:00+00:00
43.264;-0.391;-00.391_43.264;33.0;33.0;Jurançon;VALLEES-DES-GAVES;JURANCON;2026-01-23;4.0;23.0;0.3;0.3;0.3;1.0;1.0;1.0;;;;2.0;2.0;2.0;1.0;2.0;1.0;2026-01-22 23:00:00+00:00
43.264;-0.391;-00.391_43.264;33.0;33.0;Jurançon;VALLEES-DES-GAVES;JURANCON;2026-01-24;4.0;24.0;12.4;12.4;12.4;1.0;1.0;1.0;;;;1.0;2.0;2.0;1.0;2.0;1.0;2026-01-23 23:00:00+00:00
43.264;-0.391;-00.391_43.264;33.0;33.0;Jurançon;VALLEES-DES-GAVES;JURANCON;2026-01-25;4.0;25.0;20.7;20.7;20.7;1.0;1.0;1.0;;;;2.0;1.0;2.0;1.0;2.0;3.0;2026-01-24 23:00:00+00:00
43.264;-0.391;-00.391_43.264;33.0;33.0;Jurançon;VALLEES-DES-GAVES;JURANCON;2026-01-26;5.0;26.0;9.0;9.0;9.0;1.0;1.0;1.0;;;;1.0;3.0;1.0;2.0;1.0;4.0;2026-01-25 23:00:00+00:00
43.264;-0.391;-00.391_43.264;33.0;33.0;Jurançon;VALLEES-DES-GAVES;JURANCON;2026-01-27;5.0;27.0;7.6;7.6;7.6;1.0;1.0;1.0;;;;1.0;1.0;3.0;2.0;2.0;1.0;2026-01-26 23:00:00+00:00
43.264;-0.391;-00.391_43.264;33.0;33.0;Jurançon;VALLEES-DES-GAVES;JURANCON;2026-01-28;5.0;28.0;0.0;0.0;0.0;1.0;1.0;1.0;;;;2.0;1.0;3.0;3.0;2.0;1.0;2026-01-27 23:00:00+00:00
43.264;-0.391;-00.391_43.264;33.0;33.0;Jurançon;VALLEES-DES-GAVES;JURANCON;2026-01-29;5.0;29.0;6.6;6.6;6.6;1.0;1.0;1.0;;;;1.0;3.0;3.0;4.0;3.0;3.0;2026-01-28 23:00:00+00:00
43.264;-0.391;-00.391_43.264;33.0;33.0;Jurançon;VALLEES-DES-GAVES;JURANCON;2026-01-30;5.0;30.0;3.1000000000000005;3.1000000000000005;3.1000000000000005;1.0;1.0;1.0;;;;1.0;1.0;3.0;1.0;3.0;2.0;2026-01-29 23:00:00+00:00
43.264;-0.391;-00.391_43.264;33.0;33.0;Jurançon;VALLEES-DES-GAVES;JURANCON;2026-01-31;5.0;31.0;43.4;43.4;43.4;1.0;1.0;1.0;;;;1.0;1.0;2.0;1.0;1.0;3.0;2026-01-30 23:00:00+00:00
43.264;-0.391;-00.391_43.264;33.0;33.0;Jurançon;VALLEES-DES-GAVES;JURANCON;2026-02-01;5.0;32.0;2.4;2.4;2.4;1.0;1.0;1.0;;;;1.0;1.0;1.0;1.0;1.0;1.0;2026-01-31 23:00:00+00:00
43.264;-0.391;-00.391_43.264;33.0;33.0;Jurançon;VALLEES-DES-GAVES;JURANCON;2026-02-02;6.0;33.0;0.0;0.0;0.0;1.0;1.0;1.0;;;;1.0;1.0;2.0;1.0;1.0;2.0;2026-02-01 23:00:00+00:00
43.264;-0.391;-00.391_43.264;33.0;33.0;Jurançon;VALLEES-DES-GAVES;JURANCON;2026-02-03;6.0;34.0;0.0;0.0;0.0;1.0;1.0;1.0;;;;2.0;1.0;1.0;1.0;2.0;2.0;2026-02-02 23:00:00+00:00
43.264;-0.391;-00.391_43.264;33.0;33.0;Jurançon;VALLEES-DES-GAVES;JURANCON;2026-02-04;6.0;35.0;0.8;0.8;0.8;1.0;1.0;1.0;;;;1.0;1.0;3.0;2.0;3.0;3.0;2026-02-03 23:00:00+00:00
43.264;-0.391;-00.391_43.264;33.0;33.0;Jurançon;VALLEES-DES-GAVES;JURANCON;2026-02-05;6.0;36.0;3.5000000000000004;3.5000000000000004;3.5000000000000004;1.0;1.0;1.0;;;;3.0;3.0;1.0;3.0;2.0;1.0;2026-02-04 23:00:00+00:00
43.264;-0.391;-00.391_43.264;33.0;33.0;Jurançon;VALLEES-DES-GAVES;JURANCON;2026-02-06;6.0;37.0;3.1;3.1;3.1;1.0;1.0;1.0;;;;4.0;1.0;2.0;2.0;2.0;3.0;2026-02-05 23:00:00+00:00
43.264;-0.391;-00.391_43.264;33.0;33.0;Jurançon;VALLEES-DES-GAVES;JURANCON;2026-02-07;6.0;38.0;0.0;0.0;0.0;1.0;1.0;1.0;;;;1.0;2.0;1.0;2.0;1.0;4.0;2026-02-06 23:00:00+00:00
43.264;-0.391;-00.391_43.264;33.0;33.0;Jurançon;VALLEES-DES-GAVES;JURANCON;2026-02-08;6.0;39.0;6.7;6.7;6.7;1.0;1.0;1.0;;;;1.0;1.0;2.0;2.0;2.0;4.0;2026-02-07 23:00:00+00:00
43.264;-0.391;-00.391_43.264;33.0;33.0;Jurançon;VALLEES-DES-GAVES;JURANCON;2026-02-09;7.0;40.0;12.6;12.6;12.6;1.0;1.0;1.0;;;;2.0;1.0;1.0;1.0;2.0;2.0;2026-02-08 23:00:00+00:00
43.264;-0.391;-00.391_43.264;33.0;33.0;Jurançon;VALLEES-DES-GAVES;JURANCON;2026-02-10;7.0;41.0;30.3;30.3;30.3;1.0;1.0;1.0;;;;1.0;1.0;3.0;1.0;2.0;2.0;2026-02-09 23:00:00+00:00
43.264;-0.391;-00.391_43.264;33.0;33.0;Jurançon;VALLEES-DES-GAVES;JURANCON;2026-02-11;7.0;42.0;19.0;19.0;19.0;1.0;1.0;1.0;;;;1.0;1.0;1.0;1.0;1.0;2.0;2026-02-10 23:00:00+00:00
43.264;-0.391;-00.391_43.264;33.0;33.0;Jurançon;VALLEES-DES-GAVES;JURANCON;2026-02-12;7.0;43.0;1.8;1.8;1.8;1.0;1.0;1.0;;;;1.0;2.0;1.0;1.0;4.0;1.0;2026-02-11 23:00:00+00:00
43.264;-0.391;-00.391_43.264;33.0;33.0;Jurançon;VALLEES-DES-GAVES;JURANCON;2026-02-13;7.0;44.0;15.5;15.5;15.5;1.0;1.0;1.0;;;;1.0;2.0;1.0;2.0;3.0;2.0;2026-02-12 23:00:00+00:00
43.264;-0.391;-00.391_43.264;33.0;33.0;Jurançon;VALLEES-DES-GAVES;JURANCON;2026-02-14;7.0;45.0;30.1;30.1;30.1;1.0;1.0;1.0;;;;2.0;1.0;1.0;1.0;2.0;2.0;2026-02-13 23:00:00+00:00
43.264;-0.391;-00.391_43.264;33.0;33.0;Jurançon;VALLEES-DES-GAVES;JURANCON;2026-02-15;7.0;46.0;7.5;7.5;7.5;1.0;1.0;1.0;;;;2.0;2.0;1.0;1.0;1.0;1.0;2026-02-14 23:00:00+00:00
43.264;-0.391;-00.391_43.264;33.0;33.0;Jurançon;VALLEES-DES-GAVES;JURANCON;2026-02-16;8.0;47.0;30.0;30.0;30.0;1.0;1.0;1.0;;;;2.0;2.0;2.0;2.0;2.0;1.0;2026-02-15 23:00:00+00:00
43.264;-0.391;-00.391_43.264;33.0;33.0;Jurançon;VALLEES-DES-GAVES;JURANCON;2026-02-17;8.0;48.0;1.5;1.5;1.5;1.0;1.0;1.0;;;;1.0;3.0;1.0;1.0;1.0;1.0;2026-02-16 23:00:00+00:00
43.264;-0.391;-00.391_43.264;33.0;33.0;Jurançon;VALLEES-DES-GAVES;JURANCON;2026-02-18;8.0;49.0;13.4;13.4;13.4;1.0;1.0;1.0;;;;1.0;2.0;3.0;1.0;1.0;2.0;2026-02-17 23:00:00+00:00
43.264;-0.391;-00.391_43.264;33.0;33.0;Jurançon;VALLEES-DES-GAVES;JURANCON;2026-02-19;8.0;50.0;16.7;16.7;16.7;1.0;1.0;1.0;;;;1.0;4.0;3.0;1.0;2.0;2.0;2026-02-18 23:00:00+00:00
43.264;-0.391;-00.391_43.264;33.0;33.0;Jurançon;VALLEES-DES-GAVES;JURANCON;2026-02-20;8.0;51.0;2.1;2.1;2.1;1.0;1.0;1.0;;;;3.0;2.0;1.0;2.0;1.0;2.0;2026-02-19 23:00:00+00:00
43.264;-0.391;-00.391_43.264;33.0;33.0;Jurançon;VALLEES-DES-GAVES;JURANCON;2026-02-21;8.0;52.0;0.0;0.0;0.0;1.0;1.0;1.0;;;;1.0;2.0;1.0;1.0;3.0;2.0;2026-02-20 23:00:00+00:00
43.264;-0.391;-00.391_43.264;33.0;33.0;Jurançon;VALLEES-DES-GAVES;JURANCON;2026-02-22;8.0;53.0;0.0;0.0;0.0;1.0;1.0;1.0;;;;2.0;1.0;1.0;1.0;2.0;4.0;2026-02-21 23:00:00+00:00
43.264;-0.391;-00.391_43.264;33.0;33.0;Jurançon;VALLEES-DES-GAVES;JURANCON;2026-02-23;9.0;54.0;0.0;0.0;0.0;1.0;1.0;1.0;;;;2.0;2.0;2.0;1.0;2.0;1.0;2026-02-22 23:00:00+00:00
43.264;-0.391;-00.391_43.264;33.0;33.0;Jurançon;VALLEES-DES-GAVES;JURANCON;2026-02-24;9.0;55.0;0.0;0.0;0.0;1.0;1.0;1.0;;;;1.0;2.0;1.0;1.0;1.0;2.0;2026-02-23 23:00:00+00:00
43.264;-0.391;-00.391_43.264;33.0;33.0;Jurançon;VALLEES-DES-GAVES;JURANCON;2026-02-25;9.0;56.0;0.0;0.0;0.0;1.0;1.0;1.0;;;;1.0;2.0;2.0;2.0;1.0;2.0;2026-02-24 23:00:00+00:00
43.264;-0.391;-00.391_43.264;33.0;33.0;Jurançon;VALLEES-DES-GAVES;JURANCON;2026-02-26;9.0;57.0;0.0;0.0;0.0;1.0;1.0;1.0;;;;2.0;1.0;2.0;1.0;1.0;1.0;2026-02-25 23:00:00+00:00
43.264;-0.391;-00.391_43.264;33.0;33.0;Jurançon;VALLEES-DES-GAVES;JURANCON;2026-02-27;9.0;58.0;0.0;0.0;0.0;1.0;1.0;1.0;;;;2.0;2.0;3.0;1.0;2.0;1.0;2026-02-26 23:00:00+00:00
43.264;-0.391;-00.391_43.264;33.0;33.0;Jurançon;VALLEES-DES-GAVES;JURANCON;2026-02-28;9.0;59.0;9.8;9.8;9.8;1.0;1.0;1.0;;;;2.0;1.0;3.0;2.0;1.0;1.0;2026-02-27 23:00:00+00:00
43.264;-0.391;-00.391_43.264;33.0;33.0;Jurançon;VALLEES-DES-GAVES;JURANCON;2026-03-01;9.0;60.0;0.0;0.0;0.0;1.0;1.0;1.0;;;;3.0;2.0;2.0;1.0;1.0;3.0;2026-02-28 23:00:00+00:00
43.264;-0.391;-00.391_43.264;33.0;33.0;Jurançon;VALLEES-DES-GAVES;JURANCON;2026-03-02;10.0;61.0;0.0;0.0;0.0;1.0;1.0;1.0;;;;4.0;1.0;4.0;1.0;1.0;1.0;2026-03-01 23:00:00+00:00
43.264;-0.391;-00.391_43.264;33.0;33.0;Jurançon;VALLEES-DES-GAVES;JURANCON;2026-03-03;10.0;62.0;0.0;0.0;0.0;1.0;1.0;1.0;;;;1.0;1.0;2.0;2.0;1.0;3.0;2026-03-02 23:00:00+00:00
43.264;-0.391;-00.391_43.264;33.0;33.0;Jurançon;VALLEES-DES-GAVES;JURANCON;2026-03-04;10.0;63.0;0.0;0.0;0.0;1.0;1.0;1.0;;;;1.0;2.0;1.0;1.0;2.0;1.0;2026-03-03 23:00:00+00:00
43.264;-0.391;-00.391_43.264;33.0;33.0;Jurançon;VALLEES-DES-GAVES;JURANCON;2026-03-05;10.0;64.0;9.6;9.6;9.6;1.0;1.0;1.0;;;;3.0;2.0;1.0;2.0;1.0;2.0;2026-03-04 23:00:00+00:00
43.264;-0.391;-00.391_43.264;33.0;33.0;Jurançon;VALLEES-DES-GAVES;JURANCON;2026-03-06;10.0;65.0;0.5;0.5;0.5;1.0;1.0;1.0;;;;2.0;2.0;2.0;2.0;2.0;1.0;2026-03-05 23:00:00+00:00
43.264;-0.391;-00.391_43.264;33.0;33.0;Jurançon;VALLEES-DES-GAVES;JURANCON;2026-03-07;10.0;66.0;2.6;2.6;2.6;1.0;1.0;1.0;;;;2.0;1.0;1.0;2.0;3.0;3.0;2026-03-06 23:00:00+00:00
43.264;-0.391;-00.391_43.264;33.0;33.0;Jurançon;VALLEES-DES-GAVES;JURANCON;2026-03-08;10.0;67.0;10.6;10.6;10.6;1.0;1.0;1.0;;;;2.0;2.0;2.0;2.0;1.0;1.0;2026-03-07 23:00:00+00:00
43.264;-0.391;-00.391_43.264;33.0;33.0;Jurançon;VALLEES-DES-GAVES;JURANCON;2026-03-09;11.0;68.0;0.0;0.0;0.0;1.0;1.0;1.0;;;;1.0;2.0;3.0;1.0;1.0;1.0;2026-03-08 23:00:00+00:00
43.264;-0.391;-00.391_43.264;33.0;33.0;Jurançon;VALLEES-DES-GAVES;JURANCON;2026-03-10;11.0;69.0;0.0;0.0;0.0;1.0;1.0;1.0;;;;3.0;1.0;1.0;1.0;1.0;2.0;2026-03-09 23:00:00+00:00
43.264;-0.391;-00.391_43.264;33.0;33.0;Jurançon;VALLEES-DES-GAVES;JURANCON;2026-03-11;11.0;70.0;2.4;2.4;2.4;1.0;1.0;1.0;;;;2.0;2.0;3.0;1.0;3.0;2.0;2026-03-10 23:00:00+00:00
43.264;-0.391;-00.391_43.264;33.0;33.0;Jurançon;VALLEES-DES-GAVES;JURANCON;2026-03-12;11.0;71.0;0.0;0.0;0.0;1.0;1.0;1.0;;;;1.0;1.0;1.0;3.0;1.0;1.0;2026-03-11 23:00:00+00:00
43.264;-0.391;-00.391_43.264;33.0;33.0;Jurançon;VALLEES-DES-GAVES;JURANCON;2026-03-13;11.0;72.0;9.8;9.8;9.8;1.0;1.0;1.0;;;;1.0;1.0;1.0;4.0;4.0;1.0;2026-03-12 23:00:00+00:00
43.264;-0.391;-00.391_43.264;33.0;33.0;Jurançon;VALLEES-DES-GAVES;JURANCON;2026-03-14;11.0;73.0;26.9;26.9;26.9;1.0;1.0;1.0;;;;2.0;1.0;2.0;1.0;2.0;1.0;2026-03-13 23:00:00+00:00
43.264;-0.391;-00.391_43.264;33.0;33.0;Jurançon;VALLEES-DES-GAVES;JURANCON;2026-03-15;11.0;74.0;2.8;2.8;2.8;1.0;1.0;1.0;;;;3.0;1.0;1.0;3.0;1.0;1.0;2026-03-14 23:00:00+00:00
43.264;-0.391;-00.391_43.264;33.0;33.0;Jurançon;VALLEES-DES-GAVES;JURANCON;2026-03-16;12.0;75.0;0.0;0.0;0.0;1.0;1.0;1.0;;;;1.0;1.0;1.0;1.0;1.0;1.0;2026-03-15 23:00:00+00:00
43.264;-0.391;-00.391_43.264;33.0;33.0;Jurançon;VALLEES-DES-GAVES;JURANCON;2026-03-17;12.0;76.0;0.0;0.0;0.0;1.0;1.0;1.0;;;;1.0;1.0;1.0;2.0;2.0;2.0;2026-03-16 23:00:00+00:00
43.264;-0.391;-00.391_43.264;33.0;33.0;Jurançon;VALLEES-DES-GAVES;JURANCON;2026-03-18;12.0;77.0;0.0;0.0;0.0;1.0;1.0;1.0;;;;4.0;3.0;2.0;1.0;1.0;3.0;2026-03-17 23:00:00+00:00
43.264;-0.391;-00.391_43.264;33.0;33.0;Jurançon;VALLEES-DES-GAVES;JURANCON;2026-03-19;12.0;78.0;0.0;0.0;0.0;1.0;1.0;1.0;;;;4.0;1.0;4.0;4.0;3.0;3.0;2026-03-18 23:00:00+00:00
43.264;-0.391;-00.391_43.264;33.0;33.0;Jurançon;VALLEES-DES-GAVES;JURANCON;2026-03-20;12.0;79.0;0.0;0.0;0.0;1.0;1.0;1.0;;;;2.0;2.0;1.0;1.0;1.0;4.0;2026-03-19 23:00:00+00:00
43.264;-0.391;-00.391_43.264;33.0;33.0;Jurançon;VALLEES-DES-GAVES;JURANCON;2026-03-21;12.0;80.0;0.0;0.0;0.0;1.0;1.0;1.0;;;;1.0;3.0;4.0;1.0;1.0;3.0;2026-03-20 23:00:00+00:00
43.264;-0.391;-00.391_43.264;33.0;33.0;Jurançon;VALLEES-DES-GAVES;JURANCON;2026-03-22;12.0;81.0;0.0;0.0;0.0;1.0;1.0;1.0;;;;1.0;3.0;3.0;1.0;3.0;2.0;2026-03-21 23:00:00+00:00
43.264;-0.391;-00.391_43.264;33.0;33.0;Jurançon;VALLEES-DES-GAVES;JURANCON;2026-03-23;13.0;82.0;0.0;0.0;0.0;1.0;1.0;1.0;;;;2.0;3.0;1.0;2.0;2.0;2.0;2026-03-22 23:00:00+00:00
43.264;-0.391;-00.391_43.264;33.0;33.0;Jurançon;VALLEES-DES-GAVES;JURANCON;2026-03-24;13.0;83.0;0.0;0.0;0.0;1.0;1.0;1.0;;;;1.0;1.0;3.0;3.0;1.0;1.0;2026-03-23 23:00:00+00:00
43.264;-0.391;-00.391_43.264;33.0;33.0;Jurançon;VALLEES-DES-GAVES;JURANCON;2026-03-25;13.0;84.0;2.1;2.1;2.1;1.0;1.0;1.0;;;;1.0;1.0;2.0;1.0;3.0;4.0;2026-03-24 23:00:00+00:00
43.264;-0.391;-00.391_43.264;33.0;33.0;Jurançon;VALLEES-DES-GAVES;JURANCON;2026-03-26;13.0;85.0;2.2;2.2;2.2;1.0;1.0;1.0;;;;1.0;2.0;1.0;1.0;1.0;3.0;2026-03-25 23:00:00+00:00
43.264;-0.391;-00.391_43.264;33.0;33.0;Jurançon;VALLEES-DES-GAVES;JURANCON;2026-03-27;13.0;86.0;0.0;0.0;0.0;1.0;1.0;1.0;;;;2.0;3.0;1.0;1.0;1.0;1.0;2026-03-26 23:00:00+00:00
43.264;-0.391;-00.391_43.264;33.0;33.0;Jurançon;VALLEES-DES-GAVES;JURANCON;2026-03-28;13.0;87.0;0.4;0.4;0.4;1.0;1.0;1.0;;;;1.0;1.0;1.0;1.0;1.0;1.0;2026-03-27 23:00:00+00:00
43.264;-0.391;-00.391_43.264;33.0;33.0;Jurançon;VALLEES-DES-GAVES;JURANCON;2026-03-29;13.0;88.0;0.0;0.0;0.0;1.0;1.0;1.0;;;;1.0;1.0;2.0;3.0;1.0;2.0;2026-03-28 23:00:00+00:00
43.264;-0.391;-00.391_43.264;33.0;33.0;Jurançon;VALLEES-DES-GAVES;JURANCON;2026-03-30;14.0;89.0;5.300000000000001;5.300000000000001;5.300000000000001;1.0;1.0;1.0;;;;1.0;2.0;1.0;1.0;1.0;1.0;2026-03-29 22:00:00+00:00
43.264;-0.391;-00.391_43.264;33.0;33.0;Jurançon;VALLEES-DES-GAVES;JURANCON;2026-03-31;14.0;90.0;0.0;0.0;0.0;1.0;1.0;1.0;3.0;3.0;3.0;2.0;1.0;1.0;2.0;1.0;1.0;2026-03-30 22:00:00+00:00
43.264;-0.391;-00.391_43.264;33.0;33.0;Jurançon;VALLEES-DES-GAVES;JURANCON;2026-04-01;14.0;91.0;8.1;8.1;8.1;1.0;1.0;1.0;3.0;3.0;3.0;3.0;1.0;1.0;1.0;4.0;1.0;2026-03-31 22:00:00+00:00
43.264;-0.391;-00.391_43.264;33.0;33.0;Jurançon;VALLEES-DES-GAVES;JURANCON;2026-04-02;14.0;92.0;15.4;15.4;15.4;1.0;1.0;1.0;3.0;3.0;3.0;2.0;1.0;2.0;1.0;1.0;2.0;2026-04-01 22:00:00+00:00
43.264;-0.391;-00.391_43.264;33.0;33.0;Jurançon;VALLEES-DES-GAVES;JURANCON;2026-04-03;14.0;93.0;0.2;0.2;0.2;1.0;1.0;1.0;3.0;3.0;3.0;2.0;2.0;2.0;1.0;1.0;1.0;2026-04-02 22:00:00+00:00
43.264;-0.391;-00.391_43.264;33.0;33.0;Jurançon;VALLEES-DES-GAVES;JURANCON;2026-04-04;14.0;94.0;0.0;0.0;0.0;1.0;1.0;1.0;3.0;3.0;3.0;3.0;1.0;2.0;1.0;2.0;1.0;2026-04-03 22:00:00+00:00
43.264;-0.391;-00.391_43.264;33.0;33.0;Jurançon;VALLEES-DES-GAVES;JURANCON;2026-04-05;14.0;95.0;0.0;0.0;0.0;1.0;1.0;1.0;3.0;3.0;3.0;1.0;3.0;1.0;3.0;2.0;2.0;2026-04-04 22:00:00+00:00
43.264;-0.391;-00.391_43.264;33.0;33.0;Jurançon;VALLEES-DES-GAVES;JURANCON;2026-04-06;15.0;96.0;0.0;0.0;0.0;1.0;1.0;1.0;3.0;3.0;3.0;1.0;1.0;3.0;2.0;2.0;4.0;2026-04-05 22:00:00+00:00
43.264;-0.391;-00.391_43.264;33.0;33.0;Jurançon;VALLEES-DES-GAVES;JURANCON;2026-04-07;15.0;97.0;0.0;0.0;0.0;1.0;1.0;1.0;3.0;3.0;3.0;1.0;2.0;1.0;2.0;1.0;1.0;2026-04-06 22:00:00+00:00
43.264;-0.391;-00.391_43.264;33.0;33.0;Jurançon;VALLEES-DES-GAVES;JURANCON;2026-04-08;15.0;98.0;0.0;0.0;0.0;1.0;1.0;1.0;3.0;3.0;3.0;1.0;1.0;2.0;1.0;4.0;2.0;2026-04-07 22:00:00+00:00
43.264;-0.391;-00.391_43.264;33.0;33.0;Jurançon;VALLEES-DES-GAVES;JURANCON;2026-04-09;15.0;99.0;0.0;0.0;0.0;1.0;1.0;1.0;2.0;2.0;2.0;1.0;1.0;2.0;2.0;2.0;1.0;2026-04-08 22:00:00+00:00
43.264;-0.391;-00.391_43.264;33.0;33.0;Jurançon;VALLEES-DES-GAVES;JURANCON;2026-04-10;15.0;100.0;0.0;0.0;0.0;1.0;1.0;1.0;2.0;2.0;2.0;1.0;2.0;1.0;1.0;1.0;2.0;2026-04-09 22:00:00+00:00
43.264;-0.391;-00.391_43.264;33.0;33.0;Jurançon;VALLEES-DES-GAVES;JURANCON;2026-04-11;15.0;101.0;10.8;10.8;10.8;1.0;1.0;1.0;2.0;2.0;2.0;1.0;3.0;1.0;2.0;2.0;1.0;2026-04-10 22:00:00+00:00
43.264;-0.391;-00.391_43.264;33.0;33.0;Jurançon;VALLEES-DES-GAVES;JURANCON;2026-04-12;15.0;102.0;34.6;34.6;34.6;2.0;2.0;2.0;;2.0;;3.0;1.0;2.0;1.0;2.0;2.0;2026-04-11 22:00:00+00:00
43.264;-0.391;-00.391_43.264;33.0;33.0;Jurançon;VALLEES-DES-GAVES;JURANCON;2026-04-13;16.0;103.0;7.0;7.0;7.0;1.0;1.0;1.0;;2.0;;1.0;1.0;3.0;2.0;1.0;3.0;2026-04-12 22:00:00+00:00
43.264;-0.391;-00.391_43.264;33.0;33.0;Jurançon;VALLEES-DES-GAVES;JURANCON;2026-04-14;16.0;104.0;0.0;0.0;0.0;1.0;1.0;1.0;;3.0;;2.0;1.0;1.0;1.0;3.0;2.0;2026-04-13 22:00:00+00:00
43.264;-0.391;-00.391_43.264;33.0;33.0;Jurançon;VALLEES-DES-GAVES;JURANCON;2026-04-15;16.0;105.0;0.0;0.0;0.0;1.0;1.0;1.0;;3.0;;1.0;1.0;2.0;2.0;1.0;2.0;2026-04-14 22:00:00+00:00
43.264;-0.391;-00.391_43.264;33.0;33.0;Jurançon;VALLEES-DES-GAVES;JURANCON;2026-04-16;16.0;106.0;0.0;0.0;0.0;1.0;1.0;1.0;;2.0;;3.0;1.0;2.0;1.0;2.0;1.0;2026-04-15 22:00:00+00:00
43.264;-0.391;-00.391_43.264;33.0;33.0;Jurançon;VALLEES-DES-GAVES;JURANCON;2026-04-17;16.0;107.0;0.0;0.0;0.0;1.0;1.0;1.0;;2.0;;3.0;4.0;2.0;3.0;1.0;1.0;2026-04-16 22:00:00+00:00
43.264;-0.391;-00.391_43.264;33.0;33.0;Jurançon;VALLEES-DES-GAVES;JURANCON;2026-04-18;16.0;108.0;0.0;0.0;0.0;1.0;1.0;1.0;;2.0;;4.0;1.0;4.0;3.0;2.0;1.0;2026-04-17 22:00:00+00:00
43.264;-0.391;-00.391_43.264;33.0;33.0;Jurançon;VALLEES-DES-GAVES;JURANCON;2026-04-19;16.0;109.0;0.8;0.8;0.8;1.0;1.0;1.0;;2.0;;1.0;1.0;2.0;1.0;1.0;1.0;2026-04-18 22:00:00+00:00
43.264;-0.391;-00.391_43.264;33.0;33.0;Jurançon;VALLEES-DES-GAVES;JURANCON;2026-04-20;17.0;110.0;0.3;0.3;0.3;1.0;1.0;1.0;;2.0;;2.0;1.0;2.0;2.0;1.0;3.0;2026-04-19 22:00:00+00:00
43.264;-0.391;-00.391_43.264;33.0;33.0;Jurançon;VALLEES-DES-GAVES;JURANCON;2026-04-21;17.0;111.0;0.0;0.0;0.0;1.0;1.0;1.0;;2.0;;1.0;1.0;3.0;1.0;3.0;3.0;2026-04-20 22:00:00+00:00
43.264;-0.391;-00.391_43.264;33.0;33.0;Jurançon;VALLEES-DES-GAVES;JURANCON;2026-04-22;17.0;112.0;0.0;0.0;0.0;1.0;1.0;1.0;;2.0;;1.0;1.0;2.0;2.0;4.0;2.0;2026-04-21 22:00:00+00:00
43.264;-0.391;-00.391_43.264;33.0;33.0;Jurançon;VALLEES-DES-GAVES;JURANCON;2026-04-23;17.0;113.0;0.0;0.0;0.0;1.0;1.0;1.0;;2.0;;1.0;1.0;2.0;3.0;2.0;2.0;2026-04-22 22:00:00+00:00
43.264;-0.391;-00.391_43.264;33.0;33.0;Jurançon;VALLEES-DES-GAVES;JURANCON;2026-04-24;17.0;114.0;0.0;0.0;0.0;1.0;1.0;1.0;;2.0;;1.0;4.0;1.0;1.0;2.0;1.0;2026-04-23 22:00:00+00:00
43.264;-0.391;-00.391_43.264;33.0;33.0;Jurançon;VALLEES-DES-GAVES;JURANCON;2026-04-25;17.0;115.0;0.0;0.0;0.0;1.0;1.0;1.0;;2.0;;1.0;1.0;2.0;1.0;2.0;2.0;2026-04-24 22:00:00+00:00
43.264;-0.391;-00.391_43.264;33.0;33.0;Jurançon;VALLEES-DES-GAVES;JURANCON;2026-04-26;17.0;116.0;0.0;0.0;0.0;1.0;1.0;1.0;;2.0;;1.0;1.0;2.0;1.0;1.0;1.0;2026-04-25 22:00:00+00:00
43.264;-0.391;-00.391_43.264;33.0;33.0;Jurançon;VALLEES-DES-GAVES;JURANCON;2026-04-27;18.0;117.0;0.3;0.3;0.3;1.0;1.0;1.0;;2.0;;1.0;1.0;1.0;2.0;1.0;1.0;2026-04-26 22:00:00+00:00
43.264;-0.391;-00.391_43.264;33.0;33.0;Jurançon;VALLEES-DES-GAVES;JURANCON;2026-04-28;18.0;118.0;4.3;4.3;4.3;2.0;2.0;2.0;;2.0;;1.0;2.0;1.0;4.0;2.0;1.0;2026-04-27 22:00:00+00:00
43.264;-0.391;-00.391_43.264;33.0;33.0;Jurançon;VALLEES-DES-GAVES;JURANCON;2026-04-29;18.0;119.0;1.3;1.3;1.3;2.0;2.0;2.0;;2.0;;2.0;2.0;3.0;1.0;1.0;1.0;2026-04-28 22:00:00+00:00
43.264;-0.391;-00.391_43.264;33.0;33.0;Jurançon;VALLEES-DES-GAVES;JURANCON;2026-04-30;18.0;120.0;5.6000000000000005;5.6000000000000005;5.6000000000000005;1.0;1.0;1.0;;2.0;;3.0;1.0;1.0;2.0;1.0;3.0;2026-04-29 22:00:00+00:00
43.264;-0.391;-00.391_43.264;33.0;33.0;Jurançon;VALLEES-DES-GAVES;JURANCON;2026-05-01;18.0;121.0;0.1;0.1;0.1;4.0;4.0;4.0;;2.0;;1.0;1.0;4.0;1.0;1.0;2.0;2026-04-30 22:00:00+00:00
43.264;-0.391;-00.391_43.264;33.0;33.0;Jurançon;VALLEES-DES-GAVES;JURANCON;2026-05-02;18.0;122.0;43.8;43.8;43.8;1.0;1.0;1.0;;3.0;;2.0;2.0;2.0;2.0;2.0;1.0;2026-05-01 22:00:00+00:00
43.264;-0.391;-00.391_43.264;33.0;33.0;Jurançon;VALLEES-DES-GAVES;JURANCON;2026-05-03;18.0;123.0;3.5;3.5;3.5;1.0;1.0;1.0;;2.0;;1.0;1.0;3.0;1.0;2.0;1.0;2026-05-02 22:00:00+00:00
43.264;-0.391;-00.391_43.264;33.0;33.0;Jurançon;VALLEES-DES-GAVES;JURANCON;2026-05-04;19.0;124.0;20.3;20.3;20.3;4.0;4.0;4.0;;2.0;;1.0;2.0;1.0;1.0;4.0;2.0;2026-05-03 22:00:00+00:00
43.264;-0.391;-00.391_43.264;33.0;33.0;Jurançon;VALLEES-DES-GAVES;JURANCON;2026-05-05;19.0;125.0;1.9;1.9;1.9;1.0;1.0;1.0;;2.0;;3.0;1.0;1.0;4.0;3.0;1.0;2026-05-04 22:00:00+00:00
43.264;-0.391;-00.391_43.264;33.0;33.0;Jurançon;VALLEES-DES-GAVES;JURANCON;2026-05-06;19.0;126.0;1.0;1.0;1.0;1.0;1.0;1.0;;2.0;;2.0;1.0;1.0;1.0;1.0;3.0;2026-05-05 22:00:00+00:00
43.264;-0.391;-00.391_43.264;33.0;33.0;Jurançon;VALLEES-DES-GAVES;JURANCON;2026-05-07;19.0;127.0;1.3;1.3;1.3;1.0;1.0;1.0;;2.0;;1.0;3.0;1.0;2.0;3.0;1.0;2026-05-06 22:00:00+00:00
43.264;-0.391;-00.391_43.264;33.0;33.0;Jurançon;VALLEES-DES-GAVES;JURANCON;2026-05-08;19.0;128.0;0.4;0.4;0.4;1.0;1.0;1.0;;2.0;;2.0;1.0;1.0;3.0;1.0;3.0;2026-05-07 22:00:00+00:00
43.264;-0.391;-00.391_43.264;33.0;33.0;Jurançon;VALLEES-DES-GAVES;JURANCON;2026-05-09;19.0;129.0;2.4000000000000004;2.4000000000000004;2.4000000000000004;1.0;1.0;1.0;;2.0;;2.0;2.0;1.0;2.0;1.0;2.0;2026-05-08 22:00:00+00:00
43.264;-0.391;-00.391_43.264;33.0;33.0;Jurançon;VALLEES-DES-GAVES;JURANCON;2026-05-10;19.0;130.0;8.899999999999999;8.899999999999999;8.899999999999999;1.0;1.0;1.0;;2.0;;1.0;2.0;1.0;3.0;2.0;1.0;2026-05-09 22:00:00+00:00
43.264;-0.391;-00.391_43.264;33.0;33.0;Jurançon;VALLEES-DES-GAVES;JURANCON;2026-05-11;20.0;131.0;4.6;4.6;4.6;1.0;1.0;1.0;;2.0;;1.0;1.0;1.0;4.0;1.0;3.0;2026-05-10 22:00:00+00:00
43.264;-0.391;-00.391_43.264;33.0;33.0;Jurançon;VALLEES-DES-GAVES;JURANCON;2026-05-12;20.0;132.0;0.1;0.1;0.1;1.0;1.0;1.0;;2.0;;3.0;1.0;1.0;1.0;1.0;3.0;2026-05-11 22:00:00+00:00
43.264;-0.391;-00.391_43.264;33.0;33.0;Jurançon;VALLEES-DES-GAVES;JURANCON;2026-05-13;20.0;133.0;4.2;4.2;4.2;1.0;1.0;1.0;;3.0;;1.0;3.0;3.0;2.0;1.0;1.0;2026-05-12 22:00:00+00:00
43.264;-0.391;-00.391_43.264;33.0;33.0;Jurançon;VALLEES-DES-GAVES;JURANCON;2026-05-14;20.0;134.0;12.7;12.7;12.7;2.0;2.0;2.0;;3.0;;1.0;2.0;1.0;2.0;2.0;2.0;2026-05-13 22:00:00+00:00
43.264;-0.391;-00.391_43.264;33.0;33.0;Jurançon;VALLEES-DES-GAVES;JURANCON;2026-05-15;20.0;135.0;9.1;9.1;9.1;1.0;1.0;1.0;;3.0;;1.0;2.0;2.0;4.0;4.0;1.0;2026-05-14 22:00:00+00:00
43.264;-0.391;-00.391_43.264;33.0;33.0;Jurançon;VALLEES-DES-GAVES;JURANCON;2026-05-16;20.0;136.0;4.9;4.9;4.9;1.0;1.0;1.0;;3.0;;3.0;1.0;1.0;1.0;1.0;1.0;2026-05-15 22:00:00+00:00
43.264;-0.391;-00.391_43.264;33.0;33.0;Jurançon;VALLEES-DES-GAVES;JURANCON;2026-05-17;20.0;137.0;0.0;0.0;0.0;1.0;1.0;1.0;;4.0;;1.0;2.0;1.0;1.0;1.0;1.0;2026-05-16 22:00:00+00:00
43.264;-0.391;-00.391_43.264;33.0;33.0;Jurançon;VALLEES-DES-GAVES;JURANCON;2026-05-18;21.0;138.0;0.0;0.0;0.0;1.0;1.0;1.0;;4.0;;2.0;2.0;2.0;1.0;1.0;1.0;2026-05-17 22:00:00+00:00
43.264;-0.391;-00.391_43.264;33.0;33.0;Jurançon;VALLEES-DES-GAVES;JURANCON;2026-05-19;21.0;139.0;0.0;0.0;0.0;1.0;1.0;1.0;;4.0;;2.0;2.0;3.0;1.0;1.0;1.0;2026-05-18 22:00:00+00:00
43.264;-0.391;-00.391_43.264;33.0;33.0;Jurançon;VALLEES-DES-GAVES;JURANCON;2026-05-20;21.0;140.0;0.0;0.0;0.0;1.0;1.0;1.0;;4.0;;2.0;3.0;1.0;1.0;1.0;2.0;2026-05-19 22:00:00+00:00
43.264;-0.391;-00.391_43.264;33.0;33.0;Jurançon;VALLEES-DES-GAVES;JURANCON;2026-05-21;21.0;141.0;0.0;0.0;0.0;1.0;1.0;1.0;;4.0;;3.0;1.0;1.0;2.0;1.0;1.0;2026-05-20 22:00:00+00:00
43.264;-0.391;-00.391_43.264;33.0;33.0;Jurançon;VALLEES-DES-GAVES;JURANCON;2026-05-22;21.0;142.0;0.0;0.0;0.0;1.0;1.0;1.0;;4.0;;1.0;1.0;1.0;3.0;1.0;1.0;2026-05-21 22:00:00+00:00
43.264;-0.391;-00.391_43.264;33.0;33.0;Jurançon;VALLEES-DES-GAVES;JURANCON;2026-05-23;21.0;143.0;0.0;0.0;0.0;1.0;1.0;1.0;;4.0;;3.0;1.0;1.0;2.0;1.0;3.0;2026-05-22 22:00:00+00:00
43.264;-0.391;-00.391_43.264;33.0;33.0;Jurançon;VALLEES-DES-GAVES;JURANCON;2026-05-24;21.0;144.0;0.0;0.0;0.0;1.0;1.0;1.0;;4.0;;1.0;2.0;2.0;1.0;1.0;1.0;2026-05-23 22:00:00+00:00
43.264;-0.391;-00.391_43.264;33.0;33.0;Jurançon;VALLEES-DES-GAVES;JURANCON;2026-05-25;22.0;145.0;0.0;0.0;0.0;1.0;1.0;1.0;;4.0;;4.0;1.0;1.0;3.0;1.0;1.0;2026-05-24 22:00:00+00:00
43.264;-0.391;-00.391_43.264;33.0;33.0;Jurançon;VALLEES-DES-GAVES;JURANCON;2026-05-26;22.0;146.0;0.0;0.0;0.0;1.0;1.0;1.0;;3.0;;3.0;2.0;2.0;1.0;2.0;2.0;2026-05-25 22:00:00+00:00
43.264;-0.391;-00.391_43.264;33.0;33.0;Jurançon;VALLEES-DES-GAVES;JURANCON;2026-05-27;22.0;147.0;0.0;0.0;0.0;1.0;1.0;1.0;;3.0;;3.0;1.0;2.0;2.0;2.0;1.0;2026-05-26 22:00:00+00:00
43.264;-0.391;-00.391_43.264;33.0;33.0;Jurançon;VALLEES-DES-GAVES;JURANCON;2026-05-28;22.0;148.0;0.0;0.0;0.0;1.0;1.0;1.0;;3.0;;3.0;1.0;2.0;3.0;3.0;2.0;2026-05-27 22:00:00+00:00
43.264;-0.391;-00.391_43.264;33.0;33.0;Jurançon;VALLEES-DES-GAVES;JURANCON;2026-05-29;22.0;149.0;0.0;0.0;0.0;1.0;1.0;1.0;;3.0;;2.0;1.0;1.0;1.0;3.0;2.0;2026-05-28 22:00:00+00:00
43.264;-0.391;-00.391_43.264;33.0;33.0;Jurançon;VALLEES-DES-GAVES;JURANCON;2026-05-30;22.0;150.0;0.3;0.3;0.3;1.0;1.0;1.0;;2.0;;2.0;1.0;1.0;1.0;1.0;1.0;2026-05-29 22:00:00+00:00
43.264;-0.391;-00.391_43.264;33.0;33.0;Jurançon;VALLEES-DES-GAVES;JURANCON;2026-05-31;22.0;151.0;0.0;0.0;0.0;1.0;1.0;1.0;2.0;2.0;2.0;1.0;2.0;2.0;1.0;2.0;2.0;2026-05-30 22:00:00+00:00
43.264;-0.391;-00.391_43.264;33.0;33.0;Jurançon;VALLEES-DES-GAVES;JURANCON;2026-06-01;23.0;152.0;0.0;0.0;0.0;1.0;1.0;1.0;2.0;2.0;2.0;1.0;1.0;2.0;1.0;2.0;1.0;2026-05-31 22:00:00+00:00
43.264;-0.391;-00.391_43.264;33.0;33.0;Jurançon;VALLEES-DES-GAVES;JURANCON;2026-06-02;23.0;153.0;3.3;3.3;3.3;1.0;1.0;1.0;2.0;2.0;2.0;1.0;1.0;1.0;2.0;2.0;2.0;2026-06-01 22:00:00+00:00
43.264;-0.391;-00.391_43.264;33.0;33.0;Jurançon;VALLEES-DES-GAVES;JURANCON;2026-06-03;23.0;154.0;0.0;0.0;0.0;1.0;1.0;1.0;2.0;2.0;2.0;1.0;1.0;1.0;1.0;1.0;1.0;2026-06-02 22:00:00+00:00
43.264;-0.391;-00.391_43.264;33.0;33.0;Jurançon;VALLEES-DES-GAVES;JURANCON;2026-06-04;23.0;155.0;10.9;10.9;10.9;1.0;1.0;1.0;2.0;2.0;2.0;1.0;3.0;1.0;2.0;1.0;2.0;2026-06-03 22:00:00+00:00
43.264;-0.391;-00.391_43.264;33.0;33.0;Jurançon;VALLEES-DES-GAVES;JURANCON;2026-06-05;23.0;156.0;0.1;0.1;0.1;1.0;1.0;1.0;2.0;2.0;2.0;1.0;1.0;1.0;1.0;2.0;1.0;2026-06-04 22:00:00+00:00
43.264;-0.391;-00.391_43.264;33.0;33.0;Jurançon;VALLEES-DES-GAVES;JURANCON;2026-06-06;23.0;157.0;0.2;0.2;0.2;1.0;1.0;1.0;2.0;2.0;2.0;1.0;2.0;3.0;1.0;2.0;1.0;2026-06-05 22:00:00+00:00
43.264;-0.391;-00.391_43.264;33.0;33.0;Jurançon;VALLEES-DES-GAVES;JURANCON;2026-06-07;23.0;158.0;0.0;0.0;0.0;1.0;1.0;1.0;2.0;2.0;2.0;1.0;1.0;2.0;2.0;2.0;1.0;2026-06-06 22:00:00+00:00
43.264;-0.391;-00.391_43.264;33.0;33.0;Jurançon;VALLEES-DES-GAVES;JURANCON;2026-06-08;24.0;159.0;0.4;0.4;0.4;1.0;1.0;1.0;2.0;2.0;2.0;1.0;1.0;4.0;2.0;3.0;3.0;2026-06-07 22:00:00+00:00
43.264;-0.391;-00.391_43.264;33.0;33.0;Jurançon;VALLEES-DES-GAVES;JURANCON;2026-06-09;24.0;160.0;0.7;0.7;0.7;1.0;1.0;1.0;2.0;2.0;2.0;1.0;3.0;1.0;1.0;1.0;3.0;2026-06-08 22:00:00+00:00
43.264;-0.391;-00.391_43.264;33.0;33.0;Jurançon;VALLEES-DES-GAVES;JURANCON;2026-06-10;24.0;161.0;0.0;0.0;0.0;1.0;1.0;1.0;2.0;2.0;2.0;3.0;3.0;1.0;1.0;2.0;1.0;2026-06-09 22:00:00+00:00
43.264;-0.391;-00.391_43.264;33.0;33.0;Jurançon;VALLEES-DES-GAVES;JURANCON;2026-06-11;24.0;162.0;0.0;0.0;0.0;1.0;1.0;1.0;2.0;2.0;2.0;1.0;2.0;2.0;1.0;1.0;1.0;2026-06-10 22:00:00+00:00
43.264;-0.391;-00.391_43.264;33.0;33.0;Jurançon;VALLEES-DES-GAVES;JURANCON;2026-06-12;24.0;163.0;0.0;0.0;0.0;1.0;1.0;1.0;2.0;2.0;2.0;2.0;3.0;1.0;1.0;1.0;2.0;2026-06-11 22:00:00+00:00
43.264;-0.391;-00.391_43.264;33.0;33.0;Jurançon;VALLEES-DES-GAVES;JURANCON;2026-06-13;24.0;164.0;0.0;0.0;0.0;1.0;1.0;1.0;2.0;2.0;2.0;2.0;1.0;2.0;3.0;1.0;3.0;2026-06-12 22:00:00+00:00
43.264;-0.391;-00.391_43.264;33.0;33.0;Jurançon;VALLEES-DES-GAVES;JURANCON;2026-06-14;24.0;165.0;0.0;0.0;0.0;1.0;1.0;1.0;2.0;2.0;2.0;2.0;1.0;2.0;3.0;1.0;2.0;2026-06-13 22:00:00+00:00
43.264;-0.391;-00.391_43.264;33.0;33.0;Jurançon;VALLEES-DES-GAVES;JURANCON;2026-06-15;25.0;166.0;0.0;0.0;0.0;1.0;1.0;1.0;2.0;2.0;2.0;1.0;2.0;1.0;1.0;1.0;1.0;2026-06-14 22:00:00+00:00
43.264;-0.391;-00.391_43.264;33.0;33.0;Jurançon;VALLEES-DES-GAVES;JURANCON;2026-06-16;25.0;167.0;1.7;1.7;1.7;1.0;1.0;1.0;2.0;2.0;2.0;3.0;2.0;1.0;2.0;3.0;1.0;2026-06-15 22:00:00+00:00
43.264;-0.391;-00.391_43.264;33.0;33.0;Jurançon;VALLEES-DES-GAVES;JURANCON;2026-06-17;25.0;168.0;0.0;0.0;0.0;1.0;1.0;1.0;2.0;2.0;2.0;2.0;1.0;1.0;2.0;3.0;1.0;2026-06-16 22:00:00+00:00
43.264;-0.391;-00.391_43.264;33.0;33.0;Jurançon;VALLEES-DES-GAVES;JURANCON;2026-06-18;25.0;169.0;1.2;1.2;1.2;1.0;1.0;1.0;2.0;2.0;2.0;1.0;1.0;2.0;2.0;3.0;3.0;2026-06-17 22:00:00+00:00
43.264;-0.391;-00.391_43.264;33.0;33.0;Jurançon;VALLEES-DES-GAVES;JURANCON;2026-06-19;25.0;170.0;0.2;0.2;0.2;1.0;1.0;1.0;2.0;2.0;2.0;1.0;3.0;2.0;3.0;2.0;2.0;2026-06-18 22:00:00+00:00
43.264;-0.391;-00.391_43.264;33.0;33.0;Jurançon;VALLEES-DES-GAVES;JURANCON;2026-06-20;25.0;171.0;0.3;0.3;0.3;1.0;1.0;1.0;2.0;2.0;2.0;3.0;1.0;1.0;1.0;2.0;3.0;2026-06-19 22:00:00+00:00
43.264;-0.391;-00.391_43.264;33.0;33.0;Jurançon;VALLEES-DES-GAVES;JURANCON;2026-06-21;25.0;172.0;0.0;0.0;0.0;1.0;1.0;1.0;2.0;2.0;2.0;2.0;1.0;2.0;2.0;3.0;1.0;2026-06-20 22:00:00+00:00
43.264;-0.391;-00.391_43.264;33.0;33.0;Jurançon;VALLEES-DES-GAVES;JURANCON;2026-06-22;26.0;173.0;0.0;0.0;0.0;1.0;1.0;1.0;2.0;2.0;2.0;1.0;3.0;1.0;4.0;1.0;1.0;2026-06-21 22:00:00+00:00
43.264;-0.391;-00.391_43.264;33.0;33.0;Jurançon;VALLEES-DES-GAVES;JURANCON;2026-06-23;26.0;174.0;0.0;0.0;0.0;1.0;1.0;1.0;2.0;2.0;2.0;3.0;1.0;2.0;1.0;1.0;2.0;2026-06-22 22:00:00+00:00
43.264;-0.391;-00.391_43.264;33.0;33.0;Jurançon;VALLEES-DES-GAVES;JURANCON;2026-06-24;26.0;175.0;0.0;0.0;0.0;1.0;1.0;1.0;2.0;2.0;2.0;4.0;1.0;4.0;1.0;1.0;2.0;2026-06-23 22:00:00+00:00
43.264;-0.391;-00.391_43.264;33.0;33.0;Jurançon;VALLEES-DES-GAVES;JURANCON;2026-06-25;26.0;176.0;2.6;2.6;2.6;1.0;1.0;1.0;2.0;2.0;2.0;1.0;1.0;2.0;1.0;1.0;1.0;2026-06-24 22:00:00+00:00
43.264;-0.391;-00.391_43.264;33.0;33.0;Jurançon;VALLEES-DES-GAVES;JURANCON;2026-06-26;26.0;177.0;0.0;0.0;0.0;1.0;1.0;1.0;2.0;2.0;2.0;1.0;1.0;1.0;2.0;1.0;1.0;2026-06-25 22:00:00+00:00
43.264;-0.391;-00.391_43.264;33.0;33.0;Jurançon;VALLEES-DES-GAVES;JURANCON;2026-06-27;26.0;178.0;0.0;0.0;0.0;1.0;1.0;1.0;1.0;1.0;1.0;1.0;1.0;1.0;1.0;1.0;1.0;2026-06-26 22:00:00+00:00
43.264;-0.391;-00.391_43.264;33.0;33.0;Jurançon;VALLEES-DES-GAVES;JURANCON;2026-06-28;26.0;179.0;27.0;27.0;27.0;1.0;1.0;1.0;2.0;2.0;2.0;2.0;1.0;3.0;3.0;1.0;1.0;2026-06-27 22:00:00+00:00
43.264;-0.391;-00.391_43.264;33.0;33.0;Jurançon;VALLEES-DES-GAVES;JURANCON;2026-06-29;27.0;180.0;0.0;0.0;0.0;1.0;1.0;1.0;2.0;2.0;2.0;2.0;2.0;1.0;3.0;1.0;2.0;2026-06-28 22:00:00+00:00
43.264;-0.391;-00.391_43.264;33.0;33.0;Jurançon;VALLEES-DES-GAVES;JURANCON;2026-06-30;27.0;181.0;0.0;0.0;0.0;1.0;1.0;1.0;2.0;2.0;2.0;1.0;2.0;1.0;2.0;1.0;2.0;2026-06-29 22:00:00+00:00
43.264;-0.391;-00.391_43.264;33.0;33.0;Jurançon;VALLEES-DES-GAVES;JURANCON;2026-07-01;27.0;182.0;0.0;0.0;0.0;1.0;1.0;1.0;2.0;2.0;2.0;1.0;1.0;1.0;2.0;3.0;1.0;2026-06-30 22:00:00+00:00
43.264;-0.391;-00.391_43.264;33.0;33.0;Jurançon;VALLEES-DES-GAVES;JURANCON;2026-07-02;27.0;183.0;0.0;0.0;0.0;1.0;1.0;1.0;2.0;2.0;2.0;1.0;2.0;1.0;1.0;1.0;1.0;2026-07-01 22:00:00+00:00
43.264;-0.391;-00.391_43.264;33.0;33.0;Jurançon;VALLEES-DES-GAVES;JURANCON;2026-07-03;27.0;184.0;0.0;0.0;0.0;1.0;1.0;1.0;2.0;2.0;2.0;2.0;2.0;1.0;2.0;2.0;2.0;2026-07-02 22:00:00+00:00
43.264;-0.391;-00.391_43.264;33.0;33.0;Jurançon;VALLEES-DES-GAVES;JURANCON;2026-07-04;27.0;185.0;0.0;0.0;0.0;1.0;1.0;1.0;2.0;2.0;2.0;1.0;2.0;2.0;1.0;1.0;1.0;2026-07-03 22:00:00+00:00
43.264;-0.391;-00.391_43.264;33.0;33.0;Jurançon;VALLEES-DES-GAVES;JURANCON;2026-07-05;27.0;186.0;0.0;0.0;0.0;1.0;1.0;1.0;2.0;2.0;2.0;1.0;1.0;1.0;1.0;2.0;1.0;2026-07-04 22:00:00+00:00
43.264;-0.391;-00.391_43.264;33.0;33.0;Jurançon;VALLEES-DES-GAVES;JURANCON;2026-07-06;28.0;187.0;0.0;0.0;0.0;1.0;1.0;1.0;2.0;2.0;2.0;1.0;1.0;1.0;1.0;1.0;1.0;2026-07-05 22:00:00+00:00
43.264;-0.391;-00.391_43.264;33.0;33.0;Jurançon;VALLEES-DES-GAVES;JURANCON;2026-07-07;28.0;188.0;1.0;1.0;1.0;1.0;1.0;1.0;2.0;2.0;2.0;3.0;1.0;1.0;1.0;2.0;1.0;2026-07-06 22:00:00+00:00
43.264;-0.391;-00.391_43.264;33.0;33.0;Jurançon;VALLEES-DES-GAVES;JURANCON;2026-07-08;28.0;189.0;0.0;0.0;0.0;1.0;1.0;1.0;1.0;1.0;1.0;2.0;1.0;1.0;2.0;2.0;2.0;2026-07-07 22:00:00+00:00
43.264;-0.391;-00.391_43.264;33.0;33.0;Jurançon;VALLEES-DES-GAVES;JURANCON;2026-07-09;28.0;190.0;0.0;0.0;0.0;1.0;1.0;1.0;1.0;1.0;1.0;2.0;2.0;3.0;1.0;1.0;1.0;2026-07-08 22:00:00+00:00
43.264;-0.391;-00.391_43.264;33.0;33.0;Jurançon;VALLEES-DES-GAVES;JURANCON;2026-07-10;28.0;191.0;4.1;4.1;4.1;1.0;1.0;1.0;1.0;1.0;1.0;1.0;3.0;2.0;3.0;3.0;1.0;2026-07-09 22:00:00+00:00
43.264;-0.391;-00.391_43.264;33.0;33.0;Jurançon;VALLEES-DES-GAVES;JURANCON;2026-07-11;28.0;192.0;0.0;0.0;0.0;1.0;1.0;1.0;1.0;1.0;1.0;1.0;1.0;1.0;1.0;1.0;3.0;2026-07-10 22:00:00+00:00
43.264;-0.391;-00.391_43.264;33.0;33.0;Jurançon;VALLEES-DES-GAVES;JURANCON;2026-07-12;28.0;193.0;0.0;0.0;0.0;1.0;1.0;1.0;1.0;1.0;1.0;3.0;2.0;3.0;1.0;3.0;1.0;2026-07-11 22:00:00+00:00
43.264;-0.391;-00.391_43.264;33.0;33.0;Jurançon;VALLEES-DES-GAVES;JURANCON;2026-07-13;29.0;194.0;0.0;0.0;0.0;1.0;1.0;1.0;1.0;1.0;1.0;1.0;1.0;1.0;1.0;1.0;2.0;2026-07-12 22:00:00+00:00
43.264;-0.391;-00.391_43.264;33.0;33.0;Jurançon;VALLEES-DES-GAVES;JURANCON;2026-07-14;29.0;195.0;0.0;0.0;0.0;1.0;1.0;1.0;1.0;1.0;1.0;2.0;1.0;1.0;1.0;1.0;4.0;2026-07-13 22:00:00+00:00
43.264;-0.391;-00.391_43.264;33.0;33.0;Jurançon;VALLEES-DES-GAVES;JURANCON;2026-07-15;29.0;196.0;0.0;0.0;0.0;1.0;1.0;1.0;1.0;1.0;1.0;2.0;4.0;3.0;1.0;2.0;1.0;2026-07-14 22:00:00+00:00
43.264;-0.391;-00.391_43.264;33.0;33.0;Jurançon;VALLEES-DES-GAVES;JURANCON;2026-07-16;29.0;197.0;9.2;9.2;9.2;1.0;1.0;1.0;1.0;1.0;1.0;1.0;1.0;2.0;1.0;2.0;1.0;2026-07-15 22:00:00+00:00
43.264;-0.391;-00.391_43.264;33.0;33.0;Jurançon;VALLEES-DES-GAVES;JURANCON;2026-07-17;29.0;198.0;1.2999999999999998;1.2999999999999998;1.2999999999999998;1.0;1.0;1.0;1.0;1.0;1.0;3.0;1.0;3.0;1.0;1.0;1.0;2026-07-16 22:00:00+00:00
43.264;-0.391;-00.391_43.264;33.0;33.0;Jurançon;VALLEES-DES-GAVES;JURANCON;2026-07-18;29.0;199.0;0.0;0.0;0.0;1.0;1.0;1.0;1.0;1.0;1.0;3.0;2.0;1.0;4.0;1.0;1.0;2026-07-17 22:00:00+00:00
43.264;-0.391;-00.391_43.264;33.0;33.0;Jurançon;VALLEES-DES-GAVES;JURANCON;2026-07-19;29.0;200.0;0.0;0.0;0.0;1.0;1.0;1.0;1.0;1.0;1.0;1.0;1.0;1.0;4.0;1.0;1.0;2026-07-18 22:00:00+00:00
43.264;-0.391;-00.391_43.264;33.0;33.0;Jurançon;VALLEES-DES-GAVES;JURANCON;2026-07-20;30.0;201.0;0.0;0.0;0.0;1.0;1.0;1.0;1.0;1.0;1.0;1.0;3.0;1.0;1.0;2.0;3.0;2026-07-19 22:00:00+00:00
43.264;-0.391;-00.391_43.264;33.0;33.0;Jurançon;VALLEES-DES-GAVES;JURANCON;2026-07-21;30.0;202.0;0.0;0.0;0.0;1.0;1.0;1.0;1.0;1.0;1.0;1.0;3.0;2.0;1.0;2.0;1.0;2026-07-20 22:00:00+00:00
43.264;-0.391;-00.391_43.264;33.0;33.0;Jurançon;VALLEES-DES-GAVES;JURANCON;2026-07-22;30.0;203.0;0.0;0.0;0.0;1.0;1.0;1.0;1.0;1.0;1.0;1.0;2.0;2.0;1.0;3.0;1.0;2026-07-21 22:00:00+00:00
43.264;-0.391;-00.391_43.264;33.0;33.0;Jurançon;VALLEES-DES-GAVES;JURANCON;2026-07-23;30.0;204.0;0.0;0.0;0.0;1.0;1.0;1.0;1.0;1.0;1.0;1.0;1.0;4.0;2.0;3.0;2.0;2026-07-22 22:00:00+00:00
43.264;-0.391;-00.391_43.264;33.0;33.0;Jurançon;VALLEES-DES-GAVES;JURANCON;2026-07-24;30.0;205.0;0.7;0.7;0.7;1.0;1.0;1.0;1.0;1.0;1.0;1.0;2.0;1.0;3.0;1.0;1.0;2026-07-23 22:00:00+00:00
43.264;-0.391;-00.391_43.264;33.0;33.0;Jurançon;VALLEES-DES-GAVES;JURANCON;2026-07-25;30.0;206.0;6.7;6.7;6.7;1.0;1.0;1.0;1.0;1.0;1.0;2.0;2.0;1.0;1.0;2.0;1.0;2026-07-24 22:00:00+00:00
43.264;-0.391;-00.391_43.264;33.0;33.0;Jurançon;VALLEES-DES-GAVES;JURANCON;2026-07-26;30.0;207.0;0.1;0.1;0.1;1.0;1.0;1.0;1.0;1.0;1.0;2.0;4.0;1.0;1.0;1.0;2.0;2026-07-25 22:00:00+00:00
43.264;-0.391;-00.391_43.264;33.0;33.0;Jurançon;VALLEES-DES-GAVES;JURANCON;2026-07-27;31.0;208.0;0.0;0.0;0.0;1.0;1.0;1.0;1.0;1.0;1.0;2.0;2.0;2.0;3.0;3.0;2.0;2026-07-26 22:00:00+00:00
43.264;-0.391;-00.391_43.264;33.0;33.0;Jurançon;VALLEES-DES-GAVES;JURANCON;2026-07-28;31.0;209.0;0.0;0.0;0.0;1.0;1.0;1.0;1.0;1.0;1.0;2.0;2.0;1.0;2.0;2.0;2.0;2026-07-27 22:00:00+00:00
43.264;-0.391;-00.391_43.264;33.0;33.0;Jurançon;VALLEES-DES-GAVES;JURANCON;2026-07-29;31.0;210.0;0.0;0.0;0.0;1.0;1.0;1.0;1.0;1.0;1.0;2.0;1.0;2.0;1.0;1.0;2.0;2026-07-28 22:00:00+00:00
43.264;-0.391;-00.391_43.264;33.0;33.0;Jurançon;VALLEES-DES-GAVES;JURANCON;2026-07-30;31.0;211.0;7.8;7.8;7.8;1.0;1.0;1.0;1.0;1.0;1.0;3.0;2.0;1.0;1.0;3.0;3.0;2026-07-29 22:00:00+00:00
43.264;-0.391;-00.391_43.264;33.0;33.0;Jurançon;VALLEES-DES-GAVES;JURANCON;2026-07-31;31.0;212.0;0.1;0.1;0.1;1.0;1.0;1.0;1.0;1.0;1.0;2.0;2.0;4.0;2.0;3.0;1.0;2026-07-30 22:00:00+00:00
43.264;-0.391;-00.391_43.264;33.0;33.0;Jurançon;VALLEES-DES-GAVES;JURANCON;2026-08-01;31.0;213.0;0.0;0.0;0.0;1.0;1.0;1.0;1.0;1.0;1.0;4.0;1.0;1.0;2.0;1.0;2.0;2026-07-31 22:00:00+00:00
43.264;-0.391;-00.391_43.264;33.0;33.0;Jurançon;VALLEES-DES-GAVES;JURANCON;2026-08-02;31.0;214.0;0.0;0.0;0.0;1.0;1.0;1.0;1.0;1.0;1.0;1.0;2.0;1.0;1.0;1.0;2.0;2026-08-01 22:00:00+00:00
43.264;-0.391;-00.391_43.264;33.0;33.0;Jurançon;VALLEES-DES-GAVES;JURANCON;2026-08-03;32.0;215.0;0.3999999999999999;0.3999999999999999;0.3999999999999999;1.0;1.0;1.0;1.0;1.0;1.0;1.0;2.0;2.0;2.0;1.0;3.0;2026-08-02 22:00:00+00:00
43.264;-0.391;-00.391_43.264;33.0;33.0;Jurançon;VALLEES-DES-GAVES;JURANCON;2026-08-04;32.0;216.0;0.0;0.0;0.0;1.0;1.0;1.0;1.0;1.0;1.0;1.0;2.0;3.0;2.0;2.0;1.0;2026-08-03 22:00:00+00:00
43.264;-0.391;-00.391_43.264;33.0;33.0;Jurançon;VALLEES-DES-GAVES;JURANCON;2026-08-05;32.0;217.0;1.3;1.3;1.3;1.0;1.0;1.0;1.0;1.0;1.0;1.0;1.0;3.0;2.0;1.0;1.0;2026-08-04 22:00:00+00:00
43.264;-0.391;-00.391_43.264;33.0;33.0;Jurançon;VALLEES-DES-GAVES;JURANCON;2026-08-06;32.0;218.0;0.0;0.0;0.0;1.0;1.0;1.0;1.0;1.0;1.0;4.0;4.0;1.0;1.0;2.0;1.0;2026-08-05 22:00:00+00:00
43.264;-0.391;-00.391_43.264;33.0;33.0;Jurançon;VALLEES-DES-GAVES;JURANCON;2026-08-07;32.0;219.0;0.0;0.0;0.0;1.0;1.0;1.0;1.0;1.0;1.0;2.0;2.0;1.0;2.0;1.0;1.0;2026-08-06 22:00:00+00:00
43.264;-0.391;-00.391_43.264;33.0;33.0;Jurançon;VALLEES-DES-GAVES;JURANCON;2026-08-08;32.0;220.0;4.8;4.8;4.8;1.0;1.0;1.0;1.0;1.0;1.0;2.0;2.0;2.0;2.0;4.0;1.0;2026-08-07 22:00:00+00:00
43.264;-0.391;-00.391_43.264;33.0;33.0;Jurançon;VALLEES-DES-GAVES;JURANCON;2026-08-09;32.0;221.0;5.0;5.0;5.0;1.0;1.0;1.0;1.0;1.0;1.0;4.0;2.0;1.0;1.0;1.0;1.0;2026-08-08 22:00:00+00:00
43.264;-0.391;-00.391_43.264;33.0;33.0;Jurançon;VALLEES-DES-GAVES;JURANCON;2026-08-10;33.0;222.0;0.0;0.0;0.0;1.0;1.0;1.0;1.0;1.0;1.0;2.0;1.0;2.0;2.0;1.0;1.0;2026-08-09 22:00:00+00:00
43.264;-0.391;-00.391_43.264;33.0;33.0;Jurançon;VALLEES-DES-GAVES;JURANCON;2026-08-11;33.0;223.0;0.0;0.0;0.0;1.0;1.0;1.0;1.0;1.0;1.0;3.0;1.0;1.0;2.0;2.0;2.0;2026-08-10 22:00:00+00:00
43.264;-0.391;-00.391_43.264;33.0;33.0;Jurançon;VALLEES-DES-GAVES;JURANCON;2026-08-12;33.0;224.0;0.0;0.0;0.0;1.0;1.0;1.0;2.0;2.0;2.0;1.0;3.0;1.0;1.0;3.0;3.0;2026-08-11 22:00:00+00:00
43.264;-0.391;-00.391_43.264;33.0;33.0;Jurançon;VALLEES-DES-GAVES;JURANCON;2026-08-13;33.0;225.0;0.0;0.0;0.0;1.0;1.0;1.0;2.0;2.0;2.0;1.0;1.0;2.0;2.0;1.0;1.0;2026-08-12 22:00:00+00:00
43.264;-0.391;-00.391_43.264;33.0;33.0;Jurançon;VALLEES-DES-GAVES;JURANCON;2026-08-14;33.0;226.0;0.0;0.0;0.0;1.0;1.0;1.0;2.0;2.0;2.0;2.0;1.0;2.0;1.0;1.0;2.0;2026-08-13 22:00:00+00:00
43.264;-0.391;-00.391_43.264;33.0;33.0;Jurançon;VALLEES-DES-GAVES;JURANCON;2026-08-15;33.0;227.0;11.3;11.3;11.3;1.0;1.0;1.0;2.0;2.0;2.0;1.0;2.0;1.0;2.0;1.0;1.0;2026-08-14 22:00:00+00:00
43.264;-0.391;-00.391_43.264;33.0;33.0;Jurançon;VALLEES-DES-GAVES;JURANCON;2026-08-16;33.0;228.0;0.0;0.0;0.0;1.0;1.0;1.0;2.0;2.0;2.0;1.0;4.0;2.0;1.0;2.0;1.0;2026-08-15 22:00:00+00:00
43.264;-0.391;-00.391_43.264;33.0;33.0;Jurançon;VALLEES-DES-GAVES;JURANCON;2026-08-17;34.0;229.0;0.0;0.0;0.0;1.0;1.0;1.0;2.0;2.0;2.0;3.0;1.0;3.0;2.0;2.0;1.0;2026-08-16 22:00:00+00:00
43.264;-0.391;-00.391_43.264;33.0;33.0;Jurançon;VALLEES-DES-GAVES;JURANCON;2026-08-18;34.0;230.0;0.0;0.0;0.0;1.0;1.0;1.0;2.0;2.0;2.0;3.0;2.0;1.0;4.0;1.0;1.0;2026-08-17 22:00:00+00:00
43.264;-0.391;-00.391_43.264;33.0;33.0;Jurançon;VALLEES-DES-GAVES;JURANCON;2026-08-19;34.0;231.0;0.1;0.1;0.1;1.0;1.0;1.0;2.0;2.0;2.0;1.0;1.0;1.0;3.0;2.0;1.0;2026-08-18 22:00:00+00:00
43.264;-0.391;-00.391_43.264;33.0;33.0;Jurançon;VALLEES-DES-GAVES;JURANCON;2026-08-20;34.0;232.0;44.2;44.2;44.2;1.0;1.0;1.0;4.0;4.0;4.0;1.0;2.0;1.0;1.0;2.0;1.0;2026-08-19 22:00:00+00:00
43.264;-0.391;-00.391_43.264;33.0;33.0;Jurançon;VALLEES-DES-GAVES;JURANCON;2026-08-21;34.0;233.0;6.7;6.7;6.7;1.0;1.0;1.0;2.0;2.0;2.0;1.0;3.0;3.0;1.0;2.0;1.0;2026-08-20 22:00:00+00:00
43.264;-0.391;-00.391_43.264;33.0;33.0;Jurançon;VALLEES-DES-GAVES;JURANCON;2026-08-22;34.0;234.0;0.0;0.0;0.0;1.0;1.0;1.0;2.0;2.0;2.0;3.0;2.0;3.0;1.0;1.0;1.0;2026-08-21 22:00:00+00:00
43.264;-0.391;-00.391_43.264;33.0;33.0;Jurançon;VALLEES-DES-GAVES;JURANCON;2026-08-23;34.0;235.0;2.8;2.8;2.8;1.0;1.0;1.0;2.0;2.0;2.0;1.0;3.0;3.0;1.0;1.0;2.0;2026-08-22 22:00:00+00:00
43.264;-0.391;-00.391_43.264;33.0;33.0;Jurançon;VALLEES-DES-GAVES;JURANCON;2026-08-24;35.0;236.0;1.6;1.6;1.6;1.0;1.0;1.0;3.0;3.0;3.0;3.0;3.0;1.0;2.0;1.0;1.0;2026-08-23 22:00:00+00:00
43.264;-0.391;-00.391_43.264;33.0;33.0;Jurançon;VALLEES-DES-GAVES;JURANCON;2026-08-25;;;;;;;;;3.0;3.0;3.0;;;;;;;2026-08-24 22:00:00+00:00
43.264;-0.391;-00.391_43.264;33.0;33.0;Jurançon;VALLEES-DES-GAVES;JURANCON;2026-08-26;;;;;;;;;3.0;3.0;3.0;;;;;;;2026-08-25 22:00:00+00:00
43.264;-0.391;-00.391_43.264;33.0;33.0;Jurançon;VALLEES-DES-GAVES;JURANCON;2026-08-27;;;;;;;;;3.0;3.0;3.0;;;;;;;2026-08-26 22:00:00+00:00
43.264;-0.391;-00.391_43.264;33.0;33.0;Jurançon;VALLEES-DES-GAVES;JURANCON;2026-08-28;;;;;;;;;3.0;3.0;3.0;;;;;;;2026-08-27 22:00:00+00:00
43.264;-0.391;-00.391_43.264;33.0;33.0;Jurançon;VALLEES-DES-GAVES;JURANCON;2026-08-29;;;;;;;;;3.0;3.0;3.0;;;;;;;2026-08-28 22:00:00+00:00
43.264;-0.391;-00.391_43.264;33.0;33.0;Jurançon;VALLEES-DES-GAVES;JURANCON;2026-08-30;;;;;;;;;3.0;3.0;3.0;;;;;;;2026-08-29 22:00:00+00:00
43.264;-0.391;-00.391_43.264;33.0;33.0;Jurançon;VALLEES-DES-GAVES;JURANCON;2026-08-31;;;;;;;;;3.0;3.0;3.0;;;;;;;2026-08-30 22:00:00+00:00
43.264;-0.391;-00.391_43.264;33.0;33.0;Jurançon;VALLEES-DES-GAVES;JURANCON;2026-09-01;;;;;;;;;3.0;3.0;3.0;;;;;;;2026-08-31 22:00:00+00:00
43.264;-0.391;-00.391_43.264;33.0;33.0;Jurançon;VALLEES-DES-GAVES;JURANCON;2026-09-02;;;;;;;;;3.0;3.0;3.0;;;;;;;2026-09-01 22:00:00+00:00
43.264;-0.391;-00.391_43.264;33.0;33.0;Jurançon;VALLEES-DES-GAVES;JURANCON;2026-09-03;;;;;;;;;3.0;3.0;3.0;;;;;;;2026-09-02 22:00:00+00:00
43.264;-0.391;-00.391_43.264;33.0;33.0;Jurançon;VALLEES-DES-GAVES;JURANCON;2026-09-04;;;;;;;;;3.0;3.0;3.0;;;;;;;2026-09-03 22:00:00+00:00
43.264;-0.391;-00.391_43.264;33.0;33.0;Jurançon;VALLEES-DES-GAVES;JURANCON;2026-09-05;;;;;;;;;3.0;3.0;3.0;;;;;;;2026-09-04 22:00:00+00:00
43.264;-0.391;-00.391_43.264;33.0;33.0;Jurançon;VALLEES-DES-GAVES;JURANCON;2026-09-06;;;;;;;;;3.0;3.0;3.0;;;;;;;2026-09-05 22:00:00+00:00
43.264;-0.391;-00.391_43.264;33.0;33.0;Jurançon;VALLEES-DES-GAVES;JURANCON;2026-09-07;;;;;;;;;3.0;3.0;3.0;;;;;;;2026-09-06 22:00:00+00:00
43.72;-0.403;-00.403_43.720;33.0;33.0;Tursan;CHALOSSE-TURSAN;CLASSUN;2026-01-01;1.0;1.0;0.0;0.0;0.0;1.0;1.0;1.0;;;;3.0;3.0;1.0;1.0;2.0;1.0;2025-12-31 23:00:00+00:00
43.72;-0.403;-00.403_43.720;33.0;33.0;Tursan;CHALOSSE-TURSAN;CLASSUN;2026-01-02;1.0;2.0;0.0;0.0;0.0;1.0;1.0;1.0;;;;2.0;1.0;1.0;3.0;1.0;2.0;2026-01-01 23:00:00+00:00
43.72;-0.403;-00.403_43.720;33.0;33.0;Tursan;CHALOSSE-TURSAN;CLASSUN;2026-01-03;1.0;3.0;0.2;0.2;0.2;1.0;1.0;1.0;;;;1.0;3.0;1.0;1.0;2.0;1.0;2026-01-02 23:00:00+00:00
43.72;-0.403;-00.403_43.720;33.0;33.0;Tursan;CHALOSSE-TURSAN;CLASSUN;2026-01-04;1.0;4.0;0.0;0.0;0.0;1.0;1.0;1.0;;;;2.0;1.0;1.0;2.0;1.0;1.0;2026-01-03 23:00:00+00:00
43.72;-0.403;-00.403_43.720;33.0;33.0;Tursan;CHALOSSE-TURSAN;CLASSUN;2026-01-05;2.0;5.0;0.0;0.0;0.0;1.0;1.0;1.0;;;;1.0;1.0;2.0;1.0;3.0;1.0;2026-01-04 23:00:00+00:00
43.72;-0.403;-00.403_43.720;33.0;33.0;Tursan;CHALOSSE-TURSAN;CLASSUN;2026-01-06;2.0;6.0;0.0;0.0;0.0;1.0;1.0;1.0;;;;1.0;1.0;2.0;1.0;1.0;3.0;2026-01-05 23:00:00+00:00
43.72;-0.403;-00.403_43.720;33.0;33.0;Tursan;CHALOSSE-TURSAN;CLASSUN;2026-01-07;2.0;7.0;2.4;2.4;2.4;1.0;1.0;1.0;;;;3.0;3.0;1.0;2.0;1.0;2.0;2026-01-06 23:00:00+00:00
43.72;-0.403;-00.403_43.720;33.0;33.0;Tursan;CHALOSSE-TURSAN;CLASSUN;2026-01-08;2.0;8.0;11.2;11.2;11.2;1.0;1.0;1.0;;;;1.0;1.0;1.0;1.0;3.0;1.0;2026-01-07 23:00:00+00:00
43.72;-0.403;-00.403_43.720;33.0;33.0;Tursan;CHALOSSE-TURSAN;CLASSUN;2026-01-09;2.0;9.0;22.2;22.2;22.2;1.0;1.0;1.0;;;;1.0;4.0;1.0;1.0;2.0;3.0;2026-01-08 23:00:00+00:00
43.72;-0.403;-00.403_43.720;33.0;33.0;Tursan;CHALOSSE-TURSAN;CLASSUN;2026-01-10;2.0;10.0;3.8;3.8;3.8;1.0;1.0;1.0;;;;2.0;1.0;1.0;2.0;1.0;1.0;2026-01-09 23:00:00+00:00
43.72;-0.403;-00.403_43.720;33.0;33.0;Tursan;CHALOSSE-TURSAN;CLASSUN;2026-01-11;2.0;11.0;0.1;0.1;0.1;1.0;1.0;1.0;;;;2.0;1.0;4.0;1.0;2.0;1.0;2026-01-10 23:00:00+00:00
43.72;-0.403;-00.403_43.720;33.0;33.0;Tursan;CHALOSSE-TURSAN;CLASSUN;2026-01-12;3.0;12.0;0.0;0.0;0.0;1.0;1.0;1.0;;;;2.0;1.0;1.0;1.0;1.0;2.0;2026-01-11 23:00:00+00:00
43.72;-0.403;-00.403_43.720;33.0;33.0;Tursan;CHALOSSE-TURSAN;CLASSUN;2026-01-13;3.0;13.0;0.0;0.0;0.0;1.0;1.0;1.0;;;;1.0;2.0;1.0;1.0;2.0;2.0;2026-01-12 23:00:00+00:00
43.72;-0.403;-00.403_43.720;33.0;33.0;Tursan;CHALOSSE-TURSAN;CLASSUN;2026-01-14;3.0;14.0;0.4;0.4;0.4;1.0;1.0;1.0;;;;3.0;1.0;3.0;1.0;2.0;2.0;2026-01-13 23:00:00+00:00
43.72;-0.403;-00.403_43.720;33.0;33.0;Tursan;CHALOSSE-TURSAN;CLASSUN;2026-01-15;3.0;15.0;2.1;2.1;2.1;1.0;1.0;1.0;;;;4.0;1.0;1.0;1.0;1.0;1.0;2026-01-14 23:00:00+00:00
43.72;-0.403;-00.403_43.720;33.0;33.0;Tursan;CHALOSSE-TURSAN;CLASSUN;2026-01-16;3.0;16.0;4.9;4.9;4.9;1.0;1.0;1.0;;;;3.0;2.0;3.0;1.0;1.0;1.0;2026-01-15 23:00:00+00:00
43.72;-0.403;-00.403_43.720;33.0;33.0;Tursan;CHALOSSE-TURSAN;CLASSUN;2026-01-17;3.0;17.0;6.9;6.9;6.9;1.0;1.0;1.0;;;;2.0;1.0;1.0;4.0;2.0;1.0;2026-01-16 23:00:00+00:00
43.72;-0.403;-00.403_43.720;33.0;33.0;Tursan;CHALOSSE-TURSAN;CLASSUN;2026-01-18;3.0;18.0;0.7000000000000001;0.7000000000000001;0.7000000000000001;1.0;1.0;1.0;;;;2.0;2.0;3.0;1.0;4.0;2.0;2026-01-17 23:00:00+00:00
43.72;-0.403;-00.403_43.720;33.0;33.0;Tursan;CHALOSSE-TURSAN;CLASSUN;2026-01-19;4.0;19.0;11.9;11.9;11.9;1.0;1.0;1.0;;;;1.0;1.0;3.0;2.0;2.0;1.0;2026-01-18 23:00:00+00:00
43.72;-0.403;-00.403_43.720;33.0;33.0;Tursan;CHALOSSE-TURSAN;CLASSUN;2026-01-20;4.0;20.0;0.0;0.0;0.0;1.0;1.0;1.0;;;;2.0;1.0;1.0;1.0;1.0;1.0;2026-01-19 23:00:00+00:00
43.72;-0.403;-00.403_43.720;33.0;33.0;Tursan;CHALOSSE-TURSAN;CLASSUN;2026-01-21;4.0;21.0;3.9;3.9;3.9;1.0;1.0;1.0;;;;3.0;1.0;3.0;2.0;2.0;1.0;2026-01-20 23:00:00+00:00
43.72;-0.403;-00.403_43.720;33.0;33.0;Tursan;CHALOSSE-TURSAN;CLASSUN;2026-01-22;4.0;22.0;7.3;7.3;7.3;1.0;1.0;1.0;;;;2.0;2.0;2.0;2.0;3.0;1.0;2026-01-21 23:00:00+00:00
43.72;-0.403;-00.403_43.720;33.0;33.0;Tursan;CHALOSSE-TURSAN;CLASSUN;2026-01-23;4.0;23.0;0.6000000000000001;0.6000000000000001;0.6000000000000001;1.0;1.0;1.0;;;;1.0;1.0;1.0;1.0;1.0;3.0;2026-01-22 23:00:00+00:00
43.72;-0.403;-00.403_43.720;33.0;33.0;Tursan;CHALOSSE-TURSAN;CLASSUN;2026-01-24;4.0;24.0;7.1000000000000005;7.1000000000000005;7.1000000000000005;1.0;1.0;1.0;;;;2.0;1.0;1.0;1.0;2.0;1.0;2026-01-23 23:00:00+00:00
43.72;-0.403;-00.403_43.720;33.0;33.0;Tursan;CHALOSSE-TURSAN;CLASSUN;2026-01-25;4.0;25.0;16.3;16.3;16.3;1.0;1.0;1.0;;;;1.0;3.0;4.0;2.0;2.0;1.0;2026-01-24 23:00:00+00:00
43.72;-0.403;-00.403_43.720;33.0;33.0;Tursan;CHALOSSE-TURSAN;CLASSUN;2026-01-26;5.0;26.0;7.0;7.0;7.0;1.0;1.0;1.0;;;;1.0;1.0;4.0;1.0;1.0;1.0;2026-01-25 23:00:00+00:00
43.72;-0.403;-00.403_43.720;33.0;33.0;Tursan;CHALOSSE-TURSAN;CLASSUN;2026-01-27;5.0;27.0;10.8;10.8;10.8;1.0;1.0;1.0;;;;2.0;1.0;1.0;1.0;3.0;2.0;2026-01-26 23:00:00+00:00
43.72;-0.403;-00.403_43.720;33.0;33.0;Tursan;CHALOSSE-TURSAN;CLASSUN;2026-01-28;5.0;28.0;11.7;11.7;11.7;1.0;1.0;1.0;;;;1.0;2.0;2.0;1.0;2.0;2.0;2026-01-27 23:00:00+00:00
43.72;-0.403;-00.403_43.720;33.0;33.0;Tursan;CHALOSSE-TURSAN;CLASSUN;2026-01-29;5.0;29.0;8.1;8.1;8.1;1.0;1.0;1.0;;;;2.0;1.0;2.0;4.0;3.0;1.0;2026-01-28 23:00:00+00:00
43.72;-0.403;-00.403_43.720;33.0;33.0;Tursan;CHALOSSE-TURSAN;CLASSUN;2026-01-30;5.0;30.0;5.4;5.4;5.4;1.0;1.0;1.0;;;;3.0;2.0;1.0;1.0;1.0;3.0;2026-01-29 23:00:00+00:00
43.72;-0.403;-00.403_43.720;33.0;33.0;Tursan;CHALOSSE-TURSAN;CLASSUN;2026-01-31;5.0;31.0;23.1;23.1;23.1;1.0;1.0;1.0;;;;1.0;3.0;2.0;1.0;1.0;1.0;2026-01-30 23:00:00+00:00
43.72;-0.403;-00.403_43.720;33.0;33.0;Tursan;CHALOSSE-TURSAN;CLASSUN;2026-02-01;5.0;32.0;0.1;0.1;0.1;1.0;1.0;1.0;;;;1.0;3.0;2.0;1.0;3.0;1.0;2026-01-31 23:00:00+00:00
43.72;-0.403;-00.403_43.720;33.0;33.0;Tursan;CHALOSSE-TURSAN;CLASSUN;2026-02-02;6.0;33.0;1.3;1.3;1.3;1.0;1.0;1.0;;;;1.0;2.0;1.0;2.0;3.0;2.0;2026-02-01 23:00:00+00:00
43.72;-0.403;-00.403_43.720;33.0;33.0;Tursan;CHALOSSE-TURSAN;CLASSUN;2026-02-03;6.0;34.0;0.0;0.0;0.0;1.0;1.0;1.0;;;;2.0;3.0;1.0;2.0;1.0;1.0;2026-02-02 23:00:00+00:00
43.72;-0.403;-00.403_43.720;33.0;33.0;Tursan;CHALOSSE-TURSAN;CLASSUN;2026-02-04;6.0;35.0;1.7000000000000002;1.7000000000000002;1.7000000000000002;1.0;1.0;1.0;;;;1.0;2.0;2.0;2.0;2.0;2.0;2026-02-03 23:00:00+00:00
43.72;-0.403;-00.403_43.720;33.0;33.0;Tursan;CHALOSSE-TURSAN;CLASSUN;2026-02-05;6.0;36.0;7.1000000000000005;7.1000000000000005;7.1000000000000005;1.0;1.0;1.0;;;;1.0;2.0;2.0;1.0;4.0;1.0;2026-02-04 23:00:00+00:00
43.72;-0.403;-00.403_43.720;33.0;33.0;Tursan;CHALOSSE-TURSAN;CLASSUN;2026-02-06;6.0;37.0;0.9;0.9;0.9;1.0;1.0;1.0;;;;2.0;1.0;1.0;2.0;1.0;2.0;2026-02-05 23:00:00+00:00
43.72;-0.403;-00.403_43.720;33.0;33.0;Tursan;CHALOSSE-TURSAN;CLASSUN;2026-02-07;6.0;38.0;0.0;0.0;0.0;1.0;1.0;1.0;;;;2.0;2.0;1.0;1.0;2.0;3.0;2026-02-06 23:00:00+00:00
43.72;-0.403;-00.403_43.720;33.0;33.0;Tursan;CHALOSSE-TURSAN;CLASSUN;2026-02-08;6.0;39.0;25.6;25.6;25.6;1.0;1.0;1.0;;;;2.0;1.0;1.0;1.0;1.0;1.0;2026-02-07 23:00:00+00:00
43.72;-0.403;-00.403_43.720;33.0;33.0;Tursan;CHALOSSE-TURSAN;CLASSUN;2026-02-09;7.0;40.0;8.600000000000001;8.600000000000001;8.600000000000001;1.0;1.0;1.0;;;;1.0;1.0;2.0;1.0;2.0;1.0;2026-02-08 23:00:00+00:00
43.72;-0.403;-00.403_43.720;33.0;33.0;Tursan;CHALOSSE-TURSAN;CLASSUN;2026-02-10;7.0;41.0;24.2;24.2;24.2;1.0;1.0;1.0;;;;2.0;1.0;2.0;2.0;1.0;1.0;2026-02-09 23:00:00+00:00
43.72;-0.403;-00.403_43.720;33.0;33.0;Tursan;CHALOSSE-TURSAN;CLASSUN;2026-02-11;7.0;42.0;5.0;5.0;5.0;1.0;1.0;1.0;;;;2.0;2.0;1.0;3.0;1.0;4.0;2026-02-10 23:00:00+00:00
43.72;-0.403;-00.403_43.720;33.0;33.0;Tursan;CHALOSSE-TURSAN;CLASSUN;2026-02-12;7.0;43.0;7.6;7.6;7.6;1.0;1.0;1.0;;;;1.0;1.0;3.0;1.0;2.0;1.0;2026-02-11 23:00:00+00:00
43.72;-0.403;-00.403_43.720;33.0;33.0;Tursan;CHALOSSE-TURSAN;CLASSUN;2026-02-13;7.0;44.0;12.6;12.6;12.6;1.0;1.0;1.0;;;;1.0;1.0;1.0;1.0;1.0;1.0;2026-02-12 23:00:00+00:00
43.72;-0.403;-00.403_43.720;33.0;33.0;Tursan;CHALOSSE-TURSAN;CLASSUN;2026-02-14;7.0;45.0;0.4;0.4;0.4;1.0;1.0;1.0;;;;1.0;2.0;1.0;1.0;1.0;1.0;2026-02-13 23:00:00+00:00
43.72;-0.403;-00.403_43.720;33.0;33.0;Tursan;CHALOSSE-TURSAN;CLASSUN;2026-02-15;7.0;46.0;15.1;15.1;15.1;1.0;1.0;1.0;;;;2.0;3.0;1.0;1.0;1.0;2.0;2026-02-14 23:00:00+00:00
43.72;-0.403;-00.403_43.720;33.0;33.0;Tursan;CHALOSSE-TURSAN;CLASSUN;2026-02-16;8.0;47.0;24.3;24.3;24.3;1.0;1.0;1.0;;;;3.0;2.0;3.0;1.0;2.0;1.0;2026-02-15 23:00:00+00:00
43.72;-0.403;-00.403_43.720;33.0;33.0;Tursan;CHALOSSE-TURSAN;CLASSUN;2026-02-17;8.0;48.0;0.2;0.2;0.2;1.0;1.0;1.0;;;;2.0;1.0;1.0;2.0;1.0;2.0;2026-02-16 23:00:00+00:00
43.72;-0.403;-00.403_43.720;33.0;33.0;Tursan;CHALOSSE-TURSAN;CLASSUN;2026-02-18;8.0;49.0;4.5;4.5;4.5;1.0;1.0;1.0;;;;1.0;1.0;1.0;2.0;1.0;4.0;2026-02-17 23:00:00+00:00
43.72;-0.403;-00.403_43.720;33.0;33.0;Tursan;CHALOSSE-TURSAN;CLASSUN;2026-02-19;8.0;50.0;13.6;13.6;13.6;1.0;1.0;1.0;;;;3.0;1.0;1.0;2.0;2.0;1.0;2026-02-18 23:00:00+00:00
43.72;-0.403;-00.403_43.720;33.0;33.0;Tursan;CHALOSSE-TURSAN;CLASSUN;2026-02-20;8.0;51.0;0.2;0.2;0.2;1.0;1.0;1.0;;;;2.0;1.0;2.0;3.0;2.0;2.0;2026-02-19 23:00:00+00:00
43.72;-0.403;-00.403_43.720;33.0;33.0;Tursan;CHALOSSE-TURSAN;CLASSUN;2026-02-21;8.0;52.0;0.0;0.0;0.0;1.0;1.0;1.0;;;;1.0;1.0;2.0;2.0;1.0;1.0;2026-02-20 23:00:00+00:00
43.72;-0.403;-00.403_43.720;33.0;33.0;Tursan;CHALOSSE-TURSAN;CLASSUN;2026-02-22;8.0;53.0;0.0;0.0;0.0;1.0;1.0;1.0;;;;1.0;1.0;3.0;1.0;3.0;2.0;2026-02-21 23:00:00+00:00
43.72;-0.403;-00.403_43.720;33.0;33.0;Tursan;CHALOSSE-TURSAN;CLASSUN;2026-02-23;9.0;54.0;0.0;0.0;0.0;1.0;1.0;1.0;;;;2.0;1.0;1.0;1.0;1.0;2.0;2026-02-22 23:00:00+00:00
43.72;-0.403;-00.403_43.720;33.0;33.0;Tursan;CHALOSSE-TURSAN;CLASSUN;2026-02-24;9.0;55.0;0.0;0.0;0.0;1.0;1.0;1.0;;;;2.0;2.0;1.0;1.0;3.0;3.0;2026-02-23 23:00:00+00:00
43.72;-0.403;-00.403_43.720;33.0;33.0;Tursan;CHALOSSE-TURSAN;CLASSUN;2026-02-25;9.0;56.0;0.0;0.0;0.0;1.0;1.0;1.0;;;;1.0;1.0;4.0;1.0;1.0;2.0;2026-02-24 23:00:00+00:00
43.72;-0.403;-00.403_43.720;33.0;33.0;Tursan;CHALOSSE-TURSAN;CLASSUN;2026-02-26;9.0;57.0;0.0;0.0;0.0;1.0;1.0;1.0;;;;1.0;3.0;2.0;2.0;1.0;3.0;2026-02-25 23:00:00+00:00
43.72;-0.403;-00.403_43.720;33.0;33.0;Tursan;CHALOSSE-TURSAN;CLASSUN;2026-02-27;9.0;58.0;0.1;0.1;0.1;1.0;1.0;1.0;;;;1.0;1.0;1.0;2.0;1.0;1.0;2026-02-26 23:00:00+00:00
43.72;-0.403;-00.403_43.720;33.0;33.0;Tursan;CHALOSSE-TURSAN;CLASSUN;2026-02-28;9.0;59.0;4.2;4.2;4.2;1.0;1.0;1.0;;;;1.0;1.0;1.0;1.0;2.0;1.0;2026-02-27 23:00:00+00:00
43.72;-0.403;-00.403_43.720;33.0;33.0;Tursan;CHALOSSE-TURSAN;CLASSUN;2026-03-01;9.0;60.0;0.0;0.0;0.0;1.0;1.0;1.0;;;;2.0;3.0;2.0;1.0;2.0;3.0;2026-02-28 23:00:00+00:00
43.72;-0.403;-00.403_43.720;33.0;33.0;Tursan;CHALOSSE-TURSAN;CLASSUN;2026-03-02;10.0;61.0;0.0;0.0;0.0;1.0;1.0;1.0;;;;2.0;3.0;2.0;1.0;1.0;1.0;2026-03-01 23:00:00+00:00
43.72;-0.403;-00.403_43.720;33.0;33.0;Tursan;CHALOSSE-TURSAN;CLASSUN;2026-03-03;10.0;62.0;0.0;0.0;0.0;1.0;1.0;1.0;;;;3.0;1.0;1.0;2.0;2.0;1.0;2026-03-02 23:00:00+00:00
43.72;-0.403;-00.403_43.720;33.0;33.0;Tursan;CHALOSSE-TURSAN;CLASSUN;2026-03-04;10.0;63.0;0.0;0.0;0.0;1.0;1.0;1.0;;;;2.0;3.0;2.0;1.0;1.0;2.0;2026-03-03 23:00:00+00:00
43.72;-0.403;-00.403_43.720;33.0;33.0;Tursan;CHALOSSE-TURSAN;CLASSUN;2026-03-05;10.0;64.0;0.3;0.3;0.3;1.0;1.0;1.0;;;;2.0;1.0;3.0;1.0;4.0;1.0;2026-03-04 23:00:00+00:00
43.72;-0.403;-00.403_43.720;33.0;33.0;Tursan;CHALOSSE-TURSAN;CLASSUN;2026-03-06;10.0;65.0;0.1;0.1;0.1;1.0;1.0;1.0;;;;2.0;1.0;1.0;2.0;1.0;2.0;2026-03-05 23:00:00+00:00
43.72;-0.403;-00.403_43.720;33.0;33.0;Tursan;CHALOSSE-TURSAN;CLASSUN;2026-03-07;10.0;66.0;0.3;0.3;0.3;1.0;1.0;1.0;;;;4.0;1.0;2.0;1.0;2.0;1.0;2026-03-06 23:00:00+00:00
43.72;-0.403;-00.403_43.720;33.0;33.0;Tursan;CHALOSSE-TURSAN;CLASSUN;2026-03-08;10.0;67.0;5.5;5.5;5.5;1.0;1.0;1.0;;;;3.0;2.0;1.0;2.0;2.0;1.0;2026-03-07 23:00:00+00:00
43.72;-0.403;-00.403_43.720;33.0;33.0;Tursan;CHALOSSE-TURSAN;CLASSUN;2026-03-09;11.0;68.0;0.0;0.0;0.0;1.0;1.0;1.0;;;;3.0;1.0;3.0;2.0;1.0;1.0;2026-03-08 23:00:00+00:00
43.72;-0.403;-00.403_43.720;33.0;33.0;Tursan;CHALOSSE-TURSAN;CLASSUN;2026-03-10;11.0;69.0;0.1;0.1;0.1;1.0;1.0;1.0;;;;1.0;2.0;1.0;1.0;1.0;1.0;2026-03-09 23:00:00+00:00
43.72;-0.403;-00.403_43.720;33.0;33.0;Tursan;CHALOSSE-TURSAN;CLASSUN;2026-03-11;11.0;70.0;0.1;0.1;0.1;1.0;1.0;1.0;;;;1.0;1.0;1.0;2.0;2.0;2.0;2026-03-10 23:00:00+00:00
43.72;-0.403;-00.403_43.720;33.0;33.0;Tursan;CHALOSSE-TURSAN;CLASSUN;2026-03-12;11.0;71.0;0.0;0.0;0.0;1.0;1.0;1.0;;;;2.0;1.0;4.0;3.0;1.0;1.0;2026-03-11 23:00:00+00:00
43.72;-0.403;-00.403_43.720;33.0;33.0;Tursan;CHALOSSE-TURSAN;CLASSUN;2026-03-13;11.0;72.0;7.8;7.8;7.8;1.0;1.0;1.0;;;;2.0;2.0;2.0;2.0;1.0;2.0;2026-03-12 23:00:00+00:00
43.72;-0.403;-00.403_43.720;33.0;33.0;Tursan;CHALOSSE-TURSAN;CLASSUN;2026-03-14;11.0;73.0;17.2;17.2;17.2;1.0;1.0;1.0;;;;1.0;1.0;4.0;1.0;2.0;1.0;2026-03-13 23:00:00+00:00
43.72;-0.403;-00.403_43.720;33.0;33.0;Tursan;CHALOSSE-TURSAN;CLASSUN;2026-03-15;11.0;74.0;0.0;0.0;0.0;1.0;1.0;1.0;;;;1.0;2.0;3.0;1.0;3.0;2.0;2026-03-14 23:00:00+00:00
43.72;-0.403;-00.403_43.720;33.0;33.0;Tursan;CHALOSSE-TURSAN;CLASSUN;2026-03-16;12.0;75.0;0.0;0.0;0.0;1.0;1.0;1.0;;;;3.0;1.0;1.0;1.0;2.0;1.0;2026-03-15 23:00:00+00:00
43.72;-0.403;-00.403_43.720;33.0;33.0;Tursan;CHALOSSE-TURSAN;CLASSUN;2026-03-17;12.0;76.0;0.0;0.0;0.0;1.0;1.0;1.0;;;;4.0;2.0;1.0;2.0;3.0;1.0;2026-03-16 23:00:00+00:00
43.72;-0.403;-00.403_43.720;33.0;33.0;Tursan;CHALOSSE-TURSAN;CLASSUN;2026-03-18;12.0;77.0;0.0;0.0;0.0;1.0;1.0;1.0;;;;3.0;1.0;4.0;2.0;3.0;1.0;2026-03-17 23:00:00+00:00
43.72;-0.403;-00.403_43.720;33.0;33.0;Tursan;CHALOSSE-TURSAN;CLASSUN;2026-03-19;12.0;78.0;0.0;0.0;0.0;1.0;1.0;1.0;;;;1.0;1.0;2.0;2.0;2.0;1.0;2026-03-18 23:00:00+00:00
43.72;-0.403;-00.403_43.720;33.0;33.0;Tursan;CHALOSSE-TURSAN;CLASSUN;2026-03-20;12.0;79.0;0.0;0.0;0.0;1.0;1.0;1.0;;;;4.0;4.0;2.0;1.0;3.0;3.0;2026-03-19 23:00:00+00:00
43.72;-0.403;-00.403_43.720;33.0;33.0;Tursan;CHALOSSE-TURSAN;CLASSUN;2026-03-21;12.0;80.0;0.0;0.0;0.0;1.0;1.0;1.0;;;;1.0;1.0;2.0;3.0;1.0;3.0;2026-03-20 23:00:00+00:00
43.72;-0.403;-00.403_43.720;33.0;33.0;Tursan;CHALOSSE-TURSAN;CLASSUN;2026-03-22;12.0;81.0;0.0;0.0;0.0;1.0;1.0;1.0;;;;1.0;4.0;2.0;1.0;2.0;1.0;2026-03-21 23:00:00+00:00
43.72;-0.403;-00.403_43.720;33.0;33.0;Tursan;CHALOSSE-TURSAN;CLASSUN;2026-03-23;13.0;82.0;0.0;0.0;0.0;1.0;1.0;1.0;;;;1.0;3.0;1.0;1.0;1.0;1.0;2026-03-22 23:00:00+00:00
43.72;-0.403;-00.403_43.720;33.0;33.0;Tursan;CHALOSSE-TURSAN;CLASSUN;2026-03-24;13.0;83.0;0.0;0.0;0.0;1.0;1.0;1.0;;;;1.0;2.0;1.0;1.0;2.0;1.0;2026-03-23 23:00:00+00:00
43.72;-0.403;-00.403_43.720;33.0;33.0;Tursan;CHALOSSE-TURSAN;CLASSUN;2026-03-25;13.0;84.0;1.1;1.1;1.1;1.0;1.0;1.0;;;;1.0;1.0;1.0;3.0;2.0;2.0;2026-03-24 23:00:00+00:00
43.72;-0.403;-00.403_43.720;33.0;33.0;Tursan;CHALOSSE-TURSAN;CLASSUN;2026-03-26;13.0;85.0;0.0;0.0;0.0;1.0;1.0;1.0;;;;1.0;2.0;3.0;1.0;3.0;2.0;2026-03-25 23:00:00+00:00
43.72;-0.403;-00.403_43.720;33.0;33.0;Tursan;CHALOSSE-TURSAN;CLASSUN;2026-03-27;13.0;86.0;0.0;0.0;0.0;1.0;1.0;1.0;;;;1.0;3.0;1.0;3.0;4.0;3.0;2026-03-26 23:00:00+00:00
43.72;-0.403;-00.403_43.720;33.0;33.0;Tursan;CHALOSSE-TURSAN;CLASSUN;2026-03-28;13.0;87.0;0.1;0.1;0.1;1.0;1.0;1.0;;;;1.0;2.0;2.0;1.0;1.0;1.0;2026-03-27 23:00:00+00:00
43.72;-0.403;-00.403_43.720;33.0;33.0;Tursan;CHALOSSE-TURSAN;CLASSUN;2026-03-29;13.0;88.0;0.0;0.0;0.0;1.0;1.0;1.0;;;;3.0;2.0;2.0;1.0;2.0;1.0;2026-03-28 23:00:00+00:00
43.72;-0.403;-00.403_43.720;33.0;33.0;Tursan;CHALOSSE-TURSAN;CLASSUN;2026-03-30;14.0;89.0;2.4;2.4;2.4;1.0;1.0;1.0;;;;2.0;2.0;3.0;2.0;2.0;1.0;2026-03-29 22:00:00+00:00
43.72;-0.403;-00.403_43.720;33.0;33.0;Tursan;CHALOSSE-TURSAN;CLASSUN;2026-03-31;14.0;90.0;0.0;0.0;0.0;2.0;2.0;2.0;2.0;2.0;2.0;2.0;3.0;3.0;1.0;2.0;2.0;2026-03-30 22:00:00+00:00
43.72;-0.403;-00.403_43.720;33.0;33.0;Tursan;CHALOSSE-TURSAN;CLASSUN;2026-04-01;14.0;91.0;3.0;3.0;3.0;1.0;1.0;1.0;2.0;2.0;2.0;3.0;3.0;1.0;1.0;2.0;1.0;2026-03-31 22:00:00+00:00
43.72;-0.403;-00.403_43.720;33.0;33.0;Tursan;CHALOSSE-TURSAN;CLASSUN;2026-04-02;14.0;92.0;2.3000000000000003;2.3000000000000003;2.3000000000000003;1.0;1.0;1.0;2.0;2.0;2.0;1.0;3.0;2.0;1.0;1.0;1.0;2026-04-01 22:00:00+00:00
43.72;-0.403;-00.403_43.720;33.0;33.0;Tursan;CHALOSSE-TURSAN;CLASSUN;2026-04-03;14.0;93.0;0.4;0.4;0.4;1.0;1.0;1.0;2.0;2.0;2.0;1.0;1.0;3.0;1.0;3.0;1.0;2026-04-02 22:00:00+00:00
43.72;-0.403;-00.403_43.720;33.0;33.0;Tursan;CHALOSSE-TURSAN;CLASSUN;2026-04-04;14.0;94.0;0.0;0.0;0.0;1.0;1.0;1.0;2.0;2.0;2.0;1.0;2.0;2.0;3.0;3.0;1.0;2026-04-03 22:00:00+00:00
43.72;-0.403;-00.403_43.720;33.0;33.0;Tursan;CHALOSSE-TURSAN;CLASSUN;2026-04-05;14.0;95.0;0.0;0.0;0.0;1.0;1.0;1.0;2.0;2.0;2.0;2.0;2.0;1.0;1.0;1.0;3.0;2026-04-04 22:00:00+00:00
43.72;-0.403;-00.403_43.720;33.0;33.0;Tursan;CHALOSSE-TURSAN;CLASSUN;2026-04-06;15.0;96.0;0.0;0.0;0.0;1.0;1.0;1.0;2.0;2.0;2.0;2.0;2.0;2.0;3.0;1.0;1.0;2026-04-05 22:00:00+00:00
43.72;-0.403;-00.403_43.720;33.0;33.0;Tursan;CHALOSSE-TURSAN;CLASSUN;2026-04-07;15.0;97.0;0.0;0.0;0.0;1.0;1.0;1.0;2.0;2.0;2.0;3.0;1.0;1.0;1.0;1.0;1.0;2026-04-06 22:00:00+00:00
43.72;-0.403;-00.403_43.720;33.0;33.0;Tursan;CHALOSSE-TURSAN;CLASSUN;2026-04-08;15.0;98.0;0.0;0.0;0.0;1.0;1.0;1.0;2.0;2.0;2.0;1.0;1.0;1.0;1.0;1.0;2.0;2026-04-07 22:00:00+00:00
43.72;-0.403;-00.403_43.720;33.0;33.0;Tursan;CHALOSSE-TURSAN;CLASSUN;2026-04-09;15.0;99.0;0.0;0.0;0.0;1.0;1.0;1.0;2.0;2.0;2.0;1.0;1.0;3.0;3.0;2.0;2.0;2026-04-08 22:00:00+00:00
43.72;-0.403;-00.403_43.720;33.0;33.0;Tursan;CHALOSSE-TURSAN;CLASSUN;2026-04-10;15.0;100.0;0.0;0.0;0.0;1.0;1.0;1.0;2.0;2.0;2.0;1.0;2.0;2.0;3.0;1.0;1.0;2026-04-09 22:00:00+00:00
43.72;-0.403;-00.403_43.720;33.0;33.0;Tursan;CHALOSSE-TURSAN;CLASSUN;2026-04-11;15.0;101.0;5.1000000000000005;5.1000000000000005;5.1000000000000005;1.0;1.0;1.0;2.0;2.0;2.0;1.0;2.0;3.0;2.0;1.0;1.0;2026-04-10 22:00:00+00:00
43.72;-0.403;-00.403_43.720;33.0;33.0;Tursan;CHALOSSE-TURSAN;CLASSUN;2026-04-12;15.0;102.0;5.2;5.2;5.2;1.0;1.0;1.0;;2.0;;2.0;1.0;3.0;1.0;3.0;3.0;2026-04-11 22:00:00+00:00
43.72;-0.403;-00.403_43.720;33.0;33.0;Tursan;CHALOSSE-TURSAN;CLASSUN;2026-04-13;16.0;103.0;0.7;0.7;0.7;1.0;1.0;1.0;;2.0;;1.0;2.0;3.0;1.0;1.0;4.0;2026-04-12 22:00:00+00:00
43.72;-0.403;-00.403_43.720;33.0;33.0;Tursan;CHALOSSE-TURSAN;CLASSUN;2026-04-14;16.0;104.0;0.0;0.0;0.0;1.0;1.0;1.0;;2.0;;1.0;3.0;2.0;2.0;2.0;1.0;2026-04-13 22:00:00+00:00
43.72;-0.403;-00.403_43.720;33.0;33.0;Tursan;CHALOSSE-TURSAN;CLASSUN;2026-04-15;16.0;105.0;0.0;0.0;0.0;1.0;1.0;1.0;;2.0;;2.0;1.0;2.0;2.0;1.0;2.0;2026-04-14 22:00:00+00:00
43.72;-0.403;-00.403_43.720;33.0;33.0;Tursan;CHALOSSE-TURSAN;CLASSUN;2026-04-16;16.0;106.0;0.0;0.0;0.0;1.0;1.0;1.0;;2.0;;1.0;1.0;2.0;3.0;1.0;1.0;2026-04-15 22:00:00+00:00
43.72;-0.403;-00.403_43.720;33.0;33.0;Tursan;CHALOSSE-TURSAN;CLASSUN;2026-04-17;16.0;107.0;0.0;0.0;0.0;1.0;1.0;1.0;;2.0;;3.0;1.0;1.0;1.0;3.0;1.0;2026-04-16 22:00:00+00:00
43.72;-0.403;-00.403_43.720;33.0;33.0;Tursan;CHALOSSE-TURSAN;CLASSUN;2026-04-18;16.0;108.0;0.0;0.0;0.0;1.0;1.0;1.0;;2.0;;1.0;2.0;2.0;1.0;2.0;1.0;2026-04-17 22:00:00+00:00
43.72;-0.403;-00.403_43.720;33.0;33.0;Tursan;CHALOSSE-TURSAN;CLASSUN;2026-04-19;16.0;109.0;0.2;0.2;0.2;1.0;1.0;1.0;;2.0;;2.0;2.0;1.0;2.0;1.0;1.0;2026-04-18 22:00:00+00:00
43.72;-0.403;-00.403_43.720;33.0;33.0;Tursan;CHALOSSE-TURSAN;CLASSUN;2026-04-20;17.0;110.0;5.6000000000000005;5.6000000000000005;5.6000000000000005;1.0;1.0;1.0;;2.0;;2.0;2.0;2.0;3.0;1.0;1.0;2026-04-19 22:00:00+00:00
43.72;-0.403;-00.403_43.720;33.0;33.0;Tursan;CHALOSSE-TURSAN;CLASSUN;2026-04-21;17.0;111.0;0.3999999999999999;0.3999999999999999;0.3999999999999999;1.0;1.0;1.0;;2.0;;3.0;3.0;3.0;1.0;1.0;2.0;2026-04-20 22:00:00+00:00
43.72;-0.403;-00.403_43.720;33.0;33.0;Tursan;CHALOSSE-TURSAN;CLASSUN;2026-04-22;17.0;112.0;0.0;0.0;0.0;1.0;1.0;1.0;;2.0;;1.0;2.0;3.0;1.0;2.0;4.0;2026-04-21 22:00:00+00:00
43.72;-0.403;-00.403_43.720;33.0;33.0;Tursan;CHALOSSE-TURSAN;CLASSUN;2026-04-23;17.0;113.0;0.0;0.0;0.0;1.0;1.0;1.0;;2.0;;1.0;4.0;2.0;4.0;1.0;2.0;2026-04-22 22:00:00+00:00
43.72;-0.403;-00.403_43.720;33.0;33.0;Tursan;CHALOSSE-TURSAN;CLASSUN;2026-04-24;17.0;114.0;0.0;0.0;0.0;1.0;1.0;1.0;;2.0;;1.0;3.0;1.0;1.0;3.0;2.0;2026-04-23 22:00:00+00:00
43.72;-0.403;-00.403_43.720;33.0;33.0;Tursan;CHALOSSE-TURSAN;CLASSUN;2026-04-25;17.0;115.0;0.0;0.0;0.0;1.0;1.0;1.0;;2.0;;4.0;2.0;1.0;1.0;1.0;1.0;2026-04-24 22:00:00+00:00
43.72;-0.403;-00.403_43.720;33.0;33.0;Tursan;CHALOSSE-TURSAN;CLASSUN;2026-04-26;17.0;116.0;0.0;0.0;0.0;1.0;1.0;1.0;;2.0;;1.0;2.0;2.0;1.0;2.0;1.0;2026-04-25 22:00:00+00:00
43.72;-0.403;-00.403_43.720;33.0;33.0;Tursan;CHALOSSE-TURSAN;CLASSUN;2026-04-27;18.0;117.0;0.0;0.0;0.0;1.0;1.0;1.0;;2.0;;2.0;1.0;1.0;2.0;1.0;3.0;2026-04-26 22:00:00+00:00
43.72;-0.403;-00.403_43.720;33.0;33.0;Tursan;CHALOSSE-TURSAN;CLASSUN;2026-04-28;18.0;118.0;15.0;15.0;15.0;3.0;3.0;3.0;;2.0;;1.0;1.0;2.0;1.0;2.0;1.0;2026-04-27 22:00:00+00:00
43.72;-0.403;-00.403_43.720;33.0;33.0;Tursan;CHALOSSE-TURSAN;CLASSUN;2026-04-29;18.0;119.0;1.7;1.7;1.7;2.0;2.0;2.0;;2.0;;3.0;1.0;3.0;1.0;2.0;1.0;2026-04-28 22:00:00+00:00
43.72;-0.403;-00.403_43.720;33.0;33.0;Tursan;CHALOSSE-TURSAN;CLASSUN;2026-04-30;18.0;120.0;10.5;10.5;10.5;1.0;1.0;1.0;;2.0;;2.0;1.0;2.0;1.0;2.0;1.0;2026-04-29 22:00:00+00:00
43.72;-0.403;-00.403_43.720;33.0;33.0;Tursan;CHALOSSE-TURSAN;CLASSUN;2026-05-01;18.0;121.0;0.0;0.0;0.0;1.0;1.0;1.0;;2.0;;2.0;2.0;1.0;1.0;1.0;2.0;2026-04-30 22:00:00+00:00
43.72;-0.403;-00.403_43.720;33.0;33.0;Tursan;CHALOSSE-TURSAN;CLASSUN;2026-05-02;18.0;122.0;7.800000000000001;7.800000000000001;7.800000000000001;1.0;1.0;1.0;;2.0;;1.0;1.0;1.0;1.0;2.0;1.0;2026-05-01 22:00:00+00:00
43.72;-0.403;-00.403_43.720;33.0;33.0;Tursan;CHALOSSE-TURSAN;CLASSUN;2026-05-03;18.0;123.0;7.899999999999999;7.899999999999999;7.899999999999999;4.0;4.0;4.0;;2.0;;2.0;1.0;4.0;1.0;3.0;1.0;2026-05-02 22:00:00+00:00
43.72;-0.403;-00.403_43.720;33.0;33.0;Tursan;CHALOSSE-TURSAN;CLASSUN;2026-05-04;19.0;124.0;12.6;12.6;12.6;1.0;1.0;1.0;;2.0;;2.0;3.0;2.0;2.0;2.0;2.0;2026-05-03 22:00:00+00:00
43.72;-0.403;-00.403_43.720;33.0;33.0;Tursan;CHALOSSE-TURSAN;CLASSUN;2026-05-05;19.0;125.0;1.0;1.0;1.0;1.0;1.0;1.0;;2.0;;1.0;1.0;1.0;2.0;1.0;2.0;2026-05-04 22:00:00+00:00
43.72;-0.403;-00.403_43.720;33.0;33.0;Tursan;CHALOSSE-TURSAN;CLASSUN;2026-05-06;19.0;126.0;4.7;4.7;4.7;1.0;1.0;1.0;;2.0;;1.0;2.0;3.0;1.0;2.0;4.0;2026-05-05 22:00:00+00:00
43.72;-0.403;-00.403_43.720;33.0;33.0;Tursan;CHALOSSE-TURSAN;CLASSUN;2026-05-07;19.0;127.0;0.0;0.0;0.0;1.0;1.0;1.0;;2.0;;1.0;1.0;2.0;2.0;1.0;4.0;2026-05-06 22:00:00+00:00
43.72;-0.403;-00.403_43.720;33.0;33.0;Tursan;CHALOSSE-TURSAN;CLASSUN;2026-05-08;19.0;128.0;0.6;0.6;0.6;1.0;1.0;1.0;;2.0;;2.0;2.0;1.0;3.0;2.0;1.0;2026-05-07 22:00:00+00:00
43.72;-0.403;-00.403_43.720;33.0;33.0;Tursan;CHALOSSE-TURSAN;CLASSUN;2026-05-09;19.0;129.0;0.1;0.1;0.1;1.0;1.0;1.0;;2.0;;1.0;3.0;1.0;1.0;3.0;2.0;2026-05-08 22:00:00+00:00
43.72;-0.403;-00.403_43.720;33.0;33.0;Tursan;CHALOSSE-TURSAN;CLASSUN;2026-05-10;19.0;130.0;10.6;10.6;10.6;1.0;1.0;1.0;;2.0;;3.0;2.0;2.0;2.0;1.0;2.0;2026-05-09 22:00:00+00:00
43.72;-0.403;-00.403_43.720;33.0;33.0;Tursan;CHALOSSE-TURSAN;CLASSUN;2026-05-11;20.0;131.0;0.0;0.0;0.0;1.0;1.0;1.0;;2.0;;1.0;1.0;1.0;2.0;2.0;2.0;2026-05-10 22:00:00+00:00
43.72;-0.403;-00.403_43.720;33.0;33.0;Tursan;CHALOSSE-TURSAN;CLASSUN;2026-05-12;20.0;132.0;0.0;0.0;0.0;1.0;1.0;1.0;;2.0;;1.0;3.0;1.0;2.0;1.0;4.0;2026-05-11 22:00:00+00:00
43.72;-0.403;-00.403_43.720;33.0;33.0;Tursan;CHALOSSE-TURSAN;CLASSUN;2026-05-13;20.0;133.0;1.6;1.6;1.6;1.0;1.0;1.0;;2.0;;1.0;1.0;1.0;2.0;1.0;1.0;2026-05-12 22:00:00+00:00
43.72;-0.403;-00.403_43.720;33.0;33.0;Tursan;CHALOSSE-TURSAN;CLASSUN;2026-05-14;20.0;134.0;17.7;17.7;17.7;1.0;1.0;1.0;;2.0;;1.0;3.0;2.0;2.0;1.0;2.0;2026-05-13 22:00:00+00:00
43.72;-0.403;-00.403_43.720;33.0;33.0;Tursan;CHALOSSE-TURSAN;CLASSUN;2026-05-15;20.0;135.0;19.8;19.8;19.8;1.0;1.0;1.0;;3.0;;2.0;2.0;1.0;2.0;1.0;1.0;2026-05-14 22:00:00+00:00
43.72;-0.403;-00.403_43.720;33.0;33.0;Tursan;CHALOSSE-TURSAN;CLASSUN;2026-05-16;20.0;136.0;5.2;5.2;5.2;1.0;1.0;1.0;;3.0;;1.0;1.0;1.0;1.0;1.0;1.0;2026-05-15 22:00:00+00:00
43.72;-0.403;-00.403_43.720;33.0;33.0;Tursan;CHALOSSE-TURSAN;CLASSUN;2026-05-17;20.0;137.0;0.0;0.0;0.0;1.0;1.0;1.0;;3.0;;2.0;2.0;2.0;1.0;1.0;2.0;2026-05-16 22:00:00+00:00
43.72;-0.403;-00.403_43.720;33.0;33.0;Tursan;CHALOSSE-TURSAN;CLASSUN;2026-05-18;21.0;138.0;0.0;0.0;0.0;1.0;1.0;1.0;;3.0;;1.0;2.0;3.0;2.0;1.0;2.0;2026-05-17 22:00:00+00:00
43.72;-0.403;-00.403_43.720;33.0;33.0;Tursan;CHALOSSE-TURSAN;CLASSUN;2026-05-19;21.0;139.0;0.0;0.0;0.0;1.0;1.0;1.0;;3.0;;1.0;1.0;1.0;3.0;1.0;1.0;2026-05-18 22:00:00+00:00
43.72;-0.403;-00.403_43.720;33.0;33.0;Tursan;CHALOSSE-TURSAN;CLASSUN;2026-05-20;21.0;140.0;0.0;0.0;0.0;1.0;1.0;1.0;;3.0;;1.0;1.0;1.0;1.0;1.0;1.0;2026-05-19 22:00:00+00:00
43.72;-0.403;-00.403_43.720;33.0;33.0;Tursan;CHALOSSE-TURSAN;CLASSUN;2026-05-21;21.0;141.0;0.0;0.0;0.0;1.0;1.0;1.0;;3.0;;3.0;3.0;2.0;1.0;2.0;1.0;2026-05-20 22:00:00+00:00
43.72;-0.403;-00.403_43.720;33.0;33.0;Tursan;CHALOSSE-TURSAN;CLASSUN;2026-05-22;21.0;142.0;0.0;0.0;0.0;1.0;1.0;1.0;;3.0;;1.0;2.0;1.0;1.0;2.0;1.0;2026-05-21 22:00:00+00:00
43.72;-0.403;-00.403_43.720;33.0;33.0;Tursan;CHALOSSE-TURSAN;CLASSUN;2026-05-23;21.0;143.0;0.0;0.0;0.0;1.0;1.0;1.0;;3.0;;3.0;2.0;2.0;1.0;1.0;1.0;2026-05-22 22:00:00+00:00
43.72;-0.403;-00.403_43.720;33.0;33.0;Tursan;CHALOSSE-TURSAN;CLASSUN;2026-05-24;21.0;144.0;0.0;0.0;0.0;1.0;1.0;1.0;;3.0;;2.0;2.0;2.0;1.0;2.0;1.0;2026-05-23 22:00:00+00:00
43.72;-0.403;-00.403_43.720;33.0;33.0;Tursan;CHALOSSE-TURSAN;CLASSUN;2026-05-25;22.0;145.0;0.0;0.0;0.0;1.0;1.0;1.0;;3.0;;2.0;2.0;1.0;2.0;2.0;2.0;2026-05-24 22:00:00+00:00
43.72;-0.403;-00.403_43.720;33.0;33.0;Tursan;CHALOSSE-TURSAN;CLASSUN;2026-05-26;22.0;146.0;0.0;0.0;0.0;1.0;1.0;1.0;;3.0;;1.0;2.0;1.0;1.0;2.0;4.0;2026-05-25 22:00:00+00:00
43.72;-0.403;-00.403_43.720;33.0;33.0;Tursan;CHALOSSE-TURSAN;CLASSUN;2026-05-27;22.0;147.0;0.0;0.0;0.0;1.0;1.0;1.0;;3.0;;1.0;1.0;2.0;1.0;1.0;2.0;2026-05-26 22:00:00+00:00
43.72;-0.403;-00.403_43.720;33.0;33.0;Tursan;CHALOSSE-TURSAN;CLASSUN;2026-05-28;22.0;148.0;0.0;0.0;0.0;1.0;1.0;1.0;;3.0;;1.0;2.0;1.0;2.0;1.0;3.0;2026-05-27 22:00:00+00:00
43.72;-0.403;-00.403_43.720;33.0;33.0;Tursan;CHALOSSE-TURSAN;CLASSUN;2026-05-29;22.0;149.0;0.0;0.0;0.0;1.0;1.0;1.0;;3.0;;1.0;1.0;1.0;1.0;1.0;2.0;2026-05-28 22:00:00+00:00
43.72;-0.403;-00.403_43.720;33.0;33.0;Tursan;CHALOSSE-TURSAN;CLASSUN;2026-05-30;22.0;150.0;0.0;0.0;0.0;1.0;1.0;1.0;;2.0;;2.0;2.0;3.0;2.0;3.0;1.0;2026-05-29 22:00:00+00:00
43.72;-0.403;-00.403_43.720;33.0;33.0;Tursan;CHALOSSE-TURSAN;CLASSUN;2026-05-31;22.0;151.0;0.1;0.1;0.1;1.0;1.0;1.0;2.0;2.0;2.0;1.0;3.0;2.0;3.0;1.0;3.0;2026-05-30 22:00:00+00:00
43.72;-0.403;-00.403_43.720;33.0;33.0;Tursan;CHALOSSE-TURSAN;CLASSUN;2026-06-01;23.0;152.0;0.0;0.0;0.0;1.0;1.0;1.0;2.0;2.0;2.0;1.0;1.0;1.0;1.0;3.0;2.0;2026-05-31 22:00:00+00:00
43.72;-0.403;-00.403_43.720;33.0;33.0;Tursan;CHALOSSE-TURSAN;CLASSUN;2026-06-02;23.0;153.0;4.0;4.0;4.0;1.0;1.0;1.0;2.0;2.0;2.0;2.0;1.0;2.0;4.0;1.0;2.0;2026-06-01 22:00:00+00:00
43.72;-0.403;-00.403_43.720;33.0;33.0;Tursan;CHALOSSE-TURSAN;CLASSUN;2026-06-03;23.0;154.0;0.1;0.1;0.1;1.0;1.0;1.0;2.0;2.0;2.0;2.0;1.0;1.0;2.0;2.0;2.0;2026-06-02 22:00:00+00:00
43.72;-0.403;-00.403_43.720;33.0;33.0;Tursan;CHALOSSE-TURSAN;CLASSUN;2026-06-04;23.0;155.0;7.7;7.7;7.7;1.0;1.0;1.0;2.0;2.0;2.0;1.0;1.0;1.0;1.0;2.0;1.0;2026-06-03 22:00:00+00:00
43.72;-0.403;-00.403_43.720;33.0;33.0;Tursan;CHALOSSE-TURSAN;CLASSUN;2026-06-05;23.0;156.0;0.1;0.1;0.1;1.0;1.0;1.0;2.0;2.0;2.0;1.0;1.0;2.0;2.0;1.0;1.0;2026-06-04 22:00:00+00:00
43.72;-0.403;-00.403_43.720;33.0;33.0;Tursan;CHALOSSE-TURSAN;CLASSUN;2026-06-06;23.0;157.0;0.0;0.0;0.0;1.0;1.0;1.0;2.0;2.0;2.0;1.0;2.0;2.0;1.0;2.0;1.0;2026-06-05 22:00:00+00:00
43.72;-0.403;-00.403_43.720;33.0;33.0;Tursan;CHALOSSE-TURSAN;CLASSUN;2026-06-07;23.0;158.0;0.0;0.0;0.0;1.0;1.0;1.0;2.0;2.0;2.0;1.0;1.0;2.0;3.0;3.0;1.0;2026-06-06 22:00:00+00:00
43.72;-0.403;-00.403_43.720;33.0;33.0;Tursan;CHALOSSE-TURSAN;CLASSUN;2026-06-08;24.0;159.0;0.0;0.0;0.0;1.0;1.0;1.0;2.0;2.0;2.0;1.0;1.0;2.0;2.0;1.0;1.0;2026-06-07 22:00:00+00:00
43.72;-0.403;-00.403_43.720;33.0;33.0;Tursan;CHALOSSE-TURSAN;CLASSUN;2026-06-09;24.0;160.0;0.7000000000000001;0.7000000000000001;0.7000000000000001;1.0;1.0;1.0;2.0;2.0;2.0;2.0;1.0;1.0;1.0;3.0;3.0;2026-06-08 22:00:00+00:00
43.72;-0.403;-00.403_43.720;33.0;33.0;Tursan;CHALOSSE-TURSAN;CLASSUN;2026-06-10;24.0;161.0;0.0;0.0;0.0;1.0;1.0;1.0;2.0;2.0;2.0;1.0;4.0;3.0;1.0;2.0;1.0;2026-06-09 22:00:00+00:00
43.72;-0.403;-00.403_43.720;33.0;33.0;Tursan;CHALOSSE-TURSAN;CLASSUN;2026-06-11;24.0;162.0;0.0;0.0;0.0;1.0;1.0;1.0;2.0;2.0;2.0;1.0;1.0;3.0;2.0;4.0;1.0;2026-06-10 22:00:00+00:00
43.72;-0.403;-00.403_43.720;33.0;33.0;Tursan;CHALOSSE-TURSAN;CLASSUN;2026-06-12;24.0;163.0;0.0;0.0;0.0;1.0;1.0;1.0;2.0;2.0;2.0;2.0;1.0;2.0;3.0;2.0;2.0;2026-06-11 22:00:00+00:00
43.72;-0.403;-00.403_43.720;33.0;33.0;Tursan;CHALOSSE-TURSAN;CLASSUN;2026-06-13;24.0;164.0;0.0;0.0;0.0;1.0;1.0;1.0;2.0;2.0;2.0;2.0;1.0;1.0;1.0;1.0;3.0;2026-06-12 22:00:00+00:00
43.72;-0.403;-00.403_43.720;33.0;33.0;Tursan;CHALOSSE-TURSAN;CLASSUN;2026-06-14;24.0;165.0;0.0;0.0;0.0;1.0;1.0;1.0;2.0;2.0;2.0;2.0;1.0;1.0;3.0;1.0;2.0;2026-06-13 22:00:00+00:00
43.72;-0.403;-00.403_43.720;33.0;33.0;Tursan;CHALOSSE-TURSAN;CLASSUN;2026-06-15;25.0;166.0;0.0;0.0;0.0;1.0;1.0;1.0;2.0;2.0;2.0;1.0;1.0;2.0;3.0;3.0;1.0;2026-06-14 22:00:00+00:00
43.72;-0.403;-00.403_43.720;33.0;33.0;Tursan;CHALOSSE-TURSAN;CLASSUN;2026-06-16;25.0;167.0;0.0;0.0;0.0;1.0;1.0;1.0;2.0;2.0;2.0;2.0;2.0;1.0;2.0;1.0;2.0;2026-06-15 22:00:00+00:00
43.72;-0.403;-00.403_43.720;33.0;33.0;Tursan;CHALOSSE-TURSAN;CLASSUN;2026-06-17;25.0;168.0;0.0;0.0;0.0;1.0;1.0;1.0;2.0;2.0;2.0;3.0;1.0;3.0;1.0;1.0;1.0;2026-06-16 22:00:00+00:00
43.72;-0.403;-00.403_43.720;33.0;33.0;Tursan;CHALOSSE-TURSAN;CLASSUN;2026-06-18;25.0;169.0;0.0;0.0;0.0;1.0;1.0;1.0;2.0;2.0;2.0;1.0;1.0;2.0;2.0;2.0;1.0;2026-06-17 22:00:00+00:00
43.72;-0.403;-00.403_43.720;33.0;33.0;Tursan;CHALOSSE-TURSAN;CLASSUN;2026-06-19;25.0;170.0;0.0;0.0;0.0;1.0;1.0;1.0;2.0;2.0;2.0;2.0;3.0;1.0;2.0;1.0;1.0;2026-06-18 22:00:00+00:00
43.72;-0.403;-00.403_43.720;33.0;33.0;Tursan;CHALOSSE-TURSAN;CLASSUN;2026-06-20;25.0;171.0;0.0;0.0;0.0;1.0;1.0;1.0;2.0;2.0;2.0;2.0;1.0;1.0;1.0;2.0;2.0;2026-06-19 22:00:00+00:00
43.72;-0.403;-00.403_43.720;33.0;33.0;Tursan;CHALOSSE-TURSAN;CLASSUN;2026-06-21;25.0;172.0;0.0;0.0;0.0;1.0;1.0;1.0;2.0;2.0;2.0;1.0;1.0;3.0;1.0;4.0;2.0;2026-06-20 22:00:00+00:00
43.72;-0.403;-00.403_43.720;33.0;33.0;Tursan;CHALOSSE-TURSAN;CLASSUN;2026-06-22;26.0;173.0;0.0;0.0;0.0;1.0;1.0;1.0;2.0;2.0;2.0;1.0;2.0;1.0;3.0;1.0;2.0;2026-06-21 22:00:00+00:00
43.72;-0.403;-00.403_43.720;33.0;33.0;Tursan;CHALOSSE-TURSAN;CLASSUN;2026-06-23;26.0;174.0;0.0;0.0;0.0;1.0;1.0;1.0;2.0;2.0;2.0;2.0;2.0;2.0;1.0;4.0;1.0;2026-06-22 22:00:00+00:00
43.72;-0.403;-00.403_43.720;33.0;33.0;Tursan;CHALOSSE-TURSAN;CLASSUN;2026-06-24;26.0;175.0;0.0;0.0;0.0;1.0;1.0;1.0;1.0;1.0;1.0;1.0;2.0;1.0;1.0;1.0;2.0;2026-06-23 22:00:00+00:00
43.72;-0.403;-00.403_43.720;33.0;33.0;Tursan;CHALOSSE-TURSAN;CLASSUN;2026-06-25;26.0;176.0;3.6;3.6;3.6;1.0;1.0;1.0;1.0;1.0;1.0;2.0;1.0;2.0;1.0;3.0;2.0;2026-06-24 22:00:00+00:00
43.72;-0.403;-00.403_43.720;33.0;33.0;Tursan;CHALOSSE-TURSAN;CLASSUN;2026-06-26;26.0;177.0;0.0;0.0;0.0;1.0;1.0;1.0;1.0;1.0;1.0;1.0;2.0;1.0;3.0;2.0;3.0;2026-06-25 22:00:00+00:00
43.72;-0.403;-00.403_43.720;33.0;33.0;Tursan;CHALOSSE-TURSAN;CLASSUN;2026-06-27;26.0;178.0;0.1;0.1;0.1;1.0;1.0;1.0;1.0;1.0;1.0;3.0;1.0;2.0;2.0;1.0;2.0;2026-06-26 22:00:00+00:00
43.72;-0.403;-00.403_43.720;33.0;33.0;Tursan;CHALOSSE-TURSAN;CLASSUN;2026-06-28;26.0;179.0;14.5;14.5;14.5;1.0;1.0;1.0;1.0;1.0;1.0;2.0;1.0;1.0;1.0;4.0;1.0;2026-06-27 22:00:00+00:00
43.72;-0.403;-00.403_43.720;33.0;33.0;Tursan;CHALOSSE-TURSAN;CLASSUN;2026-06-29;27.0;180.0;0.0;0.0;0.0;1.0;1.0;1.0;1.0;1.0;1.0;1.0;3.0;2.0;2.0;1.0;2.0;2026-06-28 22:00:00+00:00
43.72;-0.403;-00.403_43.720;33.0;33.0;Tursan;CHALOSSE-TURSAN;CLASSUN;2026-06-30;27.0;181.0;0.0;0.0;0.0;1.0;1.0;1.0;1.0;1.0;1.0;1.0;2.0;1.0;2.0;1.0;1.0;2026-06-29 22:00:00+00:00
43.72;-0.403;-00.403_43.720;33.0;33.0;Tursan;CHALOSSE-TURSAN;CLASSUN;2026-07-01;27.0;182.0;0.0;0.0;0.0;1.0;1.0;1.0;2.0;2.0;2.0;3.0;4.0;1.0;1.0;2.0;2.0;2026-06-30 22:00:00+00:00
43.72;-0.403;-00.403_43.720;33.0;33.0;Tursan;CHALOSSE-TURSAN;CLASSUN;2026-07-02;27.0;183.0;0.0;0.0;0.0;1.0;1.0;1.0;2.0;2.0;2.0;1.0;2.0;3.0;2.0;1.0;4.0;2026-07-01 22:00:00+00:00
43.72;-0.403;-00.403_43.720;33.0;33.0;Tursan;CHALOSSE-TURSAN;CLASSUN;2026-07-03;27.0;184.0;0.0;0.0;0.0;1.0;1.0;1.0;2.0;2.0;2.0;3.0;2.0;1.0;2.0;1.0;2.0;2026-07-02 22:00:00+00:00
43.72;-0.403;-00.403_43.720;33.0;33.0;Tursan;CHALOSSE-TURSAN;CLASSUN;2026-07-04;27.0;185.0;0.0;0.0;0.0;1.0;1.0;1.0;2.0;2.0;2.0;3.0;1.0;2.0;4.0;1.0;2.0;2026-07-03 22:00:00+00:00
43.72;-0.403;-00.403_43.720;33.0;33.0;Tursan;CHALOSSE-TURSAN;CLASSUN;2026-07-05;27.0;186.0;0.0;0.0;0.0;1.0;1.0;1.0;2.0;2.0;2.0;1.0;2.0;1.0;1.0;1.0;2.0;2026-07-04 22:00:00+00:00
43.72;-0.403;-00.403_43.720;33.0;33.0;Tursan;CHALOSSE-TURSAN;CLASSUN;2026-07-06;28.0;187.0;0.0;0.0;0.0;1.0;1.0;1.0;2.0;2.0;2.0;1.0;1.0;1.0;3.0;2.0;1.0;2026-07-05 22:00:00+00:00
43.72;-0.403;-00.403_43.720;33.0;33.0;Tursan;CHALOSSE-TURSAN;CLASSUN;2026-07-07;28.0;188.0;0.0;0.0;0.0;1.0;1.0;1.0;2.0;2.0;2.0;3.0;1.0;1.0;2.0;2.0;4.0;2026-07-06 22:00:00+00:00
43.72;-0.403;-00.403_43.720;33.0;33.0;Tursan;CHALOSSE-TURSAN;CLASSUN;2026-07-08;28.0;189.0;0.0;0.0;0.0;1.0;1.0;1.0;2.0;2.0;2.0;2.0;2.0;2.0;1.0;2.0;2.0;2026-07-07 22:00:00+00:00
43.72;-0.403;-00.403_43.720;33.0;33.0;Tursan;CHALOSSE-TURSAN;CLASSUN;2026-07-09;28.0;190.0;0.0;0.0;0.0;1.0;1.0;1.0;2.0;2.0;2.0;1.0;4.0;2.0;2.0;2.0;1.0;2026-07-08 22:00:00+00:00
43.72;-0.403;-00.403_43.720;33.0;33.0;Tursan;CHALOSSE-TURSAN;CLASSUN;2026-07-10;28.0;191.0;0.3;0.3;0.3;1.0;1.0;1.0;2.0;2.0;2.0;1.0;2.0;2.0;1.0;1.0;2.0;2026-07-09 22:00:00+00:00
43.72;-0.403;-00.403_43.720;33.0;33.0;Tursan;CHALOSSE-TURSAN;CLASSUN;2026-07-11;28.0;192.0;0.0;0.0;0.0;1.0;1.0;1.0;2.0;2.0;2.0;3.0;1.0;1.0;1.0;3.0;2.0;2026-07-10 22:00:00+00:00
43.72;-0.403;-00.403_43.720;33.0;33.0;Tursan;CHALOSSE-TURSAN;CLASSUN;2026-07-12;28.0;193.0;0.0;0.0;0.0;1.0;1.0;1.0;2.0;2.0;2.0;1.0;2.0;1.0;1.0;1.0;1.0;2026-07-11 22:00:00+00:00
43.72;-0.403;-00.403_43.720;33.0;33.0;Tursan;CHALOSSE-TURSAN;CLASSUN;2026-07-13;29.0;194.0;6.2;6.2;6.2;1.0;1.0;1.0;2.0;2.0;2.0;2.0;1.0;3.0;1.0;1.0;1.0;2026-07-12 22:00:00+00:00
43.72;-0.403;-00.403_43.720;33.0;33.0;Tursan;CHALOSSE-TURSAN;CLASSUN;2026-07-14;29.0;195.0;0.0;0.0;0.0;1.0;1.0;1.0;2.0;2.0;2.0;4.0;1.0;2.0;4.0;2.0;2.0;2026-07-13 22:00:00+00:00
43.72;-0.403;-00.403_43.720;33.0;33.0;Tursan;CHALOSSE-TURSAN;CLASSUN;2026-07-15;29.0;196.0;0.3;0.3;0.3;1.0;1.0;1.0;2.0;2.0;2.0;3.0;1.0;1.0;1.0;2.0;2.0;2026-07-14 22:00:00+00:00
43.72;-0.403;-00.403_43.720;33.0;33.0;Tursan;CHALOSSE-TURSAN;CLASSUN;2026-07-16;29.0;197.0;22.3;22.3;22.3;1.0;1.0;1.0;4.0;4.0;4.0;1.0;1.0;4.0;2.0;1.0;1.0;2026-07-15 22:00:00+00:00
43.72;-0.403;-00.403_43.720;33.0;33.0;Tursan;CHALOSSE-TURSAN;CLASSUN;2026-07-17;29.0;198.0;0.7;0.7;0.7;1.0;1.0;1.0;2.0;2.0;2.0;2.0;1.0;1.0;2.0;3.0;2.0;2026-07-16 22:00:00+00:00
43.72;-0.403;-00.403_43.720;33.0;33.0;Tursan;CHALOSSE-TURSAN;CLASSUN;2026-07-18;29.0;199.0;0.0;0.0;0.0;1.0;1.0;1.0;2.0;2.0;2.0;2.0;2.0;1.0;1.0;1.0;2.0;2026-07-17 22:00:00+00:00
43.72;-0.403;-00.403_43.720;33.0;33.0;Tursan;CHALOSSE-TURSAN;CLASSUN;2026-07-19;29.0;200.0;0.0;0.0;0.0;1.0;1.0;1.0;2.0;2.0;2.0;3.0;1.0;1.0;1.0;2.0;1.0;2026-07-18 22:00:00+00:00
43.72;-0.403;-00.403_43.720;33.0;33.0;Tursan;CHALOSSE-TURSAN;CLASSUN;2026-07-20;30.0;201.0;0.0;0.0;0.0;1.0;1.0;1.0;2.0;2.0;2.0;2.0;1.0;2.0;2.0;1.0;1.0;2026-07-19 22:00:00+00:00
43.72;-0.403;-00.403_43.720;33.0;33.0;Tursan;CHALOSSE-TURSAN;CLASSUN;2026-07-21;30.0;202.0;0.0;0.0;0.0;1.0;1.0;1.0;2.0;2.0;2.0;2.0;1.0;1.0;1.0;3.0;1.0;2026-07-20 22:00:00+00:00
43.72;-0.403;-00.403_43.720;33.0;33.0;Tursan;CHALOSSE-TURSAN;CLASSUN;2026-07-22;30.0;203.0;0.0;0.0;0.0;1.0;1.0;1.0;2.0;2.0;2.0;3.0;1.0;3.0;1.0;1.0;2.0;2026-07-21 22:00:00+00:00
43.72;-0.403;-00.403_43.720;33.0;33.0;Tursan;CHALOSSE-TURSAN;CLASSUN;2026-07-23;30.0;204.0;0.0;0.0;0.0;1.0;1.0;1.0;2.0;2.0;2.0;4.0;2.0;1.0;1.0;1.0;1.0;2026-07-22 22:00:00+00:00
43.72;-0.403;-00.403_43.720;33.0;33.0;Tursan;CHALOSSE-TURSAN;CLASSUN;2026-07-24;30.0;205.0;0.0;0.0;0.0;1.0;1.0;1.0;2.0;2.0;2.0;3.0;1.0;2.0;1.0;2.0;1.0;2026-07-23 22:00:00+00:00
43.72;-0.403;-00.403_43.720;33.0;33.0;Tursan;CHALOSSE-TURSAN;CLASSUN;2026-07-25;30.0;206.0;0.0;0.0;0.0;1.0;1.0;1.0;2.0;2.0;2.0;2.0;1.0;2.0;2.0;3.0;1.0;2026-07-24 22:00:00+00:00
43.72;-0.403;-00.403_43.720;33.0;33.0;Tursan;CHALOSSE-TURSAN;CLASSUN;2026-07-26;30.0;207.0;0.2;0.2;0.2;1.0;1.0;1.0;2.0;2.0;2.0;2.0;1.0;3.0;2.0;1.0;2.0;2026-07-25 22:00:00+00:00
43.72;-0.403;-00.403_43.720;33.0;33.0;Tursan;CHALOSSE-TURSAN;CLASSUN;2026-07-27;31.0;208.0;1.7;1.7;1.7;1.0;1.0;1.0;2.0;2.0;2.0;2.0;1.0;1.0;4.0;1.0;3.0;2026-07-26 22:00:00+00:00
43.72;-0.403;-00.403_43.720;33.0;33.0;Tursan;CHALOSSE-TURSAN;CLASSUN;2026-07-28;31.0;209.0;0.0;0.0;0.0;1.0;1.0;1.0;2.0;2.0;2.0;1.0;1.0;2.0;1.0;1.0;1.0;2026-07-27 22:00:00+00:00
43.72;-0.403;-00.403_43.720;33.0;33.0;Tursan;CHALOSSE-TURSAN;CLASSUN;2026-07-29;31.0;210.0;0.0;0.0;0.0;1.0;1.0;1.0;2.0;2.0;2.0;1.0;3.0;1.0;3.0;2.0;2.0;2026-07-28 22:00:00+00:00
43.72;-0.403;-00.403_43.720;33.0;33.0;Tursan;CHALOSSE-TURSAN;CLASSUN;2026-07-30;31.0;211.0;0.0;0.0;0.0;1.0;1.0;1.0;2.0;2.0;2.0;1.0;2.0;2.0;1.0;1.0;2.0;2026-07-29 22:00:00+00:00
43.72;-0.403;-00.403_43.720;33.0;33.0;Tursan;CHALOSSE-TURSAN;CLASSUN;2026-07-31;31.0;212.0;0.0;0.0;0.0;1.0;1.0;1.0;2.0;2.0;2.0;2.0;1.0;2.0;1.0;1.0;2.0;2026-07-30 22:00:00+00:00
43.72;-0.403;-00.403_43.720;33.0;33.0;Tursan;CHALOSSE-TURSAN;CLASSUN;2026-08-01;31.0;213.0;0.0;0.0;0.0;1.0;1.0;1.0;2.0;2.0;2.0;2.0;3.0;2.0;2.0;1.0;1.0;2026-07-31 22:00:00+00:00
43.72;-0.403;-00.403_43.720;33.0;33.0;Tursan;CHALOSSE-TURSAN;CLASSUN;2026-08-02;31.0;214.0;0.0;0.0;0.0;1.0;1.0;1.0;2.0;2.0;2.0;3.0;2.0;1.0;1.0;1.0;2.0;2026-08-01 22:00:00+00:00
43.72;-0.403;-00.403_43.720;33.0;33.0;Tursan;CHALOSSE-TURSAN;CLASSUN;2026-08-03;32.0;215.0;0.0;0.0;0.0;1.0;1.0;1.0;2.0;2.0;2.0;2.0;1.0;1.0;2.0;2.0;1.0;2026-08-02 22:00:00+00:00
43.72;-0.403;-00.403_43.720;33.0;33.0;Tursan;CHALOSSE-TURSAN;CLASSUN;2026-08-04;32.0;216.0;0.0;0.0;0.0;1.0;1.0;1.0;2.0;2.0;2.0;3.0;1.0;3.0;1.0;1.0;1.0;2026-08-03 22:00:00+00:00
43.72;-0.403;-00.403_43.720;33.0;33.0;Tursan;CHALOSSE-TURSAN;CLASSUN;2026-08-05;32.0;217.0;0.0;0.0;0.0;1.0;1.0;1.0;2.0;2.0;2.0;3.0;1.0;1.0;2.0;3.0;2.0;2026-08-04 22:00:00+00:00
43.72;-0.403;-00.403_43.720;33.0;33.0;Tursan;CHALOSSE-TURSAN;CLASSUN;2026-08-06;32.0;218.0;0.0;0.0;0.0;1.0;1.0;1.0;2.0;2.0;2.0;2.0;1.0;1.0;2.0;1.0;2.0;2026-08-05 22:00:00+00:00
43.72;-0.403;-00.403_43.720;33.0;33.0;Tursan;CHALOSSE-TURSAN;CLASSUN;2026-08-07;32.0;219.0;0.0;0.0;0.0;1.0;1.0;1.0;2.0;2.0;2.0;2.0;1.0;1.0;2.0;2.0;1.0;2026-08-06 22:00:00+00:00
43.72;-0.403;-00.403_43.720;33.0;33.0;Tursan;CHALOSSE-TURSAN;CLASSUN;2026-08-08;32.0;220.0;3.6000000000000005;3.6000000000000005;3.6000000000000005;1.0;1.0;1.0;2.0;2.0;2.0;1.0;2.0;2.0;2.0;1.0;3.0;2026-08-07 22:00:00+00:00
43.72;-0.403;-00.403_43.720;33.0;33.0;Tursan;CHALOSSE-TURSAN;CLASSUN;2026-08-09;32.0;221.0;19.1;19.1;19.1;1.0;1.0;1.0;2.0;2.0;2.0;1.0;1.0;2.0;1.0;2.0;2.0;2026-08-08 22:00:00+00:00
43.72;-0.403;-00.403_43.720;33.0;33.0;Tursan;CHALOSSE-TURSAN;CLASSUN;2026-08-10;33.0;222.0;3.1;3.1;3.1;1.0;1.0;1.0;2.0;2.0;2.0;1.0;3.0;3.0;1.0;2.0;2.0;2026-08-09 22:00:00+00:00
43.72;-0.403;-00.403_43.720;33.0;33.0;Tursan;CHALOSSE-TURSAN;CLASSUN;2026-08-11;33.0;223.0;0.0;0.0;0.0;1.0;1.0;1.0;2.0;2.0;2.0;2.0;1.0;2.0;1.0;4.0;2.0;2026-08-10 22:00:00+00:00
43.72;-0.403;-00.403_43.720;33.0;33.0;Tursan;CHALOSSE-TURSAN;CLASSUN;2026-08-12;33.0;224.0;0.0;0.0;0.0;1.0;1.0;1.0;2.0;2.0;2.0;2.0;1.0;2.0;4.0;1.0;2.0;2026-08-11 22:00:00+00:00
43.72;-0.403;-00.403_43.720;33.0;33.0;Tursan;CHALOSSE-TURSAN;CLASSUN;2026-08-13;33.0;225.0;0.0;0.0;0.0;1.0;1.0;1.0;2.0;2.0;2.0;1.0;2.0;1.0;2.0;1.0;2.0;2026-08-12 22:00:00+00:00
43.72;-0.403;-00.403_43.720;33.0;33.0;Tursan;CHALOSSE-TURSAN;CLASSUN;2026-08-14;33.0;226.0;0.0;0.0;0.0;1.0;1.0;1.0;3.0;3.0;3.0;2.0;2.0;1.0;2.0;3.0;1.0;2026-08-13 22:00:00+00:00
43.72;-0.403;-00.403_43.720;33.0;33.0;Tursan;CHALOSSE-TURSAN;CLASSUN;2026-08-15;33.0;227.0;0.0;0.0;0.0;1.0;1.0;1.0;3.0;3.0;3.0;2.0;3.0;4.0;2.0;3.0;2.0;2026-08-14 22:00:00+00:00
43.72;-0.403;-00.403_43.720;33.0;33.0;Tursan;CHALOSSE-TURSAN;CLASSUN;2026-08-16;33.0;228.0;0.0;0.0;0.0;1.0;1.0;1.0;3.0;3.0;3.0;3.0;1.0;3.0;3.0;1.0;1.0;2026-08-15 22:00:00+00:00
43.72;-0.403;-00.403_43.720;33.0;33.0;Tursan;CHALOSSE-TURSAN;CLASSUN;2026-08-17;34.0;229.0;0.0;0.0;0.0;1.0;1.0;1.0;3.0;3.0;3.0;1.0;4.0;2.0;1.0;1.0;3.0;2026-08-16 22:00:00+00:00
43.72;-0.403;-00.403_43.720;33.0;33.0;Tursan;CHALOSSE-TURSAN;CLASSUN;2026-08-18;34.0;230.0;0.0;0.0;0.0;1.0;1.0;1.0;3.0;3.0;3.0;1.0;2.0;1.0;4.0;2.0;2.0;2026-08-17 22:00:00+00:00
43.72;-0.403;-00.403_43.720;33.0;33.0;Tursan;CHALOSSE-TURSAN;CLASSUN;2026-08-19;34.0;231.0;0.0;0.0;0.0;1.0;1.0;1.0;4.0;4.0;4.0;1.0;2.0;3.0;1.0;1.0;1.0;2026-08-18 22:00:00+00:00
43.72;-0.403;-00.403_43.720;33.0;33.0;Tursan;CHALOSSE-TURSAN;CLASSUN;2026-08-20;34.0;232.0;9.3;9.3;9.3;1.0;1.0;1.0;4.0;4.0;4.0;1.0;2.0;2.0;3.0;1.0;2.0;2026-08-19 22:00:00+00:00
43.72;-0.403;-00.403_43.720;33.0;33.0;Tursan;CHALOSSE-TURSAN;CLASSUN;2026-08-21;34.0;233.0;2.8;2.8;2.8;1.0;1.0;1.0;4.0;4.0;4.0;1.0;2.0;2.0;2.0;2.0;2.0;2026-08-20 22:00:00+00:00
43.72;-0.403;-00.403_43.720;33.0;33.0;Tursan;CHALOSSE-TURSAN;CLASSUN;2026-08-22;34.0;234.0;1.6;1.6;1.6;1.0;1.0;1.0;4.0;4.0;4.0;2.0;1.0;3.0;2.0;1.0;1.0;2026-08-21 22:00:00+00:00
43.72;-0.403;-00.403_43.720;33.0;33.0;Tursan;CHALOSSE-TURSAN;CLASSUN;2026-08-23;34.0;235.0;1.7;1.7;1.7;1.0;1.0;1.0;4.0;4.0;4.0;1.0;1.0;1.0;1.0;1.0;1.0;2026-08-22 22:00:00+00:00
43.72;-0.403;-00.403_43.720;33.0;33.0;Tursan;CHALOSSE-TURSAN;CLASSUN;2026-08-24;35.0;236.0;4.6;4.6;4.6;1.0;1.0;1.0;4.0;4.0;4.0;2.0;3.0;3.0;2.0;1.0;2.0;2026-08-23 22:00:00+00:00
43.72;-0.403;-00.403_43.720;33.0;33.0;Tursan;CHALOSSE-TURSAN;CLASSUN;2026-08-25;;;;;;;;;4.0;4.0;4.0;;;;;;;2026-08-24 22:00:00+00:00
43.72;-0.403;-00.403_43.720;33.0;33.0;Tursan;CHALOSSE-TURSAN;CLASSUN;2026-08-26;;;;;;;;;4.0;4.0;4.0;;;;;;;2026-08-25 22:00:00+00:00
43.72;-0.403;-00.403_43.720;33.0;33.0;Tursan;CHALOSSE-TURSAN;CLASSUN;2026-08-27;;;;;;;;;4.0;4.0;4.0;;;;;;;2026-08-26 22:00:00+00:00
43.72;-0.403;-00.403_43.720;33.0;33.0;Tursan;CHALOSSE-TURSAN;CLASSUN;2026-08-28;;;;;;;;;4.0;4.0;4.0;;;;;;;2026-08-27 22:00:00+00:00
43.72;-0.403;-00.403_43.720;33.0;33.0;Tursan;CHALOSSE-TURSAN;CLASSUN;2026-08-29;;;;;;;;;3.0;3.0;3.0;;;;;;;2026-08-28 22:00:00+00:00
43.72;-0.403;-00.403_43.720;33.0;33.0;Tursan;CHALOSSE-TURSAN;CLASSUN;2026-08-30;;;;;;;;;3.0;3.0;3.0;;;;;;;2026-08-29 22:00:00+00:00
43.72;-0.403;-00.403_43.720;33.0;33.0;Tursan;CHALOSSE-TURSAN;CLASSUN;2026-08-31;;;;;;;;;3.0;3.0;3.0;;;;;;;2026-08-30 22:00:00+00:00
43.72;-0.403;-00.403_43.720;33.0;33.0;Tursan;CHALOSSE-TURSAN;CLASSUN;2026-09-01;;;;;;;;;3.0;3.0;3.0;;;;;;;2026-08-31 22:00:00+00:00
43.72;-0.403;-00.403_43.720;33.0;33.0;Tursan;CHALOSSE-TURSAN;CLASSUN;2026-09-02;;;;;;;;;3.0;3.0;3.0;;;;;;;2026-09-01 22:00:00+00:00
43.72;-0.403;-00.403_43.720;33.0;33.0;Tursan;CHALOSSE-TURSAN;CLASSUN;2026-09-03;;;;;;;;;3.0;3.0;3.0;;;;;;;2026-09-02 22:00:00+00:00
43.72;-0.403;-00.403_43.720;33.0;33.0;Tursan;CHALOSSE-TURSAN;CLASSUN;2026-09-04;;;;;;;;;3.0;3.0;3.0;;;;;;;2026-09-03 22:00:00+00:00
43.72;-0.403;-00.403_43.720;33.0;33.0;Tursan;CHALOSSE-TURSAN;CLASSUN;2026-09-05;;;;;;;;;3.0;3.0;3.0;;;;;;;2026-09-04 22:00:00+00:00
43.72;-0.403;-00.403_43.720;33.0;33.0;Tursan;CHALOSSE-TURSAN;CLASSUN;2026-09-06;;;;;;;;;3.0;3.0;3.0;;;;;;;2026-09-05 22:00:00+00:00
43.72;-0.403;-00.403_43.720;33.0;33.0;Tursan;CHALOSSE-TURSAN;CLASSUN;2026-09-07;;;;;;;;;3.0;3.0;3.0;;;;;;;2026-09-06 22:00:00+00:00
44.86;-0.451;-00.451_44.860;33.0;33.0;Ouest Entre-deux-Mers;ENTRE2MERS;POMPIGNAC;2026-01-01;1.0;1.0;0.0;0.0;0.0;1.0;1.0;1.0;;;;3.0;2.0;1.0;3.0;1.0;1.0;2025-12-31 23:00:00+00:00
44.86;-0.451;-00.451_44.860;33.0;33.0;Ouest Entre-deux-Mers;ENTRE2MERS;POMPIGNAC;2026-01-02;1.0;2.0;0.0;0.0;0.0;1.0;1.0;1.0;;;;1.0;2.0;1.0;2.0;1.0;1.0;2026-01-01 23:00:00+00:00
44.86;-0.451;-00.451_44.860;33.0;33.0;Ouest Entre-deux-Mers;ENTRE2MERS;POMPIGNAC;2026-01-03;1.0;3.0;0.0;0.0;0.0;1.0;1.0;1.0;;;;3.0;1.0;1.0;2.0;1.0;2.0;2026-01-02 23:00:00+00:00
44.86;-0.451;-00.451_44.860;33.0;33.0;Ouest Entre-deux-Mers;ENTRE2MERS;POMPIGNAC;2026-01-04;1.0;4.0;0.0;0.0;0.0;1.0;1.0;1.0;;;;1.0;1.0;2.0;1.0;1.0;1.0;2026-01-03 23:00:00+00:00
44.86;-0.451;-00.451_44.860;33.0;33.0;Ouest Entre-deux-Mers;ENTRE2MERS;POMPIGNAC;2026-01-05;2.0;5.0;0.0;0.0;0.0;1.0;1.0;1.0;;;;2.0;2.0;1.0;2.0;2.0;2.0;2026-01-04 23:00:00+00:00
44.86;-0.451;-00.451_44.860;33.0;33.0;Ouest Entre-deux-Mers;ENTRE2MERS;POMPIGNAC;2026-01-06;2.0;6.0;0.2;0.2;0.2;1.0;1.0;1.0;;;;1.0;1.0;3.0;3.0;3.0;1.0;2026-01-05 23:00:00+00:00
44.86;-0.451;-00.451_44.860;33.0;33.0;Ouest Entre-deux-Mers;ENTRE2MERS;POMPIGNAC;2026-01-07;2.0;7.0;1.7999999999999998;1.7999999999999998;1.7999999999999998;1.0;1.0;1.0;;;;1.0;1.0;2.0;3.0;1.0;1.0;2026-01-06 23:00:00+00:00
44.86;-0.451;-00.451_44.860;33.0;33.0;Ouest Entre-deux-Mers;ENTRE2MERS;POMPIGNAC;2026-01-08;2.0;8.0;13.0;13.0;13.0;1.0;1.0;1.0;;;;2.0;2.0;2.0;2.0;3.0;2.0;2026-01-07 23:00:00+00:00
44.86;-0.451;-00.451_44.860;33.0;33.0;Ouest Entre-deux-Mers;ENTRE2MERS;POMPIGNAC;2026-01-09;2.0;9.0;8.2;8.2;8.2;1.0;1.0;1.0;;;;1.0;1.0;2.0;1.0;2.0;2.0;2026-01-08 23:00:00+00:00
44.86;-0.451;-00.451_44.860;33.0;33.0;Ouest Entre-deux-Mers;ENTRE2MERS;POMPIGNAC;2026-01-10;2.0;10.0;7.3;7.3;7.3;1.0;1.0;1.0;;;;3.0;1.0;1.0;2.0;1.0;3.0;2026-01-09 23:00:00+00:00
44.86;-0.451;-00.451_44.860;33.0;33.0;Ouest Entre-deux-Mers;ENTRE2MERS;POMPIGNAC;2026-01-11;2.0;11.0;0.1;0.1;0.1;1.0;1.0;1.0;;;;1.0;1.0;4.0;4.0;1.0;1.0;2026-01-10 23:00:00+00:00
44.86;-0.451;-00.451_44.860;33.0;33.0;Ouest Entre-deux-Mers;ENTRE2MERS;POMPIGNAC;2026-01-12;3.0;12.0;0.0;0.0;0.0;1.0;1.0;1.0;;;;1.0;1.0;1.0;1.0;1.0;1.0;2026-01-11 23:00:00+00:00
44.86;-0.451;-00.451_44.860;33.0;33.0;Ouest Entre-deux-Mers;ENTRE2MERS;POMPIGNAC;2026-01-13;3.0;13.0;0.1;0.1;0.1;1.0;1.0;1.0;;;;2.0;2.0;2.0;2.0;1.0;2.0;2026-01-12 23:00:00+00:00
44.86;-0.451;-00.451_44.860;33.0;33.0;Ouest Entre-deux-Mers;ENTRE2MERS;POMPIGNAC;2026-01-14;3.0;14.0;0.0;0.0;0.0;1.0;1.0;1.0;;;;1.0;3.0;2.0;1.0;2.0;2.0;2026-01-13 23:00:00+00:00
44.86;-0.451;-00.451_44.860;33.0;33.0;Ouest Entre-deux-Mers;ENTRE2MERS;POMPIGNAC;2026-01-15;3.0;15.0;0.6;0.6;0.6;1.0;1.0;1.0;;;;3.0;2.0;2.0;1.0;2.0;2.0;2026-01-14 23:00:00+00:00
44.86;-0.451;-00.451_44.860;33.0;33.0;Ouest Entre-deux-Mers;ENTRE2MERS;POMPIGNAC;2026-01-16;3.0;16.0;2.9;2.9;2.9;1.0;1.0;1.0;;;;1.0;2.0;2.0;2.0;1.0;1.0;2026-01-15 23:00:00+00:00
44.86;-0.451;-00.451_44.860;33.0;33.0;Ouest Entre-deux-Mers;ENTRE2MERS;POMPIGNAC;2026-01-17;3.0;17.0;8.4;8.4;8.4;1.0;1.0;1.0;;;;2.0;1.0;1.0;3.0;1.0;2.0;2026-01-16 23:00:00+00:00
44.86;-0.451;-00.451_44.860;33.0;33.0;Ouest Entre-deux-Mers;ENTRE2MERS;POMPIGNAC;2026-01-18;3.0;18.0;0.4;0.4;0.4;1.0;1.0;1.0;;;;2.0;2.0;1.0;2.0;1.0;1.0;2026-01-17 23:00:00+00:00
44.86;-0.451;-00.451_44.860;33.0;33.0;Ouest Entre-deux-Mers;ENTRE2MERS;POMPIGNAC;2026-01-19;4.0;19.0;0.1;0.1;0.1;1.0;1.0;1.0;;;;3.0;1.0;2.0;2.0;1.0;2.0;2026-01-18 23:00:00+00:00
44.86;-0.451;-00.451_44.860;33.0;33.0;Ouest Entre-deux-Mers;ENTRE2MERS;POMPIGNAC;2026-01-20;4.0;20.0;0.0;0.0;0.0;1.0;1.0;1.0;;;;3.0;2.0;1.0;1.0;3.0;3.0;2026-01-19 23:00:00+00:00
44.86;-0.451;-00.451_44.860;33.0;33.0;Ouest Entre-deux-Mers;ENTRE2MERS;POMPIGNAC;2026-01-21;4.0;21.0;3.8;3.8;3.8;1.0;1.0;1.0;;;;1.0;3.0;3.0;3.0;1.0;1.0;2026-01-20 23:00:00+00:00
44.86;-0.451;-00.451_44.860;33.0;33.0;Ouest Entre-deux-Mers;ENTRE2MERS;POMPIGNAC;2026-01-22;4.0;22.0;1.8;1.8;1.8;1.0;1.0;1.0;;;;3.0;2.0;1.0;1.0;1.0;1.0;2026-01-21 23:00:00+00:00
44.86;-0.451;-00.451_44.860;33.0;33.0;Ouest Entre-deux-Mers;ENTRE2MERS;POMPIGNAC;2026-01-23;4.0;23.0;8.4;8.4;8.4;1.0;1.0;1.0;;;;4.0;1.0;4.0;1.0;1.0;1.0;2026-01-22 23:00:00+00:00
44.86;-0.451;-00.451_44.860;33.0;33.0;Ouest Entre-deux-Mers;ENTRE2MERS;POMPIGNAC;2026-01-24;4.0;24.0;6.9;6.9;6.9;1.0;1.0;1.0;;;;1.0;1.0;4.0;1.0;1.0;1.0;2026-01-23 23:00:00+00:00
44.86;-0.451;-00.451_44.860;33.0;33.0;Ouest Entre-deux-Mers;ENTRE2MERS;POMPIGNAC;2026-01-25;4.0;25.0;20.7;20.7;20.7;1.0;1.0;1.0;;;;2.0;2.0;1.0;2.0;2.0;1.0;2026-01-24 23:00:00+00:00
44.86;-0.451;-00.451_44.860;33.0;33.0;Ouest Entre-deux-Mers;ENTRE2MERS;POMPIGNAC;2026-01-26;5.0;26.0;0.3;0.3;0.3;1.0;1.0;1.0;;;;1.0;3.0;1.0;1.0;3.0;1.0;2026-01-25 23:00:00+00:00
44.86;-0.451;-00.451_44.860;33.0;33.0;Ouest Entre-deux-Mers;ENTRE2MERS;POMPIGNAC;2026-01-27;5.0;27.0;11.0;11.0;11.0;1.0;1.0;1.0;;;;1.0;2.0;2.0;4.0;2.0;2.0;2026-01-26 23:00:00+00:00
44.86;-0.451;-00.451_44.860;33.0;33.0;Ouest Entre-deux-Mers;ENTRE2MERS;POMPIGNAC;2026-01-28;5.0;28.0;7.5;7.5;7.5;1.0;1.0;1.0;;;;4.0;1.0;1.0;1.0;2.0;1.0;2026-01-27 23:00:00+00:00
44.86;-0.451;-00.451_44.860;33.0;33.0;Ouest Entre-deux-Mers;ENTRE2MERS;POMPIGNAC;2026-01-29;5.0;29.0;2.8000000000000003;2.8000000000000003;2.8000000000000003;1.0;1.0;1.0;;;;2.0;2.0;1.0;1.0;2.0;1.0;2026-01-28 23:00:00+00:00
44.86;-0.451;-00.451_44.860;33.0;33.0;Ouest Entre-deux-Mers;ENTRE2MERS;POMPIGNAC;2026-01-30;5.0;30.0;2.5;2.5;2.5;1.0;1.0;1.0;;;;1.0;1.0;3.0;1.0;1.0;2.0;2026-01-29 23:00:00+00:00
44.86;-0.451;-00.451_44.860;33.0;33.0;Ouest Entre-deux-Mers;ENTRE2MERS;POMPIGNAC;2026-01-31;5.0;31.0;10.0;10.0;10.0;1.0;1.0;1.0;;;;1.0;1.0;2.0;4.0;2.0;1.0;2026-01-30 23:00:00+00:00
44.86;-0.451;-00.451_44.860;33.0;33.0;Ouest Entre-deux-Mers;ENTRE2MERS;POMPIGNAC;2026-02-01;5.0;32.0;5.0;5.0;5.0;1.0;1.0;1.0;;;;1.0;1.0;1.0;2.0;2.0;1.0;2026-01-31 23:00:00+00:00
44.86;-0.451;-00.451_44.860;33.0;33.0;Ouest Entre-deux-Mers;ENTRE2MERS;POMPIGNAC;2026-02-02;6.0;33.0;5.6;5.6;5.6;1.0;1.0;1.0;;;;2.0;1.0;4.0;2.0;2.0;1.0;2026-02-01 23:00:00+00:00
44.86;-0.451;-00.451_44.860;33.0;33.0;Ouest Entre-deux-Mers;ENTRE2MERS;POMPIGNAC;2026-02-03;6.0;34.0;8.5;8.5;8.5;1.0;1.0;1.0;;;;2.0;2.0;2.0;1.0;3.0;3.0;2026-02-02 23:00:00+00:00
44.86;-0.451;-00.451_44.860;33.0;33.0;Ouest Entre-deux-Mers;ENTRE2MERS;POMPIGNAC;2026-02-04;6.0;35.0;6.7;6.7;6.7;1.0;1.0;1.0;;;;3.0;2.0;1.0;2.0;1.0;1.0;2026-02-03 23:00:00+00:00
44.86;-0.451;-00.451_44.860;33.0;33.0;Ouest Entre-deux-Mers;ENTRE2MERS;POMPIGNAC;2026-02-05;6.0;36.0;9.4;9.4;9.4;1.0;1.0;1.0;;;;2.0;4.0;3.0;1.0;2.0;1.0;2026-02-04 23:00:00+00:00
44.86;-0.451;-00.451_44.860;33.0;33.0;Ouest Entre-deux-Mers;ENTRE2MERS;POMPIGNAC;2026-02-06;6.0;37.0;2.5;2.5;2.5;1.0;1.0;1.0;;;;4.0;2.0;1.0;1.0;1.0;2.0;2026-02-05 23:00:00+00:00
44.86;-0.451;-00.451_44.860;33.0;33.0;Ouest Entre-deux-Mers;ENTRE2MERS;POMPIGNAC;2026-02-07;6.0;38.0;0.7999999999999999;0.7999999999999999;0.7999999999999999;1.0;1.0;1.0;;;;1.0;1.0;1.0;1.0;2.0;1.0;2026-02-06 23:00:00+00:00
44.86;-0.451;-00.451_44.860;33.0;33.0;Ouest Entre-deux-Mers;ENTRE2MERS;POMPIGNAC;2026-02-08;6.0;39.0;0.0;0.0;0.0;1.0;1.0;1.0;;;;1.0;3.0;3.0;3.0;3.0;1.0;2026-02-07 23:00:00+00:00
44.86;-0.451;-00.451_44.860;33.0;33.0;Ouest Entre-deux-Mers;ENTRE2MERS;POMPIGNAC;2026-02-09;7.0;40.0;4.0;4.0;4.0;1.0;1.0;1.0;;;;2.0;1.0;1.0;1.0;1.0;1.0;2026-02-08 23:00:00+00:00
44.86;-0.451;-00.451_44.860;33.0;33.0;Ouest Entre-deux-Mers;ENTRE2MERS;POMPIGNAC;2026-02-10;7.0;41.0;26.7;26.7;26.7;1.0;1.0;1.0;;;;2.0;1.0;1.0;2.0;1.0;1.0;2026-02-09 23:00:00+00:00
44.86;-0.451;-00.451_44.860;33.0;33.0;Ouest Entre-deux-Mers;ENTRE2MERS;POMPIGNAC;2026-02-11;7.0;42.0;12.8;12.8;12.8;1.0;1.0;1.0;;;;2.0;1.0;1.0;1.0;1.0;2.0;2026-02-10 23:00:00+00:00
44.86;-0.451;-00.451_44.860;33.0;33.0;Ouest Entre-deux-Mers;ENTRE2MERS;POMPIGNAC;2026-02-12;7.0;43.0;15.4;15.4;15.4;1.0;1.0;1.0;;;;2.0;1.0;2.0;1.0;3.0;4.0;2026-02-11 23:00:00+00:00
44.86;-0.451;-00.451_44.860;33.0;33.0;Ouest Entre-deux-Mers;ENTRE2MERS;POMPIGNAC;2026-02-13;7.0;44.0;4.9;4.9;4.9;1.0;1.0;1.0;;;;4.0;1.0;1.0;1.0;2.0;1.0;2026-02-12 23:00:00+00:00
44.86;-0.451;-00.451_44.860;33.0;33.0;Ouest Entre-deux-Mers;ENTRE2MERS;POMPIGNAC;2026-02-14;7.0;45.0;3.4;3.4;3.4;1.0;1.0;1.0;;;;4.0;3.0;1.0;3.0;2.0;2.0;2026-02-13 23:00:00+00:00
44.86;-0.451;-00.451_44.860;33.0;33.0;Ouest Entre-deux-Mers;ENTRE2MERS;POMPIGNAC;2026-02-15;7.0;46.0;20.1;20.1;20.1;1.0;1.0;1.0;;;;3.0;2.0;1.0;2.0;1.0;1.0;2026-02-14 23:00:00+00:00
44.86;-0.451;-00.451_44.860;33.0;33.0;Ouest Entre-deux-Mers;ENTRE2MERS;POMPIGNAC;2026-02-16;8.0;47.0;6.4;6.4;6.4;1.0;1.0;1.0;;;;1.0;4.0;2.0;1.0;2.0;3.0;2026-02-15 23:00:00+00:00
44.86;-0.451;-00.451_44.860;33.0;33.0;Ouest Entre-deux-Mers;ENTRE2MERS;POMPIGNAC;2026-02-17;8.0;48.0;0.7;0.7;0.7;1.0;1.0;1.0;;;;1.0;3.0;1.0;3.0;2.0;4.0;2026-02-16 23:00:00+00:00
44.86;-0.451;-00.451_44.860;33.0;33.0;Ouest Entre-deux-Mers;ENTRE2MERS;POMPIGNAC;2026-02-18;8.0;49.0;4.2;4.2;4.2;1.0;1.0;1.0;;;;1.0;2.0;2.0;2.0;1.0;1.0;2026-02-17 23:00:00+00:00
44.86;-0.451;-00.451_44.860;33.0;33.0;Ouest Entre-deux-Mers;ENTRE2MERS;POMPIGNAC;2026-02-19;8.0;50.0;12.4;12.4;12.4;1.0;1.0;1.0;;;;1.0;1.0;2.0;1.0;2.0;1.0;2026-02-18 23:00:00+00:00
44.86;-0.451;-00.451_44.860;33.0;33.0;Ouest Entre-deux-Mers;ENTRE2MERS;POMPIGNAC;2026-02-20;8.0;51.0;1.3;1.3;1.3;1.0;1.0;1.0;;;;2.0;1.0;1.0;1.0;1.0;1.0;2026-02-19 23:00:00+00:00
44.86;-0.451;-00.451_44.860;33.0;33.0;Ouest Entre-deux-Mers;ENTRE2MERS;POMPIGNAC;2026-02-21;8.0;52.0;0.0;0.0;0.0;1.0;1.0;1.0;;;;1.0;2.0;1.0;1.0;1.0;2.0;2026-02-20 23:00:00+00:00
44.86;-0.451;-00.451_44.860;33.0;33.0;Ouest Entre-deux-Mers;ENTRE2MERS;POMPIGNAC;2026-02-22;8.0;53.0;0.0;0.0;0.0;1.0;1.0;1.0;;;;1.0;1.0;2.0;3.0;3.0;1.0;2026-02-21 23:00:00+00:00
44.86;-0.451;-00.451_44.860;33.0;33.0;Ouest Entre-deux-Mers;ENTRE2MERS;POMPIGNAC;2026-02-23;9.0;54.0;0.0;0.0;0.0;1.0;1.0;1.0;;;;2.0;1.0;1.0;1.0;2.0;1.0;2026-02-22 23:00:00+00:00
44.86;-0.451;-00.451_44.860;33.0;33.0;Ouest Entre-deux-Mers;ENTRE2MERS;POMPIGNAC;2026-02-24;9.0;55.0;0.0;0.0;0.0;1.0;1.0;1.0;;;;1.0;2.0;1.0;3.0;1.0;1.0;2026-02-23 23:00:00+00:00
44.86;-0.451;-00.451_44.860;33.0;33.0;Ouest Entre-deux-Mers;ENTRE2MERS;POMPIGNAC;2026-02-25;9.0;56.0;0.0;0.0;0.0;1.0;1.0;1.0;;;;1.0;2.0;2.0;2.0;2.0;2.0;2026-02-24 23:00:00+00:00
44.86;-0.451;-00.451_44.860;33.0;33.0;Ouest Entre-deux-Mers;ENTRE2MERS;POMPIGNAC;2026-02-26;9.0;57.0;0.0;0.0;0.0;1.0;1.0;1.0;;;;3.0;1.0;1.0;3.0;2.0;1.0;2026-02-25 23:00:00+00:00
44.86;-0.451;-00.451_44.860;33.0;33.0;Ouest Entre-deux-Mers;ENTRE2MERS;POMPIGNAC;2026-02-27;9.0;58.0;0.0;0.0;0.0;1.0;1.0;1.0;;;;1.0;1.0;1.0;2.0;4.0;2.0;2026-02-26 23:00:00+00:00
44.86;-0.451;-00.451_44.860;33.0;33.0;Ouest Entre-deux-Mers;ENTRE2MERS;POMPIGNAC;2026-02-28;9.0;59.0;0.9;0.9;0.9;1.0;1.0;1.0;;;;1.0;2.0;2.0;1.0;3.0;1.0;2026-02-27 23:00:00+00:00
44.86;-0.451;-00.451_44.860;33.0;33.0;Ouest Entre-deux-Mers;ENTRE2MERS;POMPIGNAC;2026-03-01;9.0;60.0;0.0;0.0;0.0;1.0;1.0;1.0;;;;2.0;2.0;1.0;3.0;1.0;1.0;2026-02-28 23:00:00+00:00
44.86;-0.451;-00.451_44.860;33.0;33.0;Ouest Entre-deux-Mers;ENTRE2MERS;POMPIGNAC;2026-03-02;10.0;61.0;0.0;0.0;0.0;1.0;1.0;1.0;;;;2.0;2.0;1.0;1.0;1.0;1.0;2026-03-01 23:00:00+00:00
44.86;-0.451;-00.451_44.860;33.0;33.0;Ouest Entre-deux-Mers;ENTRE2MERS;POMPIGNAC;2026-03-03;10.0;62.0;0.0;0.0;0.0;1.0;1.0;1.0;;;;2.0;2.0;2.0;1.0;1.0;2.0;2026-03-02 23:00:00+00:00
44.86;-0.451;-00.451_44.860;33.0;33.0;Ouest Entre-deux-Mers;ENTRE2MERS;POMPIGNAC;2026-03-04;10.0;63.0;0.0;0.0;0.0;1.0;1.0;1.0;;;;1.0;2.0;1.0;4.0;4.0;3.0;2026-03-03 23:00:00+00:00
44.86;-0.451;-00.451_44.860;33.0;33.0;Ouest Entre-deux-Mers;ENTRE2MERS;POMPIGNAC;2026-03-05;10.0;64.0;1.7000000000000002;1.7000000000000002;1.7000000000000002;1.0;1.0;1.0;;;;1.0;2.0;1.0;1.0;1.0;1.0;2026-03-04 23:00:00+00:00
44.86;-0.451;-00.451_44.860;33.0;33.0;Ouest Entre-deux-Mers;ENTRE2MERS;POMPIGNAC;2026-03-06;10.0;65.0;0.6;0.6;0.6;1.0;1.0;1.0;;;;3.0;2.0;1.0;2.0;2.0;2.0;2026-03-05 23:00:00+00:00
44.86;-0.451;-00.451_44.860;33.0;33.0;Ouest Entre-deux-Mers;ENTRE2MERS;POMPIGNAC;2026-03-07;10.0;66.0;0.0;0.0;0.0;1.0;1.0;1.0;;;;2.0;1.0;1.0;3.0;2.0;1.0;2026-03-06 23:00:00+00:00
44.86;-0.451;-00.451_44.860;33.0;33.0;Ouest Entre-deux-Mers;ENTRE2MERS;POMPIGNAC;2026-03-08;10.0;67.0;0.0;0.0;0.0;1.0;1.0;1.0;;;;2.0;1.0;1.0;1.0;2.0;1.0;2026-03-07 23:00:00+00:00
44.86;-0.451;-00.451_44.860;33.0;33.0;Ouest Entre-deux-Mers;ENTRE2MERS;POMPIGNAC;2026-03-09;11.0;68.0;0.0;0.0;0.0;1.0;1.0;1.0;;;;1.0;1.0;3.0;3.0;2.0;4.0;2026-03-08 23:00:00+00:00
44.86;-0.451;-00.451_44.860;33.0;33.0;Ouest Entre-deux-Mers;ENTRE2MERS;POMPIGNAC;2026-03-10;11.0;69.0;2.9;2.9;2.9;1.0;1.0;1.0;;;;2.0;3.0;1.0;3.0;1.0;3.0;2026-03-09 23:00:00+00:00
44.86;-0.451;-00.451_44.860;33.0;33.0;Ouest Entre-deux-Mers;ENTRE2MERS;POMPIGNAC;2026-03-11;11.0;70.0;6.5;6.5;6.5;1.0;1.0;1.0;;;;1.0;3.0;2.0;2.0;1.0;1.0;2026-03-10 23:00:00+00:00
44.86;-0.451;-00.451_44.860;33.0;33.0;Ouest Entre-deux-Mers;ENTRE2MERS;POMPIGNAC;2026-03-12;11.0;71.0;0.0;0.0;0.0;1.0;1.0;1.0;;;;3.0;2.0;1.0;1.0;3.0;2.0;2026-03-11 23:00:00+00:00
44.86;-0.451;-00.451_44.860;33.0;33.0;Ouest Entre-deux-Mers;ENTRE2MERS;POMPIGNAC;2026-03-13;11.0;72.0;10.7;10.7;10.7;1.0;1.0;1.0;;;;1.0;1.0;2.0;3.0;4.0;3.0;2026-03-12 23:00:00+00:00
44.86;-0.451;-00.451_44.860;33.0;33.0;Ouest Entre-deux-Mers;ENTRE2MERS;POMPIGNAC;2026-03-14;11.0;73.0;4.4;4.4;4.4;1.0;1.0;1.0;;;;2.0;3.0;1.0;2.0;2.0;1.0;2026-03-13 23:00:00+00:00
44.86;-0.451;-00.451_44.860;33.0;33.0;Ouest Entre-deux-Mers;ENTRE2MERS;POMPIGNAC;2026-03-15;11.0;74.0;0.0;0.0;0.0;1.0;1.0;1.0;;;;1.0;1.0;1.0;1.0;1.0;2.0;2026-03-14 23:00:00+00:00
44.86;-0.451;-00.451_44.860;33.0;33.0;Ouest Entre-deux-Mers;ENTRE2MERS;POMPIGNAC;2026-03-16;12.0;75.0;0.2;0.2;0.2;1.0;1.0;1.0;;;;2.0;2.0;1.0;1.0;1.0;3.0;2026-03-15 23:00:00+00:00
44.86;-0.451;-00.451_44.860;33.0;33.0;Ouest Entre-deux-Mers;ENTRE2MERS;POMPIGNAC;2026-03-17;12.0;76.0;0.0;0.0;0.0;1.0;1.0;1.0;;;;1.0;2.0;1.0;1.0;3.0;3.0;2026-03-16 23:00:00+00:00
44.86;-0.451;-00.451_44.860;33.0;33.0;Ouest Entre-deux-Mers;ENTRE2MERS;POMPIGNAC;2026-03-18;12.0;77.0;0.0;0.0;0.0;1.0;1.0;1.0;;;;1.0;1.0;1.0;4.0;1.0;2.0;2026-03-17 23:00:00+00:00
44.86;-0.451;-00.451_44.860;33.0;33.0;Ouest Entre-deux-Mers;ENTRE2MERS;POMPIGNAC;2026-03-19;12.0;78.0;0.0;0.0;0.0;1.0;1.0;1.0;;;;1.0;1.0;1.0;1.0;3.0;2.0;2026-03-18 23:00:00+00:00
44.86;-0.451;-00.451_44.860;33.0;33.0;Ouest Entre-deux-Mers;ENTRE2MERS;POMPIGNAC;2026-03-20;12.0;79.0;0.0;0.0;0.0;1.0;1.0;1.0;;;;2.0;1.0;1.0;1.0;1.0;1.0;2026-03-19 23:00:00+00:00
44.86;-0.451;-00.451_44.860;33.0;33.0;Ouest Entre-deux-Mers;ENTRE2MERS;POMPIGNAC;2026-03-21;12.0;80.0;0.0;0.0;0.0;1.0;1.0;1.0;;;;1.0;1.0;3.0;1.0;1.0;1.0;2026-03-20 23:00:00+00:00
44.86;-0.451;-00.451_44.860;33.0;33.0;Ouest Entre-deux-Mers;ENTRE2MERS;POMPIGNAC;2026-03-22;12.0;81.0;0.0;0.0;0.0;1.0;1.0;1.0;;;;1.0;3.0;2.0;1.0;1.0;1.0;2026-03-21 23:00:00+00:00
44.86;-0.451;-00.451_44.860;33.0;33.0;Ouest Entre-deux-Mers;ENTRE2MERS;POMPIGNAC;2026-03-23;13.0;82.0;0.0;0.0;0.0;1.0;1.0;1.0;;;;1.0;1.0;1.0;1.0;2.0;1.0;2026-03-22 23:00:00+00:00
44.86;-0.451;-00.451_44.860;33.0;33.0;Ouest Entre-deux-Mers;ENTRE2MERS;POMPIGNAC;2026-03-24;13.0;83.0;0.0;0.0;0.0;1.0;1.0;1.0;;;;1.0;2.0;1.0;1.0;1.0;2.0;2026-03-23 23:00:00+00:00
44.86;-0.451;-00.451_44.860;33.0;33.0;Ouest Entre-deux-Mers;ENTRE2MERS;POMPIGNAC;2026-03-25;13.0;84.0;0.1;0.1;0.1;1.0;1.0;1.0;;;;2.0;1.0;1.0;1.0;4.0;1.0;2026-03-24 23:00:00+00:00
44.86;-0.451;-00.451_44.860;33.0;33.0;Ouest Entre-deux-Mers;ENTRE2MERS;POMPIGNAC;2026-03-26;13.0;85.0;0.0;0.0;0.0;1.0;1.0;1.0;;;;1.0;1.0;1.0;2.0;1.0;1.0;2026-03-25 23:00:00+00:00
44.86;-0.451;-00.451_44.860;33.0;33.0;Ouest Entre-deux-Mers;ENTRE2MERS;POMPIGNAC;2026-03-27;13.0;86.0;0.0;0.0;0.0;1.0;1.0;1.0;;;;1.0;1.0;2.0;1.0;2.0;1.0;2026-03-26 23:00:00+00:00
44.86;-0.451;-00.451_44.860;33.0;33.0;Ouest Entre-deux-Mers;ENTRE2MERS;POMPIGNAC;2026-03-28;13.0;87.0;1.1;1.1;1.1;1.0;1.0;1.0;;;;3.0;1.0;1.0;3.0;2.0;3.0;2026-03-27 23:00:00+00:00
44.86;-0.451;-00.451_44.860;33.0;33.0;Ouest Entre-deux-Mers;ENTRE2MERS;POMPIGNAC;2026-03-29;13.0;88.0;0.0;0.0;0.0;1.0;1.0;1.0;;;;2.0;2.0;4.0;1.0;1.0;2.0;2026-03-28 23:00:00+00:00
44.86;-0.451;-00.451_44.860;33.0;33.0;Ouest Entre-deux-Mers;ENTRE2MERS;POMPIGNAC;2026-03-30;14.0;89.0;1.2;1.2;1.2;1.0;1.0;1.0;;;;1.0;1.0;1.0;1.0;1.0;1.0;2026-03-29 22:00:00+00:00
44.86;-0.451;-00.451_44.860;33.0;33.0;Ouest Entre-deux-Mers;ENTRE2MERS;POMPIGNAC;2026-03-31;14.0;90.0;0.0;0.0;0.0;1.0;1.0;1.0;3.0;3.0;3.0;1.0;1.0;1.0;3.0;2.0;2.0;2026-03-30 22:00:00+00:00
44.86;-0.451;-00.451_44.860;33.0;33.0;Ouest Entre-deux-Mers;ENTRE2MERS;POMPIGNAC;2026-04-01;14.0;91.0;0.0;0.0;0.0;1.0;1.0;1.0;3.0;3.0;3.0;1.0;2.0;2.0;1.0;2.0;1.0;2026-03-31 22:00:00+00:00
44.86;-0.451;-00.451_44.860;33.0;33.0;Ouest Entre-deux-Mers;ENTRE2MERS;POMPIGNAC;2026-04-02;14.0;92.0;0.0;0.0;0.0;1.0;1.0;1.0;3.0;3.0;3.0;1.0;2.0;2.0;4.0;2.0;2.0;2026-04-01 22:00:00+00:00
44.86;-0.451;-00.451_44.860;33.0;33.0;Ouest Entre-deux-Mers;ENTRE2MERS;POMPIGNAC;2026-04-03;14.0;93.0;0.3;0.3;0.3;1.0;1.0;1.0;3.0;3.0;3.0;1.0;4.0;1.0;1.0;1.0;2.0;2026-04-02 22:00:00+00:00
44.86;-0.451;-00.451_44.860;33.0;33.0;Ouest Entre-deux-Mers;ENTRE2MERS;POMPIGNAC;2026-04-04;14.0;94.0;0.0;0.0;0.0;1.0;1.0;1.0;3.0;3.0;3.0;2.0;2.0;1.0;2.0;2.0;1.0;2026-04-03 22:00:00+00:00
44.86;-0.451;-00.451_44.860;33.0;33.0;Ouest Entre-deux-Mers;ENTRE2MERS;POMPIGNAC;2026-04-05;14.0;95.0;0.0;0.0;0.0;1.0;1.0;1.0;3.0;3.0;3.0;1.0;1.0;2.0;2.0;1.0;1.0;2026-04-04 22:00:00+00:00
44.86;-0.451;-00.451_44.860;33.0;33.0;Ouest Entre-deux-Mers;ENTRE2MERS;POMPIGNAC;2026-04-06;15.0;96.0;0.0;0.0;0.0;1.0;1.0;1.0;3.0;3.0;3.0;3.0;3.0;2.0;1.0;2.0;2.0;2026-04-05 22:00:00+00:00
44.86;-0.451;-00.451_44.860;33.0;33.0;Ouest Entre-deux-Mers;ENTRE2MERS;POMPIGNAC;2026-04-07;15.0;97.0;0.0;0.0;0.0;1.0;1.0;1.0;2.0;2.0;2.0;2.0;1.0;2.0;3.0;2.0;1.0;2026-04-06 22:00:00+00:00
44.86;-0.451;-00.451_44.860;33.0;33.0;Ouest Entre-deux-Mers;ENTRE2MERS;POMPIGNAC;2026-04-08;15.0;98.0;0.0;0.0;0.0;1.0;1.0;1.0;2.0;2.0;2.0;2.0;2.0;2.0;1.0;1.0;1.0;2026-04-07 22:00:00+00:00
44.86;-0.451;-00.451_44.860;33.0;33.0;Ouest Entre-deux-Mers;ENTRE2MERS;POMPIGNAC;2026-04-09;15.0;99.0;0.0;0.0;0.0;1.0;1.0;1.0;2.0;2.0;2.0;1.0;1.0;2.0;3.0;1.0;3.0;2026-04-08 22:00:00+00:00
44.86;-0.451;-00.451_44.860;33.0;33.0;Ouest Entre-deux-Mers;ENTRE2MERS;POMPIGNAC;2026-04-10;15.0;100.0;0.0;0.0;0.0;1.0;1.0;1.0;2.0;2.0;2.0;2.0;1.0;1.0;2.0;1.0;2.0;2026-04-09 22:00:00+00:00
44.86;-0.451;-00.451_44.860;33.0;33.0;Ouest Entre-deux-Mers;ENTRE2MERS;POMPIGNAC;2026-04-11;15.0;101.0;5.5;5.5;5.5;1.0;1.0;1.0;2.0;2.0;2.0;1.0;1.0;3.0;1.0;1.0;1.0;2026-04-10 22:00:00+00:00
44.86;-0.451;-00.451_44.860;33.0;33.0;Ouest Entre-deux-Mers;ENTRE2MERS;POMPIGNAC;2026-04-12;15.0;102.0;0.0;0.0;0.0;1.0;1.0;1.0;;2.0;;2.0;2.0;2.0;2.0;2.0;1.0;2026-04-11 22:00:00+00:00
44.86;-0.451;-00.451_44.860;33.0;33.0;Ouest Entre-deux-Mers;ENTRE2MERS;POMPIGNAC;2026-04-13;16.0;103.0;1.3;1.3;1.3;1.0;1.0;1.0;;2.0;;2.0;1.0;1.0;1.0;2.0;1.0;2026-04-12 22:00:00+00:00
44.86;-0.451;-00.451_44.860;33.0;33.0;Ouest Entre-deux-Mers;ENTRE2MERS;POMPIGNAC;2026-04-14;16.0;104.0;0.0;0.0;0.0;1.0;1.0;1.0;;2.0;;1.0;2.0;3.0;1.0;1.0;1.0;2026-04-13 22:00:00+00:00
44.86;-0.451;-00.451_44.860;33.0;33.0;Ouest Entre-deux-Mers;ENTRE2MERS;POMPIGNAC;2026-04-15;16.0;105.0;0.0;0.0;0.0;1.0;1.0;1.0;;2.0;;1.0;1.0;1.0;2.0;1.0;2.0;2026-04-14 22:00:00+00:00
44.86;-0.451;-00.451_44.860;33.0;33.0;Ouest Entre-deux-Mers;ENTRE2MERS;POMPIGNAC;2026-04-16;16.0;106.0;0.0;0.0;0.0;1.0;1.0;1.0;;2.0;;1.0;1.0;2.0;2.0;1.0;2.0;2026-04-15 22:00:00+00:00
44.86;-0.451;-00.451_44.860;33.0;33.0;Ouest Entre-deux-Mers;ENTRE2MERS;POMPIGNAC;2026-04-17;16.0;107.0;0.0;0.0;0.0;1.0;1.0;1.0;;2.0;;2.0;2.0;2.0;2.0;1.0;4.0;2026-04-16 22:00:00+00:00
44.86;-0.451;-00.451_44.860;33.0;33.0;Ouest Entre-deux-Mers;ENTRE2MERS;POMPIGNAC;2026-04-18;16.0;108.0;0.0;0.0;0.0;1.0;1.0;1.0;;2.0;;1.0;1.0;1.0;2.0;4.0;2.0;2026-04-17 22:00:00+00:00
44.86;-0.451;-00.451_44.860;33.0;33.0;Ouest Entre-deux-Mers;ENTRE2MERS;POMPIGNAC;2026-04-19;16.0;109.0;0.0;0.0;0.0;1.0;1.0;1.0;;2.0;;3.0;2.0;2.0;1.0;2.0;3.0;2026-04-18 22:00:00+00:00
44.86;-0.451;-00.451_44.860;33.0;33.0;Ouest Entre-deux-Mers;ENTRE2MERS;POMPIGNAC;2026-04-20;17.0;110.0;0.0;0.0;0.0;1.0;1.0;1.0;;2.0;;3.0;2.0;2.0;1.0;3.0;2.0;2026-04-19 22:00:00+00:00
44.86;-0.451;-00.451_44.860;33.0;33.0;Ouest Entre-deux-Mers;ENTRE2MERS;POMPIGNAC;2026-04-21;17.0;111.0;0.0;0.0;0.0;1.0;1.0;1.0;;2.0;;1.0;2.0;2.0;1.0;2.0;1.0;2026-04-20 22:00:00+00:00
44.86;-0.451;-00.451_44.860;33.0;33.0;Ouest Entre-deux-Mers;ENTRE2MERS;POMPIGNAC;2026-04-22;17.0;112.0;0.2;0.2;0.2;1.0;1.0;1.0;;2.0;;4.0;2.0;1.0;1.0;3.0;2.0;2026-04-21 22:00:00+00:00
44.86;-0.451;-00.451_44.860;33.0;33.0;Ouest Entre-deux-Mers;ENTRE2MERS;POMPIGNAC;2026-04-23;17.0;113.0;0.0;0.0;0.0;1.0;1.0;1.0;;2.0;;3.0;1.0;1.0;3.0;1.0;2.0;2026-04-22 22:00:00+00:00
44.86;-0.451;-00.451_44.860;33.0;33.0;Ouest Entre-deux-Mers;ENTRE2MERS;POMPIGNAC;2026-04-24;17.0;114.0;0.0;0.0;0.0;1.0;1.0;1.0;;2.0;;1.0;1.0;2.0;2.0;1.0;1.0;2026-04-23 22:00:00+00:00
44.86;-0.451;-00.451_44.860;33.0;33.0;Ouest Entre-deux-Mers;ENTRE2MERS;POMPIGNAC;2026-04-25;17.0;115.0;0.0;0.0;0.0;1.0;1.0;1.0;;2.0;;4.0;1.0;2.0;1.0;1.0;1.0;2026-04-24 22:00:00+00:00
44.86;-0.451;-00.451_44.860;33.0;33.0;Ouest Entre-deux-Mers;ENTRE2MERS;POMPIGNAC;2026-04-26;17.0;116.0;0.0;0.0;0.0;1.0;1.0;1.0;;2.0;;1.0;2.0;1.0;1.0;3.0;2.0;2026-04-25 22:00:00+00:00
44.86;-0.451;-00.451_44.860;33.0;33.0;Ouest Entre-deux-Mers;ENTRE2MERS;POMPIGNAC;2026-04-27;18.0;117.0;0.0;0.0;0.0;1.0;1.0;1.0;;2.0;;1.0;1.0;1.0;1.0;3.0;2.0;2026-04-26 22:00:00+00:00
44.86;-0.451;-00.451_44.860;33.0;33.0;Ouest Entre-deux-Mers;ENTRE2MERS;POMPIGNAC;2026-04-28;18.0;118.0;0.0;0.0;0.0;1.0;1.0;1.0;;2.0;;3.0;2.0;4.0;1.0;2.0;4.0;2026-04-27 22:00:00+00:00
44.86;-0.451;-00.451_44.860;33.0;33.0;Ouest Entre-deux-Mers;ENTRE2MERS;POMPIGNAC;2026-04-29;18.0;119.0;1.6;1.6;1.6;1.0;1.0;1.0;;2.0;;4.0;2.0;1.0;1.0;1.0;1.0;2026-04-28 22:00:00+00:00
44.86;-0.451;-00.451_44.860;33.0;33.0;Ouest Entre-deux-Mers;ENTRE2MERS;POMPIGNAC;2026-04-30;18.0;120.0;1.5;1.5;1.5;1.0;1.0;1.0;;2.0;;2.0;2.0;3.0;1.0;3.0;1.0;2026-04-29 22:00:00+00:00
44.86;-0.451;-00.451_44.860;33.0;33.0;Ouest Entre-deux-Mers;ENTRE2MERS;POMPIGNAC;2026-05-01;18.0;121.0;0.0;0.0;0.0;1.0;1.0;1.0;;2.0;;1.0;1.0;2.0;4.0;1.0;2.0;2026-04-30 22:00:00+00:00
44.86;-0.451;-00.451_44.860;33.0;33.0;Ouest Entre-deux-Mers;ENTRE2MERS;POMPIGNAC;2026-05-02;18.0;122.0;9.2;9.2;9.2;1.0;1.0;1.0;;2.0;;3.0;3.0;3.0;1.0;1.0;1.0;2026-05-01 22:00:00+00:00
44.86;-0.451;-00.451_44.860;33.0;33.0;Ouest Entre-deux-Mers;ENTRE2MERS;POMPIGNAC;2026-05-03;18.0;123.0;13.6;13.6;13.6;1.0;1.0;1.0;;2.0;;2.0;1.0;1.0;1.0;1.0;4.0;2026-05-02 22:00:00+00:00
44.86;-0.451;-00.451_44.860;33.0;33.0;Ouest Entre-deux-Mers;ENTRE2MERS;POMPIGNAC;2026-05-04;19.0;124.0;15.2;15.2;15.2;1.0;1.0;1.0;;2.0;;1.0;1.0;2.0;2.0;2.0;1.0;2026-05-03 22:00:00+00:00
44.86;-0.451;-00.451_44.860;33.0;33.0;Ouest Entre-deux-Mers;ENTRE2MERS;POMPIGNAC;2026-05-05;19.0;125.0;6.4;6.4;6.4;1.0;1.0;1.0;;2.0;;1.0;1.0;1.0;2.0;3.0;2.0;2026-05-04 22:00:00+00:00
44.86;-0.451;-00.451_44.860;33.0;33.0;Ouest Entre-deux-Mers;ENTRE2MERS;POMPIGNAC;2026-05-06;19.0;126.0;4.1;4.1;4.1;1.0;1.0;1.0;;2.0;;1.0;3.0;1.0;1.0;1.0;1.0;2026-05-05 22:00:00+00:00
44.86;-0.451;-00.451_44.860;33.0;33.0;Ouest Entre-deux-Mers;ENTRE2MERS;POMPIGNAC;2026-05-07;19.0;127.0;0.0;0.0;0.0;1.0;1.0;1.0;;2.0;;1.0;2.0;2.0;1.0;1.0;2.0;2026-05-06 22:00:00+00:00
44.86;-0.451;-00.451_44.860;33.0;33.0;Ouest Entre-deux-Mers;ENTRE2MERS;POMPIGNAC;2026-05-08;19.0;128.0;0.0;0.0;0.0;1.0;1.0;1.0;;2.0;;1.0;2.0;2.0;1.0;1.0;1.0;2026-05-07 22:00:00+00:00
44.86;-0.451;-00.451_44.860;33.0;33.0;Ouest Entre-deux-Mers;ENTRE2MERS;POMPIGNAC;2026-05-09;19.0;129.0;0.0;0.0;0.0;1.0;1.0;1.0;;2.0;;1.0;2.0;2.0;1.0;1.0;2.0;2026-05-08 22:00:00+00:00
44.86;-0.451;-00.451_44.860;33.0;33.0;Ouest Entre-deux-Mers;ENTRE2MERS;POMPIGNAC;2026-05-10;19.0;130.0;0.0;0.0;0.0;1.0;1.0;1.0;;2.0;;2.0;1.0;1.0;1.0;1.0;1.0;2026-05-09 22:00:00+00:00
44.86;-0.451;-00.451_44.860;33.0;33.0;Ouest Entre-deux-Mers;ENTRE2MERS;POMPIGNAC;2026-05-11;20.0;131.0;0.0;0.0;0.0;1.0;1.0;1.0;;2.0;;2.0;2.0;1.0;1.0;1.0;2.0;2026-05-10 22:00:00+00:00
44.86;-0.451;-00.451_44.860;33.0;33.0;Ouest Entre-deux-Mers;ENTRE2MERS;POMPIGNAC;2026-05-12;20.0;132.0;0.0;0.0;0.0;1.0;1.0;1.0;;2.0;;1.0;1.0;3.0;1.0;2.0;2.0;2026-05-11 22:00:00+00:00
44.86;-0.451;-00.451_44.860;33.0;33.0;Ouest Entre-deux-Mers;ENTRE2MERS;POMPIGNAC;2026-05-13;20.0;133.0;0.0;0.0;0.0;1.0;1.0;1.0;;2.0;;2.0;1.0;1.0;1.0;2.0;2.0;2026-05-12 22:00:00+00:00
44.86;-0.451;-00.451_44.860;33.0;33.0;Ouest Entre-deux-Mers;ENTRE2MERS;POMPIGNAC;2026-05-14;20.0;134.0;13.6;13.6;13.6;1.0;1.0;1.0;;2.0;;1.0;1.0;1.0;1.0;2.0;1.0;2026-05-13 22:00:00+00:00
44.86;-0.451;-00.451_44.860;33.0;33.0;Ouest Entre-deux-Mers;ENTRE2MERS;POMPIGNAC;2026-05-15;20.0;135.0;1.1;1.1;1.1;1.0;1.0;1.0;;2.0;;2.0;2.0;1.0;2.0;1.0;1.0;2026-05-14 22:00:00+00:00
44.86;-0.451;-00.451_44.860;33.0;33.0;Ouest Entre-deux-Mers;ENTRE2MERS;POMPIGNAC;2026-05-16;20.0;136.0;2.7;2.7;2.7;1.0;1.0;1.0;;2.0;;3.0;3.0;3.0;3.0;1.0;1.0;2026-05-15 22:00:00+00:00
44.86;-0.451;-00.451_44.860;33.0;33.0;Ouest Entre-deux-Mers;ENTRE2MERS;POMPIGNAC;2026-05-17;20.0;137.0;15.2;15.2;15.2;1.0;1.0;1.0;;3.0;;2.0;1.0;3.0;1.0;3.0;1.0;2026-05-16 22:00:00+00:00
44.86;-0.451;-00.451_44.860;33.0;33.0;Ouest Entre-deux-Mers;ENTRE2MERS;POMPIGNAC;2026-05-18;21.0;138.0;0.3;0.3;0.3;1.0;1.0;1.0;;4.0;;1.0;1.0;1.0;1.0;1.0;1.0;2026-05-17 22:00:00+00:00
44.86;-0.451;-00.451_44.860;33.0;33.0;Ouest Entre-deux-Mers;ENTRE2MERS;POMPIGNAC;2026-05-19;21.0;139.0;0.5;0.5;0.5;1.0;1.0;1.0;;4.0;;1.0;1.0;1.0;1.0;1.0;3.0;2026-05-18 22:00:00+00:00
44.86;-0.451;-00.451_44.860;33.0;33.0;Ouest Entre-deux-Mers;ENTRE2MERS;POMPIGNAC;2026-05-20;21.0;140.0;0.2;0.2;0.2;1.0;1.0;1.0;;4.0;;2.0;2.0;2.0;3.0;2.0;1.0;2026-05-19 22:00:00+00:00
44.86;-0.451;-00.451_44.860;33.0;33.0;Ouest Entre-deux-Mers;ENTRE2MERS;POMPIGNAC;2026-05-21;21.0;141.0;0.0;0.0;0.0;1.0;1.0;1.0;;4.0;;1.0;4.0;2.0;1.0;1.0;1.0;2026-05-20 22:00:00+00:00
44.86;-0.451;-00.451_44.860;33.0;33.0;Ouest Entre-deux-Mers;ENTRE2MERS;POMPIGNAC;2026-05-22;21.0;142.0;0.0;0.0;0.0;1.0;1.0;1.0;;4.0;;2.0;2.0;3.0;3.0;1.0;1.0;2026-05-21 22:00:00+00:00
44.86;-0.451;-00.451_44.860;33.0;33.0;Ouest Entre-deux-Mers;ENTRE2MERS;POMPIGNAC;2026-05-23;21.0;143.0;0.0;0.0;0.0;1.0;1.0;1.0;;4.0;;1.0;1.0;2.0;1.0;1.0;2.0;2026-05-22 22:00:00+00:00
44.86;-0.451;-00.451_44.860;33.0;33.0;Ouest Entre-deux-Mers;ENTRE2MERS;POMPIGNAC;2026-05-24;21.0;144.0;0.0;0.0;0.0;1.0;1.0;1.0;;4.0;;1.0;2.0;1.0;2.0;1.0;2.0;2026-05-23 22:00:00+00:00
44.86;-0.451;-00.451_44.860;33.0;33.0;Ouest Entre-deux-Mers;ENTRE2MERS;POMPIGNAC;2026-05-25;22.0;145.0;0.0;0.0;0.0;1.0;1.0;1.0;;4.0;;2.0;2.0;1.0;2.0;2.0;1.0;2026-05-24 22:00:00+00:00
44.86;-0.451;-00.451_44.860;33.0;33.0;Ouest Entre-deux-Mers;ENTRE2MERS;POMPIGNAC;2026-05-26;22.0;146.0;0.0;0.0;0.0;1.0;1.0;1.0;;4.0;;1.0;3.0;2.0;3.0;1.0;3.0;2026-05-25 22:00:00+00:00
44.86;-0.451;-00.451_44.860;33.0;33.0;Ouest Entre-deux-Mers;ENTRE2MERS;POMPIGNAC;2026-05-27;22.0;147.0;0.0;0.0;0.0;1.0;1.0;1.0;;4.0;;2.0;3.0;2.0;1.0;1.0;1.0;2026-05-26 22:00:00+00:00
44.86;-0.451;-00.451_44.860;33.0;33.0;Ouest Entre-deux-Mers;ENTRE2MERS;POMPIGNAC;2026-05-28;22.0;148.0;0.0;0.0;0.0;1.0;1.0;1.0;;4.0;;3.0;3.0;2.0;1.0;3.0;1.0;2026-05-27 22:00:00+00:00
44.86;-0.451;-00.451_44.860;33.0;33.0;Ouest Entre-deux-Mers;ENTRE2MERS;POMPIGNAC;2026-05-29;22.0;149.0;0.0;0.0;0.0;1.0;1.0;1.0;;4.0;;2.0;2.0;1.0;1.0;3.0;2.0;2026-05-28 22:00:00+00:00
44.86;-0.451;-00.451_44.860;33.0;33.0;Ouest Entre-deux-Mers;ENTRE2MERS;POMPIGNAC;2026-05-30;22.0;150.0;0.0;0.0;0.0;1.0;1.0;1.0;;4.0;;1.0;1.0;2.0;1.0;1.0;2.0;2026-05-29 22:00:00+00:00
44.86;-0.451;-00.451_44.860;33.0;33.0;Ouest Entre-deux-Mers;ENTRE2MERS;POMPIGNAC;2026-05-31;22.0;151.0;0.0;0.0;0.0;1.0;1.0;1.0;4.0;4.0;4.0;2.0;1.0;2.0;1.0;3.0;2.0;2026-05-30 22:00:00+00:00
44.86;-0.451;-00.451_44.860;33.0;33.0;Ouest Entre-deux-Mers;ENTRE2MERS;POMPIGNAC;2026-06-01;23.0;152.0;0.0;0.0;0.0;1.0;1.0;1.0;4.0;4.0;4.0;2.0;1.0;2.0;2.0;2.0;3.0;2026-05-31 22:00:00+00:00
44.86;-0.451;-00.451_44.860;33.0;33.0;Ouest Entre-deux-Mers;ENTRE2MERS;POMPIGNAC;2026-06-02;23.0;153.0;7.0;7.0;7.0;1.0;1.0;1.0;4.0;4.0;4.0;1.0;3.0;1.0;4.0;1.0;2.0;2026-06-01 22:00:00+00:00
44.86;-0.451;-00.451_44.860;33.0;33.0;Ouest Entre-deux-Mers;ENTRE2MERS;POMPIGNAC;2026-06-03;23.0;154.0;0.9;0.9;0.9;1.0;1.0;1.0;4.0;4.0;4.0;1.0;4.0;1.0;1.0;3.0;1.0;2026-06-02 22:00:00+00:00
44.86;-0.451;-00.451_44.860;33.0;33.0;Ouest Entre-deux-Mers;ENTRE2MERS;POMPIGNAC;2026-06-04;23.0;155.0;1.0;1.0;1.0;1.0;1.0;1.0;4.0;4.0;4.0;1.0;1.0;1.0;1.0;3.0;2.0;2026-06-03 22:00:00+00:00
44.86;-0.451;-00.451_44.860;33.0;33.0;Ouest Entre-deux-Mers;ENTRE2MERS;POMPIGNAC;2026-06-05;23.0;156.0;0.0;0.0;0.0;1.0;1.0;1.0;3.0;3.0;3.0;1.0;1.0;4.0;1.0;1.0;1.0;2026-06-04 22:00:00+00:00
44.86;-0.451;-00.451_44.860;33.0;33.0;Ouest Entre-deux-Mers;ENTRE2MERS;POMPIGNAC;2026-06-06;23.0;157.0;0.0;0.0;0.0;1.0;1.0;1.0;3.0;3.0;3.0;2.0;1.0;2.0;2.0;1.0;2.0;2026-06-05 22:00:00+00:00
44.86;-0.451;-00.451_44.860;33.0;33.0;Ouest Entre-deux-Mers;ENTRE2MERS;POMPIGNAC;2026-06-07;23.0;158.0;0.0;0.0;0.0;1.0;1.0;1.0;3.0;3.0;3.0;1.0;2.0;1.0;3.0;1.0;2.0;2026-06-06 22:00:00+00:00
44.86;-0.451;-00.451_44.860;33.0;33.0;Ouest Entre-deux-Mers;ENTRE2MERS;POMPIGNAC;2026-06-08;24.0;159.0;15.3;15.3;15.3;1.0;1.0;1.0;4.0;4.0;4.0;1.0;1.0;2.0;1.0;1.0;1.0;2026-06-07 22:00:00+00:00
44.86;-0.451;-00.451_44.860;33.0;33.0;Ouest Entre-deux-Mers;ENTRE2MERS;POMPIGNAC;2026-06-09;24.0;160.0;0.0;0.0;0.0;1.0;1.0;1.0;4.0;4.0;4.0;2.0;3.0;1.0;1.0;3.0;1.0;2026-06-08 22:00:00+00:00
44.86;-0.451;-00.451_44.860;33.0;33.0;Ouest Entre-deux-Mers;ENTRE2MERS;POMPIGNAC;2026-06-10;24.0;161.0;2.0;2.0;2.0;1.0;1.0;1.0;4.0;4.0;4.0;2.0;1.0;1.0;1.0;2.0;2.0;2026-06-09 22:00:00+00:00
44.86;-0.451;-00.451_44.860;33.0;33.0;Ouest Entre-deux-Mers;ENTRE2MERS;POMPIGNAC;2026-06-11;24.0;162.0;0.0;0.0;0.0;1.0;1.0;1.0;4.0;4.0;4.0;1.0;1.0;3.0;1.0;3.0;1.0;2026-06-10 22:00:00+00:00
44.86;-0.451;-00.451_44.860;33.0;33.0;Ouest Entre-deux-Mers;ENTRE2MERS;POMPIGNAC;2026-06-12;24.0;163.0;0.0;0.0;0.0;1.0;1.0;1.0;4.0;4.0;4.0;3.0;1.0;2.0;2.0;3.0;1.0;2026-06-11 22:00:00+00:00
44.86;-0.451;-00.451_44.860;33.0;33.0;Ouest Entre-deux-Mers;ENTRE2MERS;POMPIGNAC;2026-06-13;24.0;164.0;0.0;0.0;0.0;1.0;1.0;1.0;4.0;4.0;4.0;1.0;1.0;1.0;1.0;1.0;1.0;2026-06-12 22:00:00+00:00
44.86;-0.451;-00.451_44.860;33.0;33.0;Ouest Entre-deux-Mers;ENTRE2MERS;POMPIGNAC;2026-06-14;24.0;165.0;0.0;0.0;0.0;1.0;1.0;1.0;4.0;4.0;4.0;2.0;1.0;1.0;2.0;2.0;4.0;2026-06-13 22:00:00+00:00
44.86;-0.451;-00.451_44.860;33.0;33.0;Ouest Entre-deux-Mers;ENTRE2MERS;POMPIGNAC;2026-06-15;25.0;166.0;0.0;0.0;0.0;1.0;1.0;1.0;4.0;4.0;4.0;1.0;3.0;2.0;3.0;3.0;1.0;2026-06-14 22:00:00+00:00
44.86;-0.451;-00.451_44.860;33.0;33.0;Ouest Entre-deux-Mers;ENTRE2MERS;POMPIGNAC;2026-06-16;25.0;167.0;0.0;0.0;0.0;1.0;1.0;1.0;4.0;4.0;4.0;3.0;1.0;2.0;2.0;2.0;1.0;2026-06-15 22:00:00+00:00
44.86;-0.451;-00.451_44.860;33.0;33.0;Ouest Entre-deux-Mers;ENTRE2MERS;POMPIGNAC;2026-06-17;25.0;168.0;0.0;0.0;0.0;1.0;1.0;1.0;4.0;4.0;4.0;4.0;1.0;1.0;1.0;3.0;2.0;2026-06-16 22:00:00+00:00
44.86;-0.451;-00.451_44.860;33.0;33.0;Ouest Entre-deux-Mers;ENTRE2MERS;POMPIGNAC;2026-06-18;25.0;169.0;0.0;0.0;0.0;1.0;1.0;1.0;4.0;4.0;4.0;2.0;2.0;3.0;2.0;1.0;3.0;2026-06-17 22:00:00+00:00
44.86;-0.451;-00.451_44.860;33.0;33.0;Ouest Entre-deux-Mers;ENTRE2MERS;POMPIGNAC;2026-06-19;25.0;170.0;0.0;0.0;0.0;1.0;1.0;1.0;4.0;4.0;4.0;3.0;1.0;1.0;1.0;1.0;2.0;2026-06-18 22:00:00+00:00
44.86;-0.451;-00.451_44.860;33.0;33.0;Ouest Entre-deux-Mers;ENTRE2MERS;POMPIGNAC;2026-06-20;25.0;171.0;0.1;0.1;0.1;1.0;1.0;1.0;4.0;4.0;4.0;1.0;1.0;2.0;4.0;2.0;3.0;2026-06-19 22:00:00+00:00
44.86;-0.451;-00.451_44.860;33.0;33.0;Ouest Entre-deux-Mers;ENTRE2MERS;POMPIGNAC;2026-06-21;25.0;172.0;0.0;0.0;0.0;1.0;1.0;1.0;4.0;4.0;4.0;1.0;2.0;1.0;1.0;3.0;1.0;2026-06-20 22:00:00+00:00
44.86;-0.451;-00.451_44.860;33.0;33.0;Ouest Entre-deux-Mers;ENTRE2MERS;POMPIGNAC;2026-06-22;26.0;173.0;0.0;0.0;0.0;1.0;1.0;1.0;3.0;3.0;3.0;2.0;1.0;2.0;2.0;1.0;4.0;2026-06-21 22:00:00+00:00
44.86;-0.451;-00.451_44.860;33.0;33.0;Ouest Entre-deux-Mers;ENTRE2MERS;POMPIGNAC;2026-06-23;26.0;174.0;0.0;0.0;0.0;1.0;1.0;1.0;3.0;3.0;3.0;1.0;1.0;1.0;2.0;3.0;2.0;2026-06-22 22:00:00+00:00
44.86;-0.451;-00.451_44.860;33.0;33.0;Ouest Entre-deux-Mers;ENTRE2MERS;POMPIGNAC;2026-06-24;26.0;175.0;0.0;0.0;0.0;1.0;1.0;1.0;3.0;3.0;3.0;1.0;2.0;1.0;2.0;2.0;3.0;2026-06-23 22:00:00+00:00
44.86;-0.451;-00.451_44.860;33.0;33.0;Ouest Entre-deux-Mers;ENTRE2MERS;POMPIGNAC;2026-06-25;26.0;176.0;0.1;0.1;0.1;1.0;1.0;1.0;3.0;3.0;3.0;3.0;2.0;1.0;1.0;1.0;2.0;2026-06-24 22:00:00+00:00
44.86;-0.451;-00.451_44.860;33.0;33.0;Ouest Entre-deux-Mers;ENTRE2MERS;POMPIGNAC;2026-06-26;26.0;177.0;0.0;0.0;0.0;1.0;1.0;1.0;2.0;2.0;2.0;1.0;1.0;2.0;1.0;1.0;1.0;2026-06-25 22:00:00+00:00
44.86;-0.451;-00.451_44.860;33.0;33.0;Ouest Entre-deux-Mers;ENTRE2MERS;POMPIGNAC;2026-06-27;26.0;178.0;15.9;15.9;15.9;1.0;1.0;1.0;4.0;4.0;4.0;1.0;4.0;1.0;3.0;1.0;3.0;2026-06-26 22:00:00+00:00
44.86;-0.451;-00.451_44.860;33.0;33.0;Ouest Entre-deux-Mers;ENTRE2MERS;POMPIGNAC;2026-06-28;26.0;179.0;10.8;10.8;10.8;1.0;1.0;1.0;4.0;4.0;4.0;1.0;2.0;3.0;1.0;3.0;2.0;2026-06-27 22:00:00+00:00
44.86;-0.451;-00.451_44.860;33.0;33.0;Ouest Entre-deux-Mers;ENTRE2MERS;POMPIGNAC;2026-06-29;27.0;180.0;0.0;0.0;0.0;1.0;1.0;1.0;4.0;4.0;4.0;4.0;3.0;1.0;1.0;3.0;1.0;2026-06-28 22:00:00+00:00
44.86;-0.451;-00.451_44.860;33.0;33.0;Ouest Entre-deux-Mers;ENTRE2MERS;POMPIGNAC;2026-06-30;27.0;181.0;0.0;0.0;0.0;1.0;1.0;1.0;4.0;4.0;4.0;1.0;1.0;1.0;1.0;2.0;1.0;2026-06-29 22:00:00+00:00
44.86;-0.451;-00.451_44.860;33.0;33.0;Ouest Entre-deux-Mers;ENTRE2MERS;POMPIGNAC;2026-07-01;27.0;182.0;0.0;0.0;0.0;1.0;1.0;1.0;4.0;4.0;4.0;1.0;3.0;2.0;1.0;1.0;1.0;2026-06-30 22:00:00+00:00
44.86;-0.451;-00.451_44.860;33.0;33.0;Ouest Entre-deux-Mers;ENTRE2MERS;POMPIGNAC;2026-07-02;27.0;183.0;0.0;0.0;0.0;1.0;1.0;1.0;4.0;4.0;4.0;1.0;1.0;2.0;2.0;1.0;1.0;2026-07-01 22:00:00+00:00
44.86;-0.451;-00.451_44.860;33.0;33.0;Ouest Entre-deux-Mers;ENTRE2MERS;POMPIGNAC;2026-07-03;27.0;184.0;0.0;0.0;0.0;1.0;1.0;1.0;4.0;4.0;4.0;3.0;1.0;1.0;1.0;1.0;3.0;2026-07-02 22:00:00+00:00
44.86;-0.451;-00.451_44.860;33.0;33.0;Ouest Entre-deux-Mers;ENTRE2MERS;POMPIGNAC;2026-07-04;27.0;185.0;0.0;0.0;0.0;1.0;1.0;1.0;4.0;4.0;4.0;3.0;2.0;3.0;3.0;1.0;1.0;2026-07-03 22:00:00+00:00
44.86;-0.451;-00.451_44.860;33.0;33.0;Ouest Entre-deux-Mers;ENTRE2MERS;POMPIGNAC;2026-07-05;27.0;186.0;0.0;0.0;0.0;1.0;1.0;1.0;4.0;4.0;4.0;1.0;1.0;1.0;1.0;1.0;3.0;2026-07-04 22:00:00+00:00
44.86;-0.451;-00.451_44.860;33.0;33.0;Ouest Entre-deux-Mers;ENTRE2MERS;POMPIGNAC;2026-07-06;28.0;187.0;0.0;0.0;0.0;1.0;1.0;1.0;4.0;4.0;4.0;1.0;1.0;1.0;2.0;2.0;2.0;2026-07-05 22:00:00+00:00
44.86;-0.451;-00.451_44.860;33.0;33.0;Ouest Entre-deux-Mers;ENTRE2MERS;POMPIGNAC;2026-07-07;28.0;188.0;0.0;0.0;0.0;1.0;1.0;1.0;4.0;4.0;4.0;3.0;3.0;3.0;3.0;2.0;1.0;2026-07-06 22:00:00+00:00
44.86;-0.451;-00.451_44.860;33.0;33.0;Ouest Entre-deux-Mers;ENTRE2MERS;POMPIGNAC;2026-07-08;28.0;189.0;0.0;0.0;0.0;1.0;1.0;1.0;4.0;4.0;4.0;3.0;1.0;1.0;3.0;1.0;3.0;2026-07-07 22:00:00+00:00
44.86;-0.451;-00.451_44.860;33.0;33.0;Ouest Entre-deux-Mers;ENTRE2MERS;POMPIGNAC;2026-07-09;28.0;190.0;0.0;0.0;0.0;1.0;1.0;1.0;4.0;4.0;4.0;1.0;1.0;2.0;1.0;3.0;3.0;2026-07-08 22:00:00+00:00
44.86;-0.451;-00.451_44.860;33.0;33.0;Ouest Entre-deux-Mers;ENTRE2MERS;POMPIGNAC;2026-07-10;28.0;191.0;13.8;13.8;13.8;1.0;1.0;1.0;4.0;4.0;4.0;1.0;3.0;2.0;1.0;2.0;1.0;2026-07-09 22:00:00+00:00
44.86;-0.451;-00.451_44.860;33.0;33.0;Ouest Entre-deux-Mers;ENTRE2MERS;POMPIGNAC;2026-07-11;28.0;192.0;0.1;0.1;0.1;1.0;1.0;1.0;4.0;4.0;4.0;1.0;1.0;2.0;2.0;4.0;1.0;2026-07-10 22:00:00+00:00
44.86;-0.451;-00.451_44.860;33.0;33.0;Ouest Entre-deux-Mers;ENTRE2MERS;POMPIGNAC;2026-07-12;28.0;193.0;0.0;0.0;0.0;1.0;1.0;1.0;4.0;4.0;4.0;3.0;2.0;2.0;2.0;2.0;2.0;2026-07-11 22:00:00+00:00
44.86;-0.451;-00.451_44.860;33.0;33.0;Ouest Entre-deux-Mers;ENTRE2MERS;POMPIGNAC;2026-07-13;29.0;194.0;0.7999999999999999;0.7999999999999999;0.7999999999999999;1.0;1.0;1.0;4.0;4.0;4.0;1.0;2.0;1.0;4.0;2.0;3.0;2026-07-12 22:00:00+00:00
44.86;-0.451;-00.451_44.860;33.0;33.0;Ouest Entre-deux-Mers;ENTRE2MERS;POMPIGNAC;2026-07-14;29.0;195.0;0.0;0.0;0.0;1.0;1.0;1.0;4.0;4.0;4.0;1.0;2.0;1.0;1.0;2.0;2.0;2026-07-13 22:00:00+00:00
44.86;-0.451;-00.451_44.860;33.0;33.0;Ouest Entre-deux-Mers;ENTRE2MERS;POMPIGNAC;2026-07-15;29.0;196.0;0.0;0.0;0.0;1.0;1.0;1.0;4.0;4.0;4.0;1.0;2.0;1.0;2.0;1.0;2.0;2026-07-14 22:00:00+00:00
44.86;-0.451;-00.451_44.860;33.0;33.0;Ouest Entre-deux-Mers;ENTRE2MERS;POMPIGNAC;2026-07-16;29.0;197.0;0.0;0.0;0.0;1.0;1.0;1.0;4.0;4.0;4.0;4.0;1.0;2.0;2.0;2.0;2.0;2026-07-15 22:00:00+00:00
44.86;-0.451;-00.451_44.860;33.0;33.0;Ouest Entre-deux-Mers;ENTRE2MERS;POMPIGNAC;2026-07-17;29.0;198.0;0.0;0.0;0.0;1.0;1.0;1.0;4.0;4.0;4.0;1.0;2.0;4.0;2.0;2.0;1.0;2026-07-16 22:00:00+00:00
44.86;-0.451;-00.451_44.860;33.0;33.0;Ouest Entre-deux-Mers;ENTRE2MERS;POMPIGNAC;2026-07-18;29.0;199.0;0.0;0.0;0.0;1.0;1.0;1.0;4.0;4.0;4.0;3.0;1.0;4.0;1.0;1.0;1.0;2026-07-17 22:00:00+00:00
44.86;-0.451;-00.451_44.860;33.0;33.0;Ouest Entre-deux-Mers;ENTRE2MERS;POMPIGNAC;2026-07-19;29.0;200.0;0.0;0.0;0.0;1.0;1.0;1.0;4.0;4.0;4.0;1.0;2.0;1.0;1.0;2.0;1.0;2026-07-18 22:00:00+00:00
44.86;-0.451;-00.451_44.860;33.0;33.0;Ouest Entre-deux-Mers;ENTRE2MERS;POMPIGNAC;2026-07-20;30.0;201.0;0.0;0.0;0.0;1.0;1.0;1.0;4.0;4.0;4.0;1.0;2.0;2.0;3.0;1.0;1.0;2026-07-19 22:00:00+00:00
44.86;-0.451;-00.451_44.860;33.0;33.0;Ouest Entre-deux-Mers;ENTRE2MERS;POMPIGNAC;2026-07-21;30.0;202.0;0.0;0.0;0.0;1.0;1.0;1.0;4.0;4.0;4.0;1.0;3.0;1.0;1.0;1.0;1.0;2026-07-20 22:00:00+00:00
44.86;-0.451;-00.451_44.860;33.0;33.0;Ouest Entre-deux-Mers;ENTRE2MERS;POMPIGNAC;2026-07-22;30.0;203.0;0.0;0.0;0.0;1.0;1.0;1.0;4.0;4.0;4.0;1.0;1.0;2.0;1.0;1.0;1.0;2026-07-21 22:00:00+00:00
44.86;-0.451;-00.451_44.860;33.0;33.0;Ouest Entre-deux-Mers;ENTRE2MERS;POMPIGNAC;2026-07-23;30.0;204.0;0.0;0.0;0.0;1.0;1.0;1.0;4.0;4.0;4.0;1.0;1.0;2.0;1.0;2.0;3.0;2026-07-22 22:00:00+00:00
44.86;-0.451;-00.451_44.860;33.0;33.0;Ouest Entre-deux-Mers;ENTRE2MERS;POMPIGNAC;2026-07-24;30.0;205.0;3.8;3.8;3.8;1.0;1.0;1.0;4.0;4.0;4.0;3.0;1.0;1.0;2.0;2.0;1.0;2026-07-23 22:00:00+00:00
44.86;-0.451;-00.451_44.860;33.0;33.0;Ouest Entre-deux-Mers;ENTRE2MERS;POMPIGNAC;2026-07-25;30.0;206.0;1.0;1.0;1.0;1.0;1.0;1.0;4.0;4.0;4.0;2.0;1.0;2.0;3.0;1.0;2.0;2026-07-24 22:00:00+00:00
44.86;-0.451;-00.451_44.860;33.0;33.0;Ouest Entre-deux-Mers;ENTRE2MERS;POMPIGNAC;2026-07-26;30.0;207.0;0.3;0.3;0.3;1.0;1.0;1.0;4.0;4.0;4.0;2.0;1.0;1.0;1.0;2.0;1.0;2026-07-25 22:00:00+00:00
44.86;-0.451;-00.451_44.860;33.0;33.0;Ouest Entre-deux-Mers;ENTRE2MERS;POMPIGNAC;2026-07-27;31.0;208.0;1.2;1.2;1.2;1.0;1.0;1.0;4.0;4.0;4.0;1.0;2.0;1.0;1.0;1.0;1.0;2026-07-26 22:00:00+00:00
44.86;-0.451;-00.451_44.860;33.0;33.0;Ouest Entre-deux-Mers;ENTRE2MERS;POMPIGNAC;2026-07-28;31.0;209.0;0.0;0.0;0.0;1.0;1.0;1.0;4.0;4.0;4.0;3.0;3.0;4.0;1.0;1.0;1.0;2026-07-27 22:00:00+00:00
44.86;-0.451;-00.451_44.860;33.0;33.0;Ouest Entre-deux-Mers;ENTRE2MERS;POMPIGNAC;2026-07-29;31.0;210.0;0.0;0.0;0.0;1.0;1.0;1.0;4.0;4.0;4.0;1.0;1.0;1.0;3.0;3.0;2.0;2026-07-28 22:00:00+00:00
44.86;-0.451;-00.451_44.860;33.0;33.0;Ouest Entre-deux-Mers;ENTRE2MERS;POMPIGNAC;2026-07-30;31.0;211.0;0.3;0.3;0.3;1.0;1.0;1.0;4.0;4.0;4.0;1.0;1.0;2.0;2.0;1.0;1.0;2026-07-29 22:00:00+00:00
44.86;-0.451;-00.451_44.860;33.0;33.0;Ouest Entre-deux-Mers;ENTRE2MERS;POMPIGNAC;2026-07-31;31.0;212.0;0.6000000000000001;0.6000000000000001;0.6000000000000001;1.0;1.0;1.0;4.0;4.0;4.0;1.0;1.0;3.0;1.0;2.0;3.0;2026-07-30 22:00:00+00:00
44.86;-0.451;-00.451_44.860;33.0;33.0;Ouest Entre-deux-Mers;ENTRE2MERS;POMPIGNAC;2026-08-01;31.0;213.0;0.0;0.0;0.0;1.0;1.0;1.0;4.0;4.0;4.0;2.0;1.0;1.0;1.0;2.0;1.0;2026-07-31 22:00:00+00:00
44.86;-0.451;-00.451_44.860;33.0;33.0;Ouest Entre-deux-Mers;ENTRE2MERS;POMPIGNAC;2026-08-02;31.0;214.0;0.0;0.0;0.0;1.0;1.0;1.0;4.0;4.0;4.0;1.0;3.0;2.0;1.0;1.0;4.0;2026-08-01 22:00:00+00:00
44.86;-0.451;-00.451_44.860;33.0;33.0;Ouest Entre-deux-Mers;ENTRE2MERS;POMPIGNAC;2026-08-03;32.0;215.0;0.1;0.1;0.1;1.0;1.0;1.0;4.0;4.0;4.0;3.0;1.0;2.0;1.0;1.0;1.0;2026-08-02 22:00:00+00:00
44.86;-0.451;-00.451_44.860;33.0;33.0;Ouest Entre-deux-Mers;ENTRE2MERS;POMPIGNAC;2026-08-04;32.0;216.0;0.0;0.0;0.0;1.0;1.0;1.0;4.0;4.0;4.0;1.0;1.0;1.0;1.0;1.0;1.0;2026-08-03 22:00:00+00:00
44.86;-0.451;-00.451_44.860;33.0;33.0;Ouest Entre-deux-Mers;ENTRE2MERS;POMPIGNAC;2026-08-05;32.0;217.0;0.0;0.0;0.0;1.0;1.0;1.0;4.0;4.0;4.0;1.0;1.0;1.0;1.0;1.0;1.0;2026-08-04 22:00:00+00:00
44.86;-0.451;-00.451_44.860;33.0;33.0;Ouest Entre-deux-Mers;ENTRE2MERS;POMPIGNAC;2026-08-06;32.0;218.0;0.0;0.0;0.0;1.0;1.0;1.0;4.0;4.0;4.0;3.0;1.0;2.0;2.0;2.0;1.0;2026-08-05 22:00:00+00:00
44.86;-0.451;-00.451_44.860;33.0;33.0;Ouest Entre-deux-Mers;ENTRE2MERS;POMPIGNAC;2026-08-07;32.0;219.0;0.0;0.0;0.0;1.0;1.0;1.0;4.0;4.0;4.0;1.0;1.0;1.0;1.0;2.0;3.0;2026-08-06 22:00:00+00:00
44.86;-0.451;-00.451_44.860;33.0;33.0;Ouest Entre-deux-Mers;ENTRE2MERS;POMPIGNAC;2026-08-08;32.0;220.0;0.7;0.7;0.7;1.0;1.0;1.0;4.0;4.0;4.0;2.0;2.0;3.0;2.0;1.0;1.0;2026-08-07 22:00:00+00:00
44.86;-0.451;-00.451_44.860;33.0;33.0;Ouest Entre-deux-Mers;ENTRE2MERS;POMPIGNAC;2026-08-09;32.0;221.0;4.1;4.1;4.1;1.0;1.0;1.0;4.0;4.0;4.0;1.0;3.0;1.0;1.0;2.0;1.0;2026-08-08 22:00:00+00:00
44.86;-0.451;-00.451_44.860;33.0;33.0;Ouest Entre-deux-Mers;ENTRE2MERS;POMPIGNAC;2026-08-10;33.0;222.0;0.3;0.3;0.3;1.0;1.0;1.0;4.0;4.0;4.0;1.0;3.0;2.0;1.0;2.0;1.0;2026-08-09 22:00:00+00:00
44.86;-0.451;-00.451_44.860;33.0;33.0;Ouest Entre-deux-Mers;ENTRE2MERS;POMPIGNAC;2026-08-11;33.0;223.0;0.0;0.0;0.0;1.0;1.0;1.0;4.0;4.0;4.0;3.0;2.0;2.0;3.0;3.0;1.0;2026-08-10 22:00:00+00:00
44.86;-0.451;-00.451_44.860;33.0;33.0;Ouest Entre-deux-Mers;ENTRE2MERS;POMPIGNAC;2026-08-12;33.0;224.0;0.0;0.0;0.0;1.0;1.0;1.0;4.0;4.0;4.0;4.0;2.0;1.0;2.0;1.0;2.0;2026-08-11 22:00:00+00:00
44.86;-0.451;-00.451_44.860;33.0;33.0;Ouest Entre-deux-Mers;ENTRE2MERS;POMPIGNAC;2026-08-13;33.0;225.0;0.0;0.0;0.0;1.0;1.0;1.0;4.0;4.0;4.0;3.0;1.0;3.0;1.0;3.0;1.0;2026-08-12 22:00:00+00:00
44.86;-0.451;-00.451_44.860;33.0;33.0;Ouest Entre-deux-Mers;ENTRE2MERS;POMPIGNAC;2026-08-14;33.0;226.0;1.2000000000000002;1.2000000000000002;1.2000000000000002;1.0;1.0;1.0;4.0;4.0;4.0;2.0;2.0;1.0;3.0;2.0;1.0;2026-08-13 22:00:00+00:00
44.86;-0.451;-00.451_44.860;33.0;33.0;Ouest Entre-deux-Mers;ENTRE2MERS;POMPIGNAC;2026-08-15;33.0;227.0;0.7999999999999999;0.7999999999999999;0.7999999999999999;1.0;1.0;1.0;4.0;4.0;4.0;3.0;2.0;2.0;3.0;3.0;2.0;2026-08-14 22:00:00+00:00
44.86;-0.451;-00.451_44.860;33.0;33.0;Ouest Entre-deux-Mers;ENTRE2MERS;POMPIGNAC;2026-08-16;33.0;228.0;0.0;0.0;0.0;1.0;1.0;1.0;4.0;4.0;4.0;1.0;2.0;4.0;1.0;2.0;1.0;2026-08-15 22:00:00+00:00
44.86;-0.451;-00.451_44.860;33.0;33.0;Ouest Entre-deux-Mers;ENTRE2MERS;POMPIGNAC;2026-08-17;34.0;229.0;0.0;0.0;0.0;1.0;1.0;1.0;4.0;4.0;4.0;2.0;3.0;2.0;1.0;2.0;1.0;2026-08-16 22:00:00+00:00
44.86;-0.451;-00.451_44.860;33.0;33.0;Ouest Entre-deux-Mers;ENTRE2MERS;POMPIGNAC;2026-08-18;34.0;230.0;0.0;0.0;0.0;1.0;1.0;1.0;4.0;4.0;4.0;1.0;4.0;2.0;1.0;2.0;3.0;2026-08-17 22:00:00+00:00
44.86;-0.451;-00.451_44.860;33.0;33.0;Ouest Entre-deux-Mers;ENTRE2MERS;POMPIGNAC;2026-08-19;34.0;231.0;0.1;0.1;0.1;1.0;1.0;1.0;4.0;4.0;4.0;3.0;1.0;1.0;2.0;3.0;1.0;2026-08-18 22:00:00+00:00
44.86;-0.451;-00.451_44.860;33.0;33.0;Ouest Entre-deux-Mers;ENTRE2MERS;POMPIGNAC;2026-08-20;34.0;232.0;0.3;0.3;0.3;1.0;1.0;1.0;4.0;4.0;4.0;1.0;2.0;1.0;1.0;1.0;1.0;2026-08-19 22:00:00+00:00
44.86;-0.451;-00.451_44.860;33.0;33.0;Ouest Entre-deux-Mers;ENTRE2MERS;POMPIGNAC;2026-08-21;34.0;233.0;2.4000000000000004;2.4000000000000004;2.4000000000000004;1.0;1.0;1.0;4.0;4.0;4.0;1.0;2.0;1.0;2.0;1.0;1.0;2026-08-20 22:00:00+00:00
44.86;-0.451;-00.451_44.860;33.0;33.0;Ouest Entre-deux-Mers;ENTRE2MERS;POMPIGNAC;2026-08-22;34.0;234.0;0.0;0.0;0.0;1.0;1.0;1.0;4.0;4.0;4.0;1.0;2.0;3.0;4.0;3.0;1.0;2026-08-21 22:00:00+00:00
44.86;-0.451;-00.451_44.860;33.0;33.0;Ouest Entre-deux-Mers;ENTRE2MERS;POMPIGNAC;2026-08-23;34.0;235.0;1.1;1.1;1.1;1.0;1.0;1.0;4.0;4.0;4.0;2.0;4.0;2.0;2.0;1.0;1.0;2026-08-22 22:00:00+00:00
44.86;-0.451;-00.451_44.860;33.0;33.0;Ouest Entre-deux-Mers;ENTRE2MERS;POMPIGNAC;2026-08-24;35.0;236.0;6.494;10.286;21.665;1.0;1.0;1.0;3.0;3.0;3.0;2.0;1.0;2.0;1.0;2.0;2.0;2026-08-23 22:00:00+00:00
44.86;-0.451;-00.451_44.860;33.0;33.0;Ouest Entre-deux-Mers;ENTRE2MERS;POMPIGNAC;2026-08-25;35.0;237.0;0.598;1.196;2.99;1.0;1.0;1.0;3.0;3.0;3.0;1.0;1.0;2.0;2.0;2.0;1.0;2026-08-24 22:00:00+00:00
44.86;-0.451;-00.451_44.860;33.0;33.0;Ouest Entre-deux-Mers;ENTRE2MERS;POMPIGNAC;2026-08-26;35.0;238.0;0.954;1.811;4.577;1.0;1.0;1.0;3.0;3.0;3.0;4.0;1.0;1.0;2.0;1.0;1.0;2026-08-25 22:00:00+00:00
44.86;-0.451;-00.451_44.860;33.0;33.0;Ouest Entre-deux-Mers;ENTRE2MERS;POMPIGNAC;2026-08-27;35.0;239.0;0.197;0.394;0.987;1.0;1.0;1.0;3.0;3.0;3.0;2.0;1.0;1.0;2.0;3.0;1.0;2026-08-26 22:00:00+00:00
44.86;-0.451;-00.451_44.860;33.0;33.0;Ouest Entre-deux-Mers;ENTRE2MERS;POMPIGNAC;2026-08-28;35.0;240.0;0.0;0.001;0.0;1.0;1.0;1.0;3.0;3.0;3.0;4.0;3.0;1.0;1.0;2.0;2.0;2026-08-27 22:00:00+00:00
44.86;-0.451;-00.451_44.860;33.0;33.0;Ouest Entre-deux-Mers;ENTRE2MERS;POMPIGNAC;2026-08-29;35.0;241.0;0.0;0.0;0.0;1.0;1.0;1.0;3.0;3.0;3.0;2.0;2.0;1.0;2.0;3.0;1.0;2026-08-28 22:00:00+00:00
44.86;-0.451;-00.451_44.860;33.0;33.0;Ouest Entre-deux-Mers;ENTRE2MERS;POMPIGNAC;2026-08-30;35.0;242.0;0.0;0.0;0.0;1.0;1.0;1.0;2.0;2.0;3.0;2.0;4.0;2.0;1.0;2.0;1.0;2026-08-29 22:00:00+00:00
44.86;-0.451;-00.451_44.860;33.0;33.0;Ouest Entre-deux-Mers;ENTRE2MERS;POMPIGNAC;2026-08-31;36.0;243.0;0.072;0.072;0.2189999999999999;1.0;1.0;1.0;2.0;2.0;3.0;2.0;1.0;3.0;2.0;4.0;2.0;2026-08-30 22:00:00+00:00
44.86;-0.451;-00.451_44.860;33.0;33.0;Ouest Entre-deux-Mers;ENTRE2MERS;POMPIGNAC;2026-09-01;36.0;244.0;0.075;0.147;0.369;1.0;1.0;1.0;2.0;2.0;2.0;2.0;2.0;2.0;1.0;1.0;1.0;2026-08-31 22:00:00+00:00
44.86;-0.451;-00.451_44.860;33.0;33.0;Ouest Entre-deux-Mers;ENTRE2MERS;POMPIGNAC;2026-09-02;36.0;245.0;0.134;0.203;0.54;1.0;1.0;1.0;2.0;2.0;2.0;1.0;1.0;2.0;1.0;1.0;2.0;2026-09-01 22:00:00+00:00
44.86;-0.451;-00.451_44.860;33.0;33.0;Ouest Entre-deux-Mers;ENTRE2MERS;POMPIGNAC;2026-09-03;36.0;246.0;1.034;1.966;4.966;1.0;1.0;1.0;2.0;2.0;2.0;1.0;3.0;4.0;2.0;1.0;2.0;2026-09-02 22:00:00+00:00
44.86;-0.451;-00.451_44.860;33.0;33.0;Ouest Entre-deux-Mers;ENTRE2MERS;POMPIGNAC;2026-09-04;36.0;247.0;1.461;2.92;7.298;1.0;1.0;1.0;2.0;2.0;2.0;3.0;2.0;1.0;2.0;4.0;1.0;2026-09-03 22:00:00+00:00
44.86;-0.451;-00.451_44.860;33.0;33.0;Ouest Entre-deux-Mers;ENTRE2MERS;POMPIGNAC;2026-09-05;36.0;248.0;0.873;1.655;4.187;1.0;1.0;1.0;2.0;2.0;2.0;2.0;3.0;3.0;2.0;1.0;2.0;2026-09-04 22:00:00+00:00
44.86;-0.451;-00.451_44.860;33.0;33.0;Ouest Entre-deux-Mers;ENTRE2MERS;POMPIGNAC;2026-09-06;36.0;249.0;0.0;0.0;0.0;1.0;1.0;1.0;2.0;2.0;2.0;1.0;2.0;1.0;1.0;3.0;3.0;2026-09-05 22:00:00+00:00
44.86;-0.451;-00.451_44.860;33.0;33.0;Ouest Entre-deux-Mers;ENTRE2MERS;POMPIGNAC;2026-09-07;37.0;250.0;0.59;1.174;2.941;1.0;1.0;1.0;2.0;2.0;2.0;1.0;4.0;3.0;1.0;2.0;1.0;2026-09-06 22:00:00+00:00
44.956;-0.595;-00.595_44.956;33.0;33.0;Sud-Médoc;ESTUAIRE;PAREMPUYRE;2026-01-01;1.0;1.0;0.0;0.0;0.0;1.0;1.0;1.0;;;;1.0;1.0;3.0;2.0;1.0;1.0;2025-12-31 23:00:00+00:00
44.956;-0.595;-00.595_44.956;33.0;33.0;Sud-Médoc;ESTUAIRE;PAREMPUYRE;2026-01-02;1.0;2.0;0.0;0.0;0.0;1.0;1.0;1.0;;;;4.0;1.0;4.0;2.0;2.0;2.0;2026-01-01 23:00:00+00:00
44.956;-0.595;-00.595_44.956;33.0;33.0;Sud-Médoc;ESTUAIRE;PAREMPUYRE;2026-01-03;1.0;3.0;0.0;0.0;0.0;1.0;1.0;1.0;;;;1.0;1.0;1.0;1.0;2.0;1.0;2026-01-02 23:00:00+00:00
44.956;-0.595;-00.595_44.956;33.0;33.0;Sud-Médoc;ESTUAIRE;PAREMPUYRE;2026-01-04;1.0;4.0;0.0;0.0;0.0;1.0;1.0;1.0;;;;2.0;3.0;2.0;1.0;1.0;2.0;2026-01-03 23:00:00+00:00
44.956;-0.595;-00.595_44.956;33.0;33.0;Sud-Médoc;ESTUAIRE;PAREMPUYRE;2026-01-05;2.0;5.0;0.0;0.0;0.0;1.0;1.0;1.0;;;;1.0;2.0;1.0;1.0;2.0;3.0;2026-01-04 23:00:00+00:00
44.956;-0.595;-00.595_44.956;33.0;33.0;Sud-Médoc;ESTUAIRE;PAREMPUYRE;2026-01-06;2.0;6.0;0.0;0.0;0.0;1.0;1.0;1.0;;;;1.0;3.0;1.0;3.0;1.0;2.0;2026-01-05 23:00:00+00:00
44.956;-0.595;-00.595_44.956;33.0;33.0;Sud-Médoc;ESTUAIRE;PAREMPUYRE;2026-01-07;2.0;7.0;3.2;3.2;3.2;1.0;1.0;1.0;;;;1.0;2.0;1.0;2.0;2.0;1.0;2026-01-06 23:00:00+00:00
44.956;-0.595;-00.595_44.956;33.0;33.0;Sud-Médoc;ESTUAIRE;PAREMPUYRE;2026-01-08;2.0;8.0;15.7;15.7;15.7;1.0;1.0;1.0;;;;1.0;1.0;3.0;1.0;2.0;2.0;2026-01-07 23:00:00+00:00
44.956;-0.595;-00.595_44.956;33.0;33.0;Sud-Médoc;ESTUAIRE;PAREMPUYRE;2026-01-09;2.0;9.0;10.8;10.8;10.8;1.0;1.0;1.0;;;;3.0;2.0;2.0;1.0;2.0;2.0;2026-01-08 23:00:00+00:00
44.956;-0.595;-00.595_44.956;33.0;33.0;Sud-Médoc;ESTUAIRE;PAREMPUYRE;2026-01-10;2.0;10.0;5.7;5.7;5.7;1.0;1.0;1.0;;;;1.0;2.0;1.0;1.0;1.0;3.0;2026-01-09 23:00:00+00:00
44.956;-0.595;-00.595_44.956;33.0;33.0;Sud-Médoc;ESTUAIRE;PAREMPUYRE;2026-01-11;2.0;11.0;0.3;0.3;0.3;1.0;1.0;1.0;;;;3.0;3.0;1.0;3.0;1.0;2.0;2026-01-10 23:00:00+00:00
44.956;-0.595;-00.595_44.956;33.0;33.0;Sud-Médoc;ESTUAIRE;PAREMPUYRE;2026-01-12;3.0;12.0;0.0;0.0;0.0;1.0;1.0;1.0;;;;2.0;2.0;1.0;2.0;1.0;2.0;2026-01-11 23:00:00+00:00
44.956;-0.595;-00.595_44.956;33.0;33.0;Sud-Médoc;ESTUAIRE;PAREMPUYRE;2026-01-13;3.0;13.0;0.3;0.3;0.3;1.0;1.0;1.0;;;;1.0;1.0;2.0;1.0;1.0;2.0;2026-01-12 23:00:00+00:00
44.956;-0.595;-00.595_44.956;33.0;33.0;Sud-Médoc;ESTUAIRE;PAREMPUYRE;2026-01-14;3.0;14.0;0.0;0.0;0.0;1.0;1.0;1.0;;;;1.0;2.0;2.0;2.0;4.0;1.0;2026-01-13 23:00:00+00:00
44.956;-0.595;-00.595_44.956;33.0;33.0;Sud-Médoc;ESTUAIRE;PAREMPUYRE;2026-01-15;3.0;15.0;0.5;0.5;0.5;1.0;1.0;1.0;;;;2.0;1.0;3.0;1.0;2.0;3.0;2026-01-14 23:00:00+00:00
44.956;-0.595;-00.595_44.956;33.0;33.0;Sud-Médoc;ESTUAIRE;PAREMPUYRE;2026-01-16;3.0;16.0;1.4;1.4;1.4;1.0;1.0;1.0;;;;2.0;1.0;4.0;1.0;1.0;3.0;2026-01-15 23:00:00+00:00
44.956;-0.595;-00.595_44.956;33.0;33.0;Sud-Médoc;ESTUAIRE;PAREMPUYRE;2026-01-17;3.0;17.0;8.7;8.7;8.7;1.0;1.0;1.0;;;;2.0;2.0;2.0;1.0;1.0;1.0;2026-01-16 23:00:00+00:00
44.956;-0.595;-00.595_44.956;33.0;33.0;Sud-Médoc;ESTUAIRE;PAREMPUYRE;2026-01-18;3.0;18.0;0.2;0.2;0.2;1.0;1.0;1.0;;;;2.0;1.0;1.0;2.0;1.0;1.0;2026-01-17 23:00:00+00:00
44.956;-0.595;-00.595_44.956;33.0;33.0;Sud-Médoc;ESTUAIRE;PAREMPUYRE;2026-01-19;4.0;19.0;0.2;0.2;0.2;1.0;1.0;1.0;;;;2.0;4.0;1.0;1.0;1.0;1.0;2026-01-18 23:00:00+00:00
44.956;-0.595;-00.595_44.956;33.0;33.0;Sud-Médoc;ESTUAIRE;PAREMPUYRE;2026-01-20;4.0;20.0;0.0;0.0;0.0;1.0;1.0;1.0;;;;3.0;1.0;2.0;1.0;2.0;2.0;2026-01-19 23:00:00+00:00
44.956;-0.595;-00.595_44.956;33.0;33.0;Sud-Médoc;ESTUAIRE;PAREMPUYRE;2026-01-21;4.0;21.0;3.0;3.0;3.0;1.0;1.0;1.0;;;;1.0;1.0;1.0;1.0;1.0;3.0;2026-01-20 23:00:00+00:00
44.956;-0.595;-00.595_44.956;33.0;33.0;Sud-Médoc;ESTUAIRE;PAREMPUYRE;2026-01-22;4.0;22.0;2.5;2.5;2.5;1.0;1.0;1.0;;;;1.0;2.0;1.0;1.0;1.0;3.0;2026-01-21 23:00:00+00:00
44.956;-0.595;-00.595_44.956;33.0;33.0;Sud-Médoc;ESTUAIRE;PAREMPUYRE;2026-01-23;4.0;23.0;6.7;6.7;6.7;1.0;1.0;1.0;;;;1.0;4.0;1.0;1.0;1.0;3.0;2026-01-22 23:00:00+00:00
44.956;-0.595;-00.595_44.956;33.0;33.0;Sud-Médoc;ESTUAIRE;PAREMPUYRE;2026-01-24;4.0;24.0;3.3;3.3;3.3;1.0;1.0;1.0;;;;2.0;2.0;2.0;2.0;1.0;2.0;2026-01-23 23:00:00+00:00
44.956;-0.595;-00.595_44.956;33.0;33.0;Sud-Médoc;ESTUAIRE;PAREMPUYRE;2026-01-25;4.0;25.0;23.3;23.3;23.3;1.0;1.0;1.0;;;;1.0;3.0;1.0;1.0;2.0;2.0;2026-01-24 23:00:00+00:00
44.956;-0.595;-00.595_44.956;33.0;33.0;Sud-Médoc;ESTUAIRE;PAREMPUYRE;2026-01-26;5.0;26.0;0.2;0.2;0.2;1.0;1.0;1.0;;;;3.0;2.0;1.0;1.0;3.0;2.0;2026-01-25 23:00:00+00:00
44.956;-0.595;-00.595_44.956;33.0;33.0;Sud-Médoc;ESTUAIRE;PAREMPUYRE;2026-01-27;5.0;27.0;8.7;8.7;8.7;1.0;1.0;1.0;;;;1.0;2.0;1.0;1.0;3.0;2.0;2026-01-26 23:00:00+00:00
44.956;-0.595;-00.595_44.956;33.0;33.0;Sud-Médoc;ESTUAIRE;PAREMPUYRE;2026-01-28;5.0;28.0;7.1000000000000005;7.1000000000000005;7.1000000000000005;1.0;1.0;1.0;;;;1.0;2.0;1.0;1.0;1.0;2.0;2026-01-27 23:00:00+00:00
44.956;-0.595;-00.595_44.956;33.0;33.0;Sud-Médoc;ESTUAIRE;PAREMPUYRE;2026-01-29;5.0;29.0;4.4;4.4;4.4;1.0;1.0;1.0;;;;1.0;1.0;3.0;2.0;1.0;1.0;2026-01-28 23:00:00+00:00
44.956;-0.595;-00.595_44.956;33.0;33.0;Sud-Médoc;ESTUAIRE;PAREMPUYRE;2026-01-30;5.0;30.0;5.7;5.7;5.7;1.0;1.0;1.0;;;;1.0;3.0;1.0;2.0;1.0;1.0;2026-01-29 23:00:00+00:00
44.956;-0.595;-00.595_44.956;33.0;33.0;Sud-Médoc;ESTUAIRE;PAREMPUYRE;2026-01-31;5.0;31.0;9.1;9.1;9.1;1.0;1.0;1.0;;;;1.0;1.0;2.0;3.0;1.0;2.0;2026-01-30 23:00:00+00:00
44.956;-0.595;-00.595_44.956;33.0;33.0;Sud-Médoc;ESTUAIRE;PAREMPUYRE;2026-02-01;5.0;32.0;5.4;5.4;5.4;1.0;1.0;1.0;;;;1.0;2.0;1.0;1.0;2.0;1.0;2026-01-31 23:00:00+00:00
44.956;-0.595;-00.595_44.956;33.0;33.0;Sud-Médoc;ESTUAIRE;PAREMPUYRE;2026-02-02;6.0;33.0;3.0;3.0;3.0;1.0;1.0;1.0;;;;1.0;1.0;2.0;3.0;3.0;1.0;2026-02-01 23:00:00+00:00
44.956;-0.595;-00.595_44.956;33.0;33.0;Sud-Médoc;ESTUAIRE;PAREMPUYRE;2026-02-03;6.0;34.0;4.6;4.6;4.6;1.0;1.0;1.0;;;;1.0;1.0;1.0;1.0;2.0;1.0;2026-02-02 23:00:00+00:00
44.956;-0.595;-00.595_44.956;33.0;33.0;Sud-Médoc;ESTUAIRE;PAREMPUYRE;2026-02-04;6.0;35.0;9.9;9.9;9.9;1.0;1.0;1.0;;;;1.0;1.0;1.0;1.0;2.0;2.0;2026-02-03 23:00:00+00:00
44.956;-0.595;-00.595_44.956;33.0;33.0;Sud-Médoc;ESTUAIRE;PAREMPUYRE;2026-02-05;6.0;36.0;10.0;10.0;10.0;1.0;1.0;1.0;;;;1.0;1.0;1.0;2.0;2.0;1.0;2026-02-04 23:00:00+00:00
44.956;-0.595;-00.595_44.956;33.0;33.0;Sud-Médoc;ESTUAIRE;PAREMPUYRE;2026-02-06;6.0;37.0;2.8000000000000003;2.8000000000000003;2.8000000000000003;1.0;1.0;1.0;;;;1.0;2.0;1.0;3.0;1.0;2.0;2026-02-05 23:00:00+00:00
44.956;-0.595;-00.595_44.956;33.0;33.0;Sud-Médoc;ESTUAIRE;PAREMPUYRE;2026-02-07;6.0;38.0;0.0;0.0;0.0;1.0;1.0;1.0;;;;2.0;1.0;1.0;4.0;1.0;2.0;2026-02-06 23:00:00+00:00
44.956;-0.595;-00.595_44.956;33.0;33.0;Sud-Médoc;ESTUAIRE;PAREMPUYRE;2026-02-08;6.0;39.0;0.0;0.0;0.0;1.0;1.0;1.0;;;;2.0;2.0;4.0;1.0;2.0;1.0;2026-02-07 23:00:00+00:00
44.956;-0.595;-00.595_44.956;33.0;33.0;Sud-Médoc;ESTUAIRE;PAREMPUYRE;2026-02-09;7.0;40.0;4.6;4.6;4.6;1.0;1.0;1.0;;;;2.0;3.0;2.0;4.0;1.0;1.0;2026-02-08 23:00:00+00:00
44.956;-0.595;-00.595_44.956;33.0;33.0;Sud-Médoc;ESTUAIRE;PAREMPUYRE;2026-02-10;7.0;41.0;21.5;21.5;21.5;1.0;1.0;1.0;;;;1.0;3.0;1.0;1.0;3.0;1.0;2026-02-09 23:00:00+00:00
44.956;-0.595;-00.595_44.956;33.0;33.0;Sud-Médoc;ESTUAIRE;PAREMPUYRE;2026-02-11;7.0;42.0;19.3;19.3;19.3;1.0;1.0;1.0;;;;1.0;2.0;1.0;1.0;2.0;1.0;2026-02-10 23:00:00+00:00
44.956;-0.595;-00.595_44.956;33.0;33.0;Sud-Médoc;ESTUAIRE;PAREMPUYRE;2026-02-12;7.0;43.0;19.0;19.0;19.0;1.0;1.0;1.0;;;;1.0;1.0;1.0;2.0;1.0;1.0;2026-02-11 23:00:00+00:00
44.956;-0.595;-00.595_44.956;33.0;33.0;Sud-Médoc;ESTUAIRE;PAREMPUYRE;2026-02-13;7.0;44.0;6.4;6.4;6.4;1.0;1.0;1.0;;;;1.0;1.0;3.0;3.0;1.0;1.0;2026-02-12 23:00:00+00:00
44.956;-0.595;-00.595_44.956;33.0;33.0;Sud-Médoc;ESTUAIRE;PAREMPUYRE;2026-02-14;7.0;45.0;2.4;2.4;2.4;1.0;1.0;1.0;;;;3.0;1.0;2.0;4.0;1.0;3.0;2026-02-13 23:00:00+00:00
44.956;-0.595;-00.595_44.956;33.0;33.0;Sud-Médoc;ESTUAIRE;PAREMPUYRE;2026-02-15;7.0;46.0;23.5;23.5;23.5;1.0;1.0;1.0;;;;1.0;1.0;4.0;2.0;1.0;3.0;2026-02-14 23:00:00+00:00
44.956;-0.595;-00.595_44.956;33.0;33.0;Sud-Médoc;ESTUAIRE;PAREMPUYRE;2026-02-16;8.0;47.0;4.9;4.9;4.9;1.0;1.0;1.0;;;;1.0;1.0;1.0;1.0;2.0;2.0;2026-02-15 23:00:00+00:00
44.956;-0.595;-00.595_44.956;33.0;33.0;Sud-Médoc;ESTUAIRE;PAREMPUYRE;2026-02-17;8.0;48.0;1.0;1.0;1.0;1.0;1.0;1.0;;;;2.0;1.0;1.0;1.0;1.0;1.0;2026-02-16 23:00:00+00:00
44.956;-0.595;-00.595_44.956;33.0;33.0;Sud-Médoc;ESTUAIRE;PAREMPUYRE;2026-02-18;8.0;49.0;5.8;5.8;5.8;1.0;1.0;1.0;;;;3.0;2.0;2.0;1.0;3.0;1.0;2026-02-17 23:00:00+00:00
44.956;-0.595;-00.595_44.956;33.0;33.0;Sud-Médoc;ESTUAIRE;PAREMPUYRE;2026-02-19;8.0;50.0;6.7;6.7;6.7;1.0;1.0;1.0;;;;2.0;1.0;1.0;1.0;2.0;2.0;2026-02-18 23:00:00+00:00
44.956;-0.595;-00.595_44.956;33.0;33.0;Sud-Médoc;ESTUAIRE;PAREMPUYRE;2026-02-20;8.0;51.0;0.6000000000000001;0.6000000000000001;0.6000000000000001;1.0;1.0;1.0;;;;3.0;2.0;2.0;3.0;1.0;1.0;2026-02-19 23:00:00+00:00
44.956;-0.595;-00.595_44.956;33.0;33.0;Sud-Médoc;ESTUAIRE;PAREMPUYRE;2026-02-21;8.0;52.0;0.0;0.0;0.0;1.0;1.0;1.0;;;;1.0;1.0;2.0;2.0;2.0;2.0;2026-02-20 23:00:00+00:00
44.956;-0.595;-00.595_44.956;33.0;33.0;Sud-Médoc;ESTUAIRE;PAREMPUYRE;2026-02-22;8.0;53.0;0.0;0.0;0.0;1.0;1.0;1.0;;;;1.0;1.0;1.0;2.0;2.0;3.0;2026-02-21 23:00:00+00:00
44.956;-0.595;-00.595_44.956;33.0;33.0;Sud-Médoc;ESTUAIRE;PAREMPUYRE;2026-02-23;9.0;54.0;0.0;0.0;0.0;1.0;1.0;1.0;;;;2.0;1.0;1.0;1.0;1.0;1.0;2026-02-22 23:00:00+00:00
44.956;-0.595;-00.595_44.956;33.0;33.0;Sud-Médoc;ESTUAIRE;PAREMPUYRE;2026-02-24;9.0;55.0;0.0;0.0;0.0;1.0;1.0;1.0;;;;2.0;1.0;2.0;4.0;2.0;2.0;2026-02-23 23:00:00+00:00
44.956;-0.595;-00.595_44.956;33.0;33.0;Sud-Médoc;ESTUAIRE;PAREMPUYRE;2026-02-25;9.0;56.0;0.0;0.0;0.0;1.0;1.0;1.0;;;;4.0;2.0;1.0;2.0;1.0;1.0;2026-02-24 23:00:00+00:00
44.956;-0.595;-00.595_44.956;33.0;33.0;Sud-Médoc;ESTUAIRE;PAREMPUYRE;2026-02-26;9.0;57.0;0.0;0.0;0.0;1.0;1.0;1.0;;;;1.0;1.0;2.0;2.0;3.0;2.0;2026-02-25 23:00:00+00:00
44.956;-0.595;-00.595_44.956;33.0;33.0;Sud-Médoc;ESTUAIRE;PAREMPUYRE;2026-02-27;9.0;58.0;0.2;0.2;0.2;1.0;1.0;1.0;;;;3.0;2.0;1.0;2.0;2.0;2.0;2026-02-26 23:00:00+00:00
44.956;-0.595;-00.595_44.956;33.0;33.0;Sud-Médoc;ESTUAIRE;PAREMPUYRE;2026-02-28;9.0;59.0;3.1;3.1;3.1;1.0;1.0;1.0;;;;2.0;1.0;1.0;1.0;3.0;1.0;2026-02-27 23:00:00+00:00
44.956;-0.595;-00.595_44.956;33.0;33.0;Sud-Médoc;ESTUAIRE;PAREMPUYRE;2026-03-01;9.0;60.0;0.0;0.0;0.0;1.0;1.0;1.0;;;;1.0;1.0;1.0;2.0;1.0;2.0;2026-02-28 23:00:00+00:00
44.956;-0.595;-00.595_44.956;33.0;33.0;Sud-Médoc;ESTUAIRE;PAREMPUYRE;2026-03-02;10.0;61.0;0.0;0.0;0.0;1.0;1.0;1.0;;;;2.0;3.0;1.0;1.0;2.0;1.0;2026-03-01 23:00:00+00:00
44.956;-0.595;-00.595_44.956;33.0;33.0;Sud-Médoc;ESTUAIRE;PAREMPUYRE;2026-03-03;10.0;62.0;0.0;0.0;0.0;1.0;1.0;1.0;;;;1.0;2.0;1.0;2.0;2.0;3.0;2026-03-02 23:00:00+00:00
44.956;-0.595;-00.595_44.956;33.0;33.0;Sud-Médoc;ESTUAIRE;PAREMPUYRE;2026-03-04;10.0;63.0;0.0;0.0;0.0;1.0;1.0;1.0;;;;2.0;2.0;2.0;3.0;1.0;1.0;2026-03-03 23:00:00+00:00
44.956;-0.595;-00.595_44.956;33.0;33.0;Sud-Médoc;ESTUAIRE;PAREMPUYRE;2026-03-05;10.0;64.0;1.7;1.7;1.7;1.0;1.0;1.0;;;;1.0;1.0;1.0;1.0;3.0;2.0;2026-03-04 23:00:00+00:00
44.956;-0.595;-00.595_44.956;33.0;33.0;Sud-Médoc;ESTUAIRE;PAREMPUYRE;2026-03-06;10.0;65.0;1.7999999999999998;1.7999999999999998;1.7999999999999998;1.0;1.0;1.0;;;;2.0;2.0;3.0;3.0;3.0;3.0;2026-03-05 23:00:00+00:00
44.956;-0.595;-00.595_44.956;33.0;33.0;Sud-Médoc;ESTUAIRE;PAREMPUYRE;2026-03-07;10.0;66.0;0.0;0.0;0.0;1.0;1.0;1.0;;;;1.0;1.0;1.0;1.0;2.0;2.0;2026-03-06 23:00:00+00:00
44.956;-0.595;-00.595_44.956;33.0;33.0;Sud-Médoc;ESTUAIRE;PAREMPUYRE;2026-03-08;10.0;67.0;0.1;0.1;0.1;1.0;1.0;1.0;;;;3.0;4.0;2.0;1.0;1.0;2.0;2026-03-07 23:00:00+00:00
44.956;-0.595;-00.595_44.956;33.0;33.0;Sud-Médoc;ESTUAIRE;PAREMPUYRE;2026-03-09;11.0;68.0;0.0;0.0;0.0;1.0;1.0;1.0;;;;2.0;2.0;1.0;1.0;2.0;2.0;2026-03-08 23:00:00+00:00
44.956;-0.595;-00.595_44.956;33.0;33.0;Sud-Médoc;ESTUAIRE;PAREMPUYRE;2026-03-10;11.0;69.0;0.3;0.3;0.3;1.0;1.0;1.0;;;;3.0;2.0;1.0;1.0;1.0;1.0;2026-03-09 23:00:00+00:00
44.956;-0.595;-00.595_44.956;33.0;33.0;Sud-Médoc;ESTUAIRE;PAREMPUYRE;2026-03-11;11.0;70.0;8.2;8.2;8.2;1.0;1.0;1.0;;;;4.0;2.0;1.0;3.0;1.0;2.0;2026-03-10 23:00:00+00:00
44.956;-0.595;-00.595_44.956;33.0;33.0;Sud-Médoc;ESTUAIRE;PAREMPUYRE;2026-03-12;11.0;71.0;0.0;0.0;0.0;1.0;1.0;1.0;;;;1.0;1.0;1.0;1.0;2.0;2.0;2026-03-11 23:00:00+00:00
44.956;-0.595;-00.595_44.956;33.0;33.0;Sud-Médoc;ESTUAIRE;PAREMPUYRE;2026-03-13;11.0;72.0;11.3;11.3;11.3;1.0;1.0;1.0;;;;1.0;2.0;1.0;2.0;1.0;1.0;2026-03-12 23:00:00+00:00
44.956;-0.595;-00.595_44.956;33.0;33.0;Sud-Médoc;ESTUAIRE;PAREMPUYRE;2026-03-14;11.0;73.0;4.2;4.2;4.2;1.0;1.0;1.0;;;;1.0;2.0;2.0;1.0;2.0;2.0;2026-03-13 23:00:00+00:00
44.956;-0.595;-00.595_44.956;33.0;33.0;Sud-Médoc;ESTUAIRE;PAREMPUYRE;2026-03-15;11.0;74.0;0.0;0.0;0.0;1.0;1.0;1.0;;;;2.0;2.0;1.0;1.0;3.0;3.0;2026-03-14 23:00:00+00:00
44.956;-0.595;-00.595_44.956;33.0;33.0;Sud-Médoc;ESTUAIRE;PAREMPUYRE;2026-03-16;12.0;75.0;0.4;0.4;0.4;1.0;1.0;1.0;;;;1.0;2.0;3.0;1.0;2.0;1.0;2026-03-15 23:00:00+00:00
44.956;-0.595;-00.595_44.956;33.0;33.0;Sud-Médoc;ESTUAIRE;PAREMPUYRE;2026-03-17;12.0;76.0;0.0;0.0;0.0;1.0;1.0;1.0;;;;2.0;3.0;1.0;1.0;2.0;3.0;2026-03-16 23:00:00+00:00
44.956;-0.595;-00.595_44.956;33.0;33.0;Sud-Médoc;ESTUAIRE;PAREMPUYRE;2026-03-18;12.0;77.0;0.0;0.0;0.0;1.0;1.0;1.0;;;;2.0;1.0;1.0;1.0;2.0;3.0;2026-03-17 23:00:00+00:00
44.956;-0.595;-00.595_44.956;33.0;33.0;Sud-Médoc;ESTUAIRE;PAREMPUYRE;2026-03-19;12.0;78.0;0.0;0.0;0.0;1.0;1.0;1.0;;;;2.0;1.0;1.0;2.0;3.0;2.0;2026-03-18 23:00:00+00:00
44.956;-0.595;-00.595_44.956;33.0;33.0;Sud-Médoc;ESTUAIRE;PAREMPUYRE;2026-03-20;12.0;79.0;0.0;0.0;0.0;1.0;1.0;1.0;;;;2.0;2.0;2.0;1.0;1.0;3.0;2026-03-19 23:00:00+00:00
44.956;-0.595;-00.595_44.956;33.0;33.0;Sud-Médoc;ESTUAIRE;PAREMPUYRE;2026-03-21;12.0;80.0;0.0;0.0;0.0;1.0;1.0;1.0;;;;1.0;1.0;2.0;2.0;2.0;1.0;2026-03-20 23:00:00+00:00
44.956;-0.595;-00.595_44.956;33.0;33.0;Sud-Médoc;ESTUAIRE;PAREMPUYRE;2026-03-22;12.0;81.0;0.0;0.0;0.0;1.0;1.0;1.0;;;;1.0;1.0;2.0;1.0;2.0;3.0;2026-03-21 23:00:00+00:00
44.956;-0.595;-00.595_44.956;33.0;33.0;Sud-Médoc;ESTUAIRE;PAREMPUYRE;2026-03-23;13.0;82.0;0.0;0.0;0.0;1.0;1.0;1.0;;;;1.0;1.0;4.0;1.0;2.0;2.0;2026-03-22 23:00:00+00:00
44.956;-0.595;-00.595_44.956;33.0;33.0;Sud-Médoc;ESTUAIRE;PAREMPUYRE;2026-03-24;13.0;83.0;0.0;0.0;0.0;1.0;1.0;1.0;;;;1.0;3.0;2.0;1.0;1.0;1.0;2026-03-23 23:00:00+00:00
44.956;-0.595;-00.595_44.956;33.0;33.0;Sud-Médoc;ESTUAIRE;PAREMPUYRE;2026-03-25;13.0;84.0;0.1;0.1;0.1;1.0;1.0;1.0;;;;1.0;1.0;1.0;2.0;2.0;1.0;2026-03-24 23:00:00+00:00
44.956;-0.595;-00.595_44.956;33.0;33.0;Sud-Médoc;ESTUAIRE;PAREMPUYRE;2026-03-26;13.0;85.0;0.0;0.0;0.0;1.0;1.0;1.0;;;;1.0;1.0;1.0;1.0;2.0;1.0;2026-03-25 23:00:00+00:00
44.956;-0.595;-00.595_44.956;33.0;33.0;Sud-Médoc;ESTUAIRE;PAREMPUYRE;2026-03-27;13.0;86.0;0.0;0.0;0.0;1.0;1.0;1.0;;;;1.0;1.0;1.0;1.0;1.0;1.0;2026-03-26 23:00:00+00:00
44.956;-0.595;-00.595_44.956;33.0;33.0;Sud-Médoc;ESTUAIRE;PAREMPUYRE;2026-03-28;13.0;87.0;1.1;1.1;1.1;1.0;1.0;1.0;;;;3.0;3.0;2.0;1.0;1.0;2.0;2026-03-27 23:00:00+00:00
44.956;-0.595;-00.595_44.956;33.0;33.0;Sud-Médoc;ESTUAIRE;PAREMPUYRE;2026-03-29;13.0;88.0;0.0;0.0;0.0;1.0;1.0;1.0;;;;1.0;2.0;3.0;3.0;2.0;1.0;2026-03-28 23:00:00+00:00
44.956;-0.595;-00.595_44.956;33.0;33.0;Sud-Médoc;ESTUAIRE;PAREMPUYRE;2026-03-30;14.0;89.0;2.3;2.3;2.3;1.0;1.0;1.0;;;;1.0;3.0;2.0;2.0;3.0;1.0;2026-03-29 22:00:00+00:00
44.956;-0.595;-00.595_44.956;33.0;33.0;Sud-Médoc;ESTUAIRE;PAREMPUYRE;2026-03-31;14.0;90.0;0.0;0.0;0.0;1.0;1.0;1.0;2.0;2.0;2.0;3.0;1.0;2.0;2.0;2.0;1.0;2026-03-30 22:00:00+00:00
44.956;-0.595;-00.595_44.956;33.0;33.0;Sud-Médoc;ESTUAIRE;PAREMPUYRE;2026-04-01;14.0;91.0;0.0;0.0;0.0;1.0;1.0;1.0;2.0;2.0;2.0;1.0;1.0;1.0;3.0;1.0;1.0;2026-03-31 22:00:00+00:00
44.956;-0.595;-00.595_44.956;33.0;33.0;Sud-Médoc;ESTUAIRE;PAREMPUYRE;2026-04-02;14.0;92.0;0.1;0.1;0.1;1.0;1.0;1.0;2.0;2.0;2.0;3.0;2.0;2.0;1.0;2.0;1.0;2026-04-01 22:00:00+00:00
44.956;-0.595;-00.595_44.956;33.0;33.0;Sud-Médoc;ESTUAIRE;PAREMPUYRE;2026-04-03;14.0;93.0;1.1;1.1;1.1;1.0;1.0;1.0;2.0;2.0;2.0;3.0;1.0;1.0;1.0;1.0;1.0;2026-04-02 22:00:00+00:00
44.956;-0.595;-00.595_44.956;33.0;33.0;Sud-Médoc;ESTUAIRE;PAREMPUYRE;2026-04-04;14.0;94.0;0.0;0.0;0.0;1.0;1.0;1.0;2.0;2.0;2.0;2.0;3.0;1.0;3.0;1.0;1.0;2026-04-03 22:00:00+00:00
44.956;-0.595;-00.595_44.956;33.0;33.0;Sud-Médoc;ESTUAIRE;PAREMPUYRE;2026-04-05;14.0;95.0;0.0;0.0;0.0;1.0;1.0;1.0;2.0;2.0;2.0;1.0;2.0;1.0;3.0;3.0;1.0;2026-04-04 22:00:00+00:00
44.956;-0.595;-00.595_44.956;33.0;33.0;Sud-Médoc;ESTUAIRE;PAREMPUYRE;2026-04-06;15.0;96.0;0.0;0.0;0.0;1.0;1.0;1.0;2.0;2.0;2.0;1.0;3.0;1.0;3.0;1.0;2.0;2026-04-05 22:00:00+00:00
44.956;-0.595;-00.595_44.956;33.0;33.0;Sud-Médoc;ESTUAIRE;PAREMPUYRE;2026-04-07;15.0;97.0;0.0;0.0;0.0;1.0;1.0;1.0;2.0;2.0;2.0;1.0;1.0;3.0;2.0;2.0;2.0;2026-04-06 22:00:00+00:00
44.956;-0.595;-00.595_44.956;33.0;33.0;Sud-Médoc;ESTUAIRE;PAREMPUYRE;2026-04-08;15.0;98.0;0.0;0.0;0.0;1.0;1.0;1.0;2.0;2.0;2.0;4.0;1.0;3.0;2.0;3.0;2.0;2026-04-07 22:00:00+00:00
44.956;-0.595;-00.595_44.956;33.0;33.0;Sud-Médoc;ESTUAIRE;PAREMPUYRE;2026-04-09;15.0;99.0;0.0;0.0;0.0;1.0;1.0;1.0;2.0;2.0;2.0;1.0;2.0;4.0;1.0;1.0;1.0;2026-04-08 22:00:00+00:00
44.956;-0.595;-00.595_44.956;33.0;33.0;Sud-Médoc;ESTUAIRE;PAREMPUYRE;2026-04-10;15.0;100.0;0.0;0.0;0.0;1.0;1.0;1.0;2.0;2.0;2.0;1.0;2.0;1.0;1.0;1.0;1.0;2026-04-09 22:00:00+00:00
44.956;-0.595;-00.595_44.956;33.0;33.0;Sud-Médoc;ESTUAIRE;PAREMPUYRE;2026-04-11;15.0;101.0;4.2;4.2;4.2;1.0;1.0;1.0;2.0;2.0;2.0;1.0;2.0;1.0;1.0;2.0;2.0;2026-04-10 22:00:00+00:00
44.956;-0.595;-00.595_44.956;33.0;33.0;Sud-Médoc;ESTUAIRE;PAREMPUYRE;2026-04-12;15.0;102.0;0.0;0.0;0.0;1.0;1.0;1.0;;2.0;;2.0;2.0;3.0;1.0;1.0;4.0;2026-04-11 22:00:00+00:00
44.956;-0.595;-00.595_44.956;33.0;33.0;Sud-Médoc;ESTUAIRE;PAREMPUYRE;2026-04-13;16.0;103.0;1.1;1.1;1.1;1.0;1.0;1.0;;2.0;;1.0;1.0;2.0;2.0;1.0;1.0;2026-04-12 22:00:00+00:00
44.956;-0.595;-00.595_44.956;33.0;33.0;Sud-Médoc;ESTUAIRE;PAREMPUYRE;2026-04-14;16.0;104.0;0.0;0.0;0.0;1.0;1.0;1.0;;2.0;;4.0;1.0;2.0;1.0;3.0;3.0;2026-04-13 22:00:00+00:00
44.956;-0.595;-00.595_44.956;33.0;33.0;Sud-Médoc;ESTUAIRE;PAREMPUYRE;2026-04-15;16.0;105.0;2.5;2.5;2.5;1.0;1.0;1.0;;2.0;;1.0;2.0;1.0;2.0;1.0;2.0;2026-04-14 22:00:00+00:00
44.956;-0.595;-00.595_44.956;33.0;33.0;Sud-Médoc;ESTUAIRE;PAREMPUYRE;2026-04-16;16.0;106.0;0.0;0.0;0.0;1.0;1.0;1.0;;2.0;;1.0;1.0;1.0;1.0;2.0;2.0;2026-04-15 22:00:00+00:00
44.956;-0.595;-00.595_44.956;33.0;33.0;Sud-Médoc;ESTUAIRE;PAREMPUYRE;2026-04-17;16.0;107.0;0.0;0.0;0.0;1.0;1.0;1.0;;2.0;;1.0;2.0;2.0;1.0;2.0;1.0;2026-04-16 22:00:00+00:00
44.956;-0.595;-00.595_44.956;33.0;33.0;Sud-Médoc;ESTUAIRE;PAREMPUYRE;2026-04-18;16.0;108.0;0.0;0.0;0.0;1.0;1.0;1.0;;2.0;;1.0;1.0;1.0;1.0;1.0;1.0;2026-04-17 22:00:00+00:00
44.956;-0.595;-00.595_44.956;33.0;33.0;Sud-Médoc;ESTUAIRE;PAREMPUYRE;2026-04-19;16.0;109.0;0.0;0.0;0.0;1.0;1.0;1.0;;2.0;;4.0;4.0;1.0;2.0;4.0;1.0;2026-04-18 22:00:00+00:00
44.956;-0.595;-00.595_44.956;33.0;33.0;Sud-Médoc;ESTUAIRE;PAREMPUYRE;2026-04-20;17.0;110.0;0.0;0.0;0.0;1.0;1.0;1.0;;2.0;;2.0;1.0;2.0;1.0;1.0;2.0;2026-04-19 22:00:00+00:00
44.956;-0.595;-00.595_44.956;33.0;33.0;Sud-Médoc;ESTUAIRE;PAREMPUYRE;2026-04-21;17.0;111.0;0.0;0.0;0.0;1.0;1.0;1.0;;2.0;;1.0;1.0;1.0;3.0;1.0;1.0;2026-04-20 22:00:00+00:00
44.956;-0.595;-00.595_44.956;33.0;33.0;Sud-Médoc;ESTUAIRE;PAREMPUYRE;2026-04-22;17.0;112.0;0.0;0.0;0.0;1.0;1.0;1.0;;2.0;;1.0;3.0;2.0;1.0;2.0;1.0;2026-04-21 22:00:00+00:00
44.956;-0.595;-00.595_44.956;33.0;33.0;Sud-Médoc;ESTUAIRE;PAREMPUYRE;2026-04-23;17.0;113.0;0.0;0.0;0.0;1.0;1.0;1.0;;2.0;;1.0;1.0;4.0;1.0;1.0;2.0;2026-04-22 22:00:00+00:00
44.956;-0.595;-00.595_44.956;33.0;33.0;Sud-Médoc;ESTUAIRE;PAREMPUYRE;2026-04-24;17.0;114.0;0.0;0.0;0.0;1.0;1.0;1.0;;2.0;;2.0;2.0;1.0;1.0;2.0;4.0;2026-04-23 22:00:00+00:00
44.956;-0.595;-00.595_44.956;33.0;33.0;Sud-Médoc;ESTUAIRE;PAREMPUYRE;2026-04-25;17.0;115.0;0.0;0.0;0.0;1.0;1.0;1.0;;2.0;;1.0;2.0;1.0;1.0;1.0;3.0;2026-04-24 22:00:00+00:00
44.956;-0.595;-00.595_44.956;33.0;33.0;Sud-Médoc;ESTUAIRE;PAREMPUYRE;2026-04-26;17.0;116.0;0.0;0.0;0.0;1.0;1.0;1.0;;2.0;;2.0;2.0;2.0;2.0;1.0;2.0;2026-04-25 22:00:00+00:00
44.956;-0.595;-00.595_44.956;33.0;33.0;Sud-Médoc;ESTUAIRE;PAREMPUYRE;2026-04-27;18.0;117.0;0.0;0.0;0.0;1.0;1.0;1.0;;2.0;;1.0;1.0;1.0;1.0;1.0;2.0;2026-04-26 22:00:00+00:00
44.956;-0.595;-00.595_44.956;33.0;33.0;Sud-Médoc;ESTUAIRE;PAREMPUYRE;2026-04-28;18.0;118.0;0.0;0.0;0.0;1.0;1.0;1.0;;2.0;;1.0;1.0;2.0;1.0;1.0;1.0;2026-04-27 22:00:00+00:00
44.956;-0.595;-00.595_44.956;33.0;33.0;Sud-Médoc;ESTUAIRE;PAREMPUYRE;2026-04-29;18.0;119.0;4.4;4.4;4.4;1.0;1.0;1.0;;2.0;;1.0;1.0;1.0;4.0;3.0;1.0;2026-04-28 22:00:00+00:00
44.956;-0.595;-00.595_44.956;33.0;33.0;Sud-Médoc;ESTUAIRE;PAREMPUYRE;2026-04-30;18.0;120.0;2.0;2.0;2.0;1.0;1.0;1.0;;2.0;;2.0;1.0;2.0;2.0;2.0;2.0;2026-04-29 22:00:00+00:00
44.956;-0.595;-00.595_44.956;33.0;33.0;Sud-Médoc;ESTUAIRE;PAREMPUYRE;2026-05-01;18.0;121.0;0.0;0.0;0.0;1.0;1.0;1.0;;2.0;;1.0;2.0;2.0;2.0;1.0;1.0;2026-04-30 22:00:00+00:00
44.956;-0.595;-00.595_44.956;33.0;33.0;Sud-Médoc;ESTUAIRE;PAREMPUYRE;2026-05-02;18.0;122.0;10.1;10.1;10.1;1.0;1.0;1.0;;2.0;;2.0;1.0;1.0;1.0;2.0;4.0;2026-05-01 22:00:00+00:00
44.956;-0.595;-00.595_44.956;33.0;33.0;Sud-Médoc;ESTUAIRE;PAREMPUYRE;2026-05-03;18.0;123.0;3.8;3.8;3.8;3.0;3.0;3.0;;2.0;;4.0;1.0;1.0;1.0;1.0;1.0;2026-05-02 22:00:00+00:00
44.956;-0.595;-00.595_44.956;33.0;33.0;Sud-Médoc;ESTUAIRE;PAREMPUYRE;2026-05-04;19.0;124.0;5.2;5.2;5.2;1.0;1.0;1.0;;2.0;;3.0;2.0;1.0;3.0;1.0;2.0;2026-05-03 22:00:00+00:00
44.956;-0.595;-00.595_44.956;33.0;33.0;Sud-Médoc;ESTUAIRE;PAREMPUYRE;2026-05-05;19.0;125.0;6.2;6.2;6.2;1.0;1.0;1.0;;2.0;;1.0;3.0;4.0;2.0;1.0;1.0;2026-05-04 22:00:00+00:00
44.956;-0.595;-00.595_44.956;33.0;33.0;Sud-Médoc;ESTUAIRE;PAREMPUYRE;2026-05-06;19.0;126.0;4.2;4.2;4.2;2.0;2.0;2.0;;2.0;;2.0;3.0;4.0;1.0;1.0;1.0;2026-05-05 22:00:00+00:00
44.956;-0.595;-00.595_44.956;33.0;33.0;Sud-Médoc;ESTUAIRE;PAREMPUYRE;2026-05-07;19.0;127.0;0.0;0.0;0.0;1.0;1.0;1.0;;2.0;;4.0;2.0;1.0;2.0;1.0;1.0;2026-05-06 22:00:00+00:00
44.956;-0.595;-00.595_44.956;33.0;33.0;Sud-Médoc;ESTUAIRE;PAREMPUYRE;2026-05-08;19.0;128.0;0.0;0.0;0.0;1.0;1.0;1.0;;2.0;;2.0;3.0;4.0;2.0;3.0;1.0;2026-05-07 22:00:00+00:00
44.956;-0.595;-00.595_44.956;33.0;33.0;Sud-Médoc;ESTUAIRE;PAREMPUYRE;2026-05-09;19.0;129.0;0.0;0.0;0.0;1.0;1.0;1.0;;2.0;;3.0;1.0;1.0;1.0;3.0;3.0;2026-05-08 22:00:00+00:00
44.956;-0.595;-00.595_44.956;33.0;33.0;Sud-Médoc;ESTUAIRE;PAREMPUYRE;2026-05-10;19.0;130.0;0.1;0.1;0.1;1.0;1.0;1.0;;2.0;;2.0;1.0;3.0;1.0;1.0;2.0;2026-05-09 22:00:00+00:00
44.956;-0.595;-00.595_44.956;33.0;33.0;Sud-Médoc;ESTUAIRE;PAREMPUYRE;2026-05-11;20.0;131.0;0.0;0.0;0.0;1.0;1.0;1.0;;2.0;;1.0;2.0;1.0;2.0;1.0;1.0;2026-05-10 22:00:00+00:00
44.956;-0.595;-00.595_44.956;33.0;33.0;Sud-Médoc;ESTUAIRE;PAREMPUYRE;2026-05-12;20.0;132.0;0.0;0.0;0.0;1.0;1.0;1.0;;2.0;;1.0;1.0;1.0;1.0;1.0;4.0;2026-05-11 22:00:00+00:00
44.956;-0.595;-00.595_44.956;33.0;33.0;Sud-Médoc;ESTUAIRE;PAREMPUYRE;2026-05-13;20.0;133.0;0.0;0.0;0.0;1.0;1.0;1.0;;2.0;;1.0;1.0;1.0;1.0;2.0;2.0;2026-05-12 22:00:00+00:00
44.956;-0.595;-00.595_44.956;33.0;33.0;Sud-Médoc;ESTUAIRE;PAREMPUYRE;2026-05-14;20.0;134.0;18.7;18.7;18.7;1.0;1.0;1.0;;3.0;;1.0;1.0;1.0;2.0;1.0;2.0;2026-05-13 22:00:00+00:00
44.956;-0.595;-00.595_44.956;33.0;33.0;Sud-Médoc;ESTUAIRE;PAREMPUYRE;2026-05-15;20.0;135.0;4.6;4.6;4.6;1.0;1.0;1.0;;2.0;;3.0;1.0;1.0;3.0;1.0;1.0;2026-05-14 22:00:00+00:00
44.956;-0.595;-00.595_44.956;33.0;33.0;Sud-Médoc;ESTUAIRE;PAREMPUYRE;2026-05-16;20.0;136.0;3.5;3.5;3.5;1.0;1.0;1.0;;2.0;;2.0;1.0;1.0;2.0;1.0;1.0;2026-05-15 22:00:00+00:00
44.956;-0.595;-00.595_44.956;33.0;33.0;Sud-Médoc;ESTUAIRE;PAREMPUYRE;2026-05-17;20.0;137.0;2.5;2.5;2.5;1.0;1.0;1.0;;2.0;;1.0;1.0;1.0;2.0;2.0;1.0;2026-05-16 22:00:00+00:00
44.956;-0.595;-00.595_44.956;33.0;33.0;Sud-Médoc;ESTUAIRE;PAREMPUYRE;2026-05-18;21.0;138.0;0.9;0.9;0.9;1.0;1.0;1.0;;2.0;;1.0;1.0;3.0;3.0;3.0;2.0;2026-05-17 22:00:00+00:00
44.956;-0.595;-00.595_44.956;33.0;33.0;Sud-Médoc;ESTUAIRE;PAREMPUYRE;2026-05-19;21.0;139.0;0.3;0.3;0.3;1.0;1.0;1.0;;2.0;;1.0;2.0;2.0;2.0;1.0;1.0;2026-05-18 22:00:00+00:00
44.956;-0.595;-00.595_44.956;33.0;33.0;Sud-Médoc;ESTUAIRE;PAREMPUYRE;2026-05-20;21.0;140.0;0.0;0.0;0.0;1.0;1.0;1.0;;2.0;;1.0;1.0;2.0;2.0;2.0;2.0;2026-05-19 22:00:00+00:00
44.956;-0.595;-00.595_44.956;33.0;33.0;Sud-Médoc;ESTUAIRE;PAREMPUYRE;2026-05-21;21.0;141.0;0.0;0.0;0.0;1.0;1.0;1.0;;2.0;;4.0;1.0;1.0;1.0;1.0;1.0;2026-05-20 22:00:00+00:00
44.956;-0.595;-00.595_44.956;33.0;33.0;Sud-Médoc;ESTUAIRE;PAREMPUYRE;2026-05-22;21.0;142.0;0.0;0.0;0.0;1.0;1.0;1.0;;2.0;;1.0;2.0;2.0;1.0;1.0;4.0;2026-05-21 22:00:00+00:00
44.956;-0.595;-00.595_44.956;33.0;33.0;Sud-Médoc;ESTUAIRE;PAREMPUYRE;2026-05-23;21.0;143.0;0.0;0.0;0.0;1.0;1.0;1.0;;2.0;;1.0;1.0;3.0;2.0;1.0;3.0;2026-05-22 22:00:00+00:00
44.956;-0.595;-00.595_44.956;33.0;33.0;Sud-Médoc;ESTUAIRE;PAREMPUYRE;2026-05-24;21.0;144.0;0.0;0.0;0.0;1.0;1.0;1.0;;2.0;;1.0;3.0;2.0;3.0;1.0;2.0;2026-05-23 22:00:00+00:00
44.956;-0.595;-00.595_44.956;33.0;33.0;Sud-Médoc;ESTUAIRE;PAREMPUYRE;2026-05-25;22.0;145.0;0.0;0.0;0.0;1.0;1.0;1.0;;2.0;;1.0;1.0;1.0;2.0;3.0;2.0;2026-05-24 22:00:00+00:00
44.956;-0.595;-00.595_44.956;33.0;33.0;Sud-Médoc;ESTUAIRE;PAREMPUYRE;2026-05-26;22.0;146.0;0.0;0.0;0.0;1.0;1.0;1.0;;2.0;;1.0;2.0;2.0;3.0;3.0;2.0;2026-05-25 22:00:00+00:00
44.956;-0.595;-00.595_44.956;33.0;33.0;Sud-Médoc;ESTUAIRE;PAREMPUYRE;2026-05-27;22.0;147.0;0.0;0.0;0.0;1.0;1.0;1.0;;2.0;;3.0;1.0;2.0;4.0;1.0;1.0;2026-05-26 22:00:00+00:00
44.956;-0.595;-00.595_44.956;33.0;33.0;Sud-Médoc;ESTUAIRE;PAREMPUYRE;2026-05-28;22.0;148.0;0.0;0.0;0.0;1.0;1.0;1.0;;2.0;;2.0;2.0;1.0;1.0;1.0;3.0;2026-05-27 22:00:00+00:00
44.956;-0.595;-00.595_44.956;33.0;33.0;Sud-Médoc;ESTUAIRE;PAREMPUYRE;2026-05-29;22.0;149.0;0.0;0.0;0.0;1.0;1.0;1.0;;2.0;;1.0;2.0;2.0;1.0;2.0;3.0;2026-05-28 22:00:00+00:00
44.956;-0.595;-00.595_44.956;33.0;33.0;Sud-Médoc;ESTUAIRE;PAREMPUYRE;2026-05-30;22.0;150.0;0.0;0.0;0.0;1.0;1.0;1.0;;2.0;;2.0;2.0;3.0;4.0;1.0;2.0;2026-05-29 22:00:00+00:00
44.956;-0.595;-00.595_44.956;33.0;33.0;Sud-Médoc;ESTUAIRE;PAREMPUYRE;2026-05-31;22.0;151.0;0.0;0.0;0.0;1.0;1.0;1.0;2.0;2.0;2.0;2.0;1.0;1.0;1.0;1.0;1.0;2026-05-30 22:00:00+00:00
44.956;-0.595;-00.595_44.956;33.0;33.0;Sud-Médoc;ESTUAIRE;PAREMPUYRE;2026-06-01;23.0;152.0;0.0;0.0;0.0;1.0;1.0;1.0;2.0;2.0;2.0;4.0;2.0;1.0;4.0;3.0;1.0;2026-05-31 22:00:00+00:00
44.956;-0.595;-00.595_44.956;33.0;33.0;Sud-Médoc;ESTUAIRE;PAREMPUYRE;2026-06-02;23.0;153.0;9.3;9.3;9.3;1.0;1.0;1.0;2.0;2.0;2.0;2.0;2.0;1.0;1.0;1.0;1.0;2026-06-01 22:00:00+00:00
44.956;-0.595;-00.595_44.956;33.0;33.0;Sud-Médoc;ESTUAIRE;PAREMPUYRE;2026-06-03;23.0;154.0;1.0;1.0;1.0;1.0;1.0;1.0;2.0;2.0;2.0;1.0;2.0;3.0;1.0;2.0;1.0;2026-06-02 22:00:00+00:00
44.956;-0.595;-00.595_44.956;33.0;33.0;Sud-Médoc;ESTUAIRE;PAREMPUYRE;2026-06-04;23.0;155.0;0.4;0.4;0.4;1.0;1.0;1.0;2.0;2.0;2.0;1.0;1.0;1.0;3.0;3.0;1.0;2026-06-03 22:00:00+00:00
44.956;-0.595;-00.595_44.956;33.0;33.0;Sud-Médoc;ESTUAIRE;PAREMPUYRE;2026-06-05;23.0;156.0;0.0;0.0;0.0;1.0;1.0;1.0;2.0;2.0;2.0;2.0;1.0;2.0;2.0;2.0;2.0;2026-06-04 22:00:00+00:00
44.956;-0.595;-00.595_44.956;33.0;33.0;Sud-Médoc;ESTUAIRE;PAREMPUYRE;2026-06-06;23.0;157.0;0.0;0.0;0.0;1.0;1.0;1.0;2.0;2.0;2.0;3.0;3.0;1.0;1.0;2.0;1.0;2026-06-05 22:00:00+00:00
44.956;-0.595;-00.595_44.956;33.0;33.0;Sud-Médoc;ESTUAIRE;PAREMPUYRE;2026-06-07;23.0;158.0;0.0;0.0;0.0;1.0;1.0;1.0;2.0;2.0;2.0;1.0;2.0;2.0;1.0;3.0;1.0;2026-06-06 22:00:00+00:00
44.956;-0.595;-00.595_44.956;33.0;33.0;Sud-Médoc;ESTUAIRE;PAREMPUYRE;2026-06-08;24.0;159.0;0.5;0.5;0.5;1.0;1.0;1.0;2.0;2.0;2.0;4.0;2.0;1.0;1.0;1.0;1.0;2026-06-07 22:00:00+00:00
44.956;-0.595;-00.595_44.956;33.0;33.0;Sud-Médoc;ESTUAIRE;PAREMPUYRE;2026-06-09;24.0;160.0;0.0;0.0;0.0;1.0;1.0;1.0;2.0;2.0;2.0;1.0;1.0;2.0;2.0;1.0;1.0;2026-06-08 22:00:00+00:00
44.956;-0.595;-00.595_44.956;33.0;33.0;Sud-Médoc;ESTUAIRE;PAREMPUYRE;2026-06-10;24.0;161.0;3.5;3.5;3.5;1.0;1.0;1.0;2.0;2.0;2.0;2.0;1.0;1.0;2.0;2.0;1.0;2026-06-09 22:00:00+00:00
44.956;-0.595;-00.595_44.956;33.0;33.0;Sud-Médoc;ESTUAIRE;PAREMPUYRE;2026-06-11;24.0;162.0;0.0;0.0;0.0;1.0;1.0;1.0;2.0;2.0;2.0;1.0;3.0;2.0;1.0;1.0;3.0;2026-06-10 22:00:00+00:00
44.956;-0.595;-00.595_44.956;33.0;33.0;Sud-Médoc;ESTUAIRE;PAREMPUYRE;2026-06-12;24.0;163.0;0.0;0.0;0.0;1.0;1.0;1.0;2.0;2.0;2.0;1.0;2.0;2.0;2.0;1.0;3.0;2026-06-11 22:00:00+00:00
44.956;-0.595;-00.595_44.956;33.0;33.0;Sud-Médoc;ESTUAIRE;PAREMPUYRE;2026-06-13;24.0;164.0;0.0;0.0;0.0;1.0;1.0;1.0;2.0;2.0;2.0;2.0;2.0;4.0;2.0;2.0;1.0;2026-06-12 22:00:00+00:00
44.956;-0.595;-00.595_44.956;33.0;33.0;Sud-Médoc;ESTUAIRE;PAREMPUYRE;2026-06-14;24.0;165.0;0.0;0.0;0.0;1.0;1.0;1.0;2.0;2.0;2.0;3.0;4.0;2.0;3.0;3.0;2.0;2026-06-13 22:00:00+00:00
44.956;-0.595;-00.595_44.956;33.0;33.0;Sud-Médoc;ESTUAIRE;PAREMPUYRE;2026-06-15;25.0;166.0;0.0;0.0;0.0;1.0;1.0;1.0;2.0;2.0;2.0;2.0;2.0;1.0;1.0;3.0;3.0;2026-06-14 22:00:00+00:00
44.956;-0.595;-00.595_44.956;33.0;33.0;Sud-Médoc;ESTUAIRE;PAREMPUYRE;2026-06-16;25.0;167.0;0.0;0.0;0.0;1.0;1.0;1.0;2.0;2.0;2.0;3.0;2.0;1.0;2.0;1.0;3.0;2026-06-15 22:00:00+00:00
44.956;-0.595;-00.595_44.956;33.0;33.0;Sud-Médoc;ESTUAIRE;PAREMPUYRE;2026-06-17;25.0;168.0;0.0;0.0;0.0;1.0;1.0;1.0;2.0;2.0;2.0;2.0;1.0;1.0;2.0;1.0;2.0;2026-06-16 22:00:00+00:00
44.956;-0.595;-00.595_44.956;33.0;33.0;Sud-Médoc;ESTUAIRE;PAREMPUYRE;2026-06-18;25.0;169.0;0.0;0.0;0.0;1.0;1.0;1.0;2.0;2.0;2.0;1.0;2.0;1.0;1.0;1.0;1.0;2026-06-17 22:00:00+00:00
44.956;-0.595;-00.595_44.956;33.0;33.0;Sud-Médoc;ESTUAIRE;PAREMPUYRE;2026-06-19;25.0;170.0;0.0;0.0;0.0;1.0;1.0;1.0;2.0;2.0;2.0;1.0;1.0;4.0;1.0;1.0;1.0;2026-06-18 22:00:00+00:00
44.956;-0.595;-00.595_44.956;33.0;33.0;Sud-Médoc;ESTUAIRE;PAREMPUYRE;2026-06-20;25.0;171.0;2.5;2.5;2.5;1.0;1.0;1.0;1.0;1.0;1.0;1.0;1.0;3.0;1.0;2.0;1.0;2026-06-19 22:00:00+00:00
44.956;-0.595;-00.595_44.956;33.0;33.0;Sud-Médoc;ESTUAIRE;PAREMPUYRE;2026-06-21;25.0;172.0;2.7;2.7;2.7;1.0;1.0;1.0;1.0;1.0;1.0;2.0;1.0;2.0;3.0;1.0;1.0;2026-06-20 22:00:00+00:00
44.956;-0.595;-00.595_44.956;33.0;33.0;Sud-Médoc;ESTUAIRE;PAREMPUYRE;2026-06-22;26.0;173.0;0.0;0.0;0.0;1.0;1.0;1.0;1.0;1.0;1.0;2.0;2.0;2.0;1.0;1.0;1.0;2026-06-21 22:00:00+00:00
44.956;-0.595;-00.595_44.956;33.0;33.0;Sud-Médoc;ESTUAIRE;PAREMPUYRE;2026-06-23;26.0;174.0;0.0;0.0;0.0;1.0;1.0;1.0;1.0;1.0;1.0;3.0;1.0;2.0;3.0;2.0;1.0;2026-06-22 22:00:00+00:00
44.956;-0.595;-00.595_44.956;33.0;33.0;Sud-Médoc;ESTUAIRE;PAREMPUYRE;2026-06-24;26.0;175.0;0.0;0.0;0.0;1.0;1.0;1.0;1.0;1.0;1.0;2.0;2.0;1.0;1.0;3.0;2.0;2026-06-23 22:00:00+00:00
44.956;-0.595;-00.595_44.956;33.0;33.0;Sud-Médoc;ESTUAIRE;PAREMPUYRE;2026-06-25;26.0;176.0;3.5;3.5;3.5;1.0;1.0;1.0;1.0;1.0;1.0;1.0;2.0;1.0;1.0;1.0;1.0;2026-06-24 22:00:00+00:00
44.956;-0.595;-00.595_44.956;33.0;33.0;Sud-Médoc;ESTUAIRE;PAREMPUYRE;2026-06-26;26.0;177.0;15.4;15.4;15.4;1.0;1.0;1.0;1.0;1.0;1.0;1.0;2.0;1.0;1.0;1.0;3.0;2026-06-25 22:00:00+00:00
44.956;-0.595;-00.595_44.956;33.0;33.0;Sud-Médoc;ESTUAIRE;PAREMPUYRE;2026-06-27;26.0;178.0;1.7;1.7;1.7;1.0;1.0;1.0;1.0;1.0;1.0;1.0;1.0;3.0;1.0;1.0;2.0;2026-06-26 22:00:00+00:00
44.956;-0.595;-00.595_44.956;33.0;33.0;Sud-Médoc;ESTUAIRE;PAREMPUYRE;2026-06-28;26.0;179.0;8.2;8.2;8.2;1.0;1.0;1.0;2.0;2.0;2.0;1.0;1.0;1.0;4.0;1.0;1.0;2026-06-27 22:00:00+00:00
44.956;-0.595;-00.595_44.956;33.0;33.0;Sud-Médoc;ESTUAIRE;PAREMPUYRE;2026-06-29;27.0;180.0;0.0;0.0;0.0;1.0;1.0;1.0;2.0;2.0;2.0;1.0;1.0;1.0;1.0;2.0;1.0;2026-06-28 22:00:00+00:00
44.956;-0.595;-00.595_44.956;33.0;33.0;Sud-Médoc;ESTUAIRE;PAREMPUYRE;2026-06-30;27.0;181.0;0.0;0.0;0.0;1.0;1.0;1.0;2.0;2.0;2.0;4.0;1.0;1.0;2.0;1.0;1.0;2026-06-29 22:00:00+00:00
44.956;-0.595;-00.595_44.956;33.0;33.0;Sud-Médoc;ESTUAIRE;PAREMPUYRE;2026-07-01;27.0;182.0;0.0;0.0;0.0;1.0;1.0;1.0;2.0;2.0;2.0;2.0;2.0;3.0;2.0;1.0;2.0;2026-06-30 22:00:00+00:00
44.956;-0.595;-00.595_44.956;33.0;33.0;Sud-Médoc;ESTUAIRE;PAREMPUYRE;2026-07-02;27.0;183.0;0.0;0.0;0.0;1.0;1.0;1.0;2.0;2.0;2.0;2.0;1.0;1.0;2.0;1.0;1.0;2026-07-01 22:00:00+00:00
44.956;-0.595;-00.595_44.956;33.0;33.0;Sud-Médoc;ESTUAIRE;PAREMPUYRE;2026-07-03;27.0;184.0;0.0;0.0;0.0;1.0;1.0;1.0;2.0;2.0;2.0;2.0;4.0;1.0;2.0;4.0;3.0;2026-07-02 22:00:00+00:00
44.956;-0.595;-00.595_44.956;33.0;33.0;Sud-Médoc;ESTUAIRE;PAREMPUYRE;2026-07-04;27.0;185.0;0.0;0.0;0.0;1.0;1.0;1.0;2.0;2.0;2.0;1.0;1.0;4.0;1.0;1.0;1.0;2026-07-03 22:00:00+00:00
44.956;-0.595;-00.595_44.956;33.0;33.0;Sud-Médoc;ESTUAIRE;PAREMPUYRE;2026-07-05;27.0;186.0;0.0;0.0;0.0;1.0;1.0;1.0;2.0;2.0;2.0;1.0;1.0;1.0;4.0;3.0;1.0;2026-07-04 22:00:00+00:00
44.956;-0.595;-00.595_44.956;33.0;33.0;Sud-Médoc;ESTUAIRE;PAREMPUYRE;2026-07-06;28.0;187.0;0.0;0.0;0.0;1.0;1.0;1.0;2.0;2.0;2.0;1.0;2.0;3.0;2.0;2.0;1.0;2026-07-05 22:00:00+00:00
44.956;-0.595;-00.595_44.956;33.0;33.0;Sud-Médoc;ESTUAIRE;PAREMPUYRE;2026-07-07;28.0;188.0;0.0;0.0;0.0;1.0;1.0;1.0;2.0;2.0;2.0;1.0;2.0;2.0;2.0;1.0;1.0;2026-07-06 22:00:00+00:00
44.956;-0.595;-00.595_44.956;33.0;33.0;Sud-Médoc;ESTUAIRE;PAREMPUYRE;2026-07-08;28.0;189.0;0.0;0.0;0.0;1.0;1.0;1.0;2.0;2.0;2.0;2.0;1.0;4.0;1.0;2.0;1.0;2026-07-07 22:00:00+00:00
44.956;-0.595;-00.595_44.956;33.0;33.0;Sud-Médoc;ESTUAIRE;PAREMPUYRE;2026-07-09;28.0;190.0;0.0;0.0;0.0;1.0;1.0;1.0;2.0;2.0;2.0;3.0;2.0;1.0;1.0;2.0;2.0;2026-07-08 22:00:00+00:00
44.956;-0.595;-00.595_44.956;33.0;33.0;Sud-Médoc;ESTUAIRE;PAREMPUYRE;2026-07-10;28.0;191.0;2.6;2.6;2.6;1.0;1.0;1.0;2.0;2.0;2.0;3.0;1.0;2.0;2.0;2.0;2.0;2026-07-09 22:00:00+00:00
44.956;-0.595;-00.595_44.956;33.0;33.0;Sud-Médoc;ESTUAIRE;PAREMPUYRE;2026-07-11;28.0;192.0;1.2000000000000002;1.2000000000000002;1.2000000000000002;1.0;1.0;1.0;2.0;2.0;2.0;1.0;4.0;1.0;1.0;1.0;2.0;2026-07-10 22:00:00+00:00
44.956;-0.595;-00.595_44.956;33.0;33.0;Sud-Médoc;ESTUAIRE;PAREMPUYRE;2026-07-12;28.0;193.0;0.0;0.0;0.0;1.0;1.0;1.0;2.0;2.0;2.0;1.0;1.0;2.0;1.0;4.0;1.0;2026-07-11 22:00:00+00:00
44.956;-0.595;-00.595_44.956;33.0;33.0;Sud-Médoc;ESTUAIRE;PAREMPUYRE;2026-07-13;29.0;194.0;5.0;5.0;5.0;1.0;1.0;1.0;2.0;2.0;2.0;1.0;2.0;2.0;1.0;2.0;2.0;2026-07-12 22:00:00+00:00
44.956;-0.595;-00.595_44.956;33.0;33.0;Sud-Médoc;ESTUAIRE;PAREMPUYRE;2026-07-14;29.0;195.0;0.0;0.0;0.0;1.0;1.0;1.0;2.0;2.0;2.0;4.0;3.0;1.0;3.0;2.0;1.0;2026-07-13 22:00:00+00:00
44.956;-0.595;-00.595_44.956;33.0;33.0;Sud-Médoc;ESTUAIRE;PAREMPUYRE;2026-07-15;29.0;196.0;17.8;17.8;17.8;1.0;1.0;1.0;2.0;2.0;2.0;1.0;1.0;1.0;3.0;1.0;3.0;2026-07-14 22:00:00+00:00
44.956;-0.595;-00.595_44.956;33.0;33.0;Sud-Médoc;ESTUAIRE;PAREMPUYRE;2026-07-16;29.0;197.0;0.1;0.1;0.1;1.0;1.0;1.0;2.0;2.0;2.0;1.0;1.0;1.0;1.0;1.0;1.0;2026-07-15 22:00:00+00:00
44.956;-0.595;-00.595_44.956;33.0;33.0;Sud-Médoc;ESTUAIRE;PAREMPUYRE;2026-07-17;29.0;198.0;0.0;0.0;0.0;1.0;1.0;1.0;2.0;2.0;2.0;2.0;4.0;1.0;1.0;1.0;2.0;2026-07-16 22:00:00+00:00
44.956;-0.595;-00.595_44.956;33.0;33.0;Sud-Médoc;ESTUAIRE;PAREMPUYRE;2026-07-18;29.0;199.0;0.0;0.0;0.0;1.0;1.0;1.0;3.0;3.0;3.0;3.0;3.0;1.0;1.0;2.0;2.0;2026-07-17 22:00:00+00:00
44.956;-0.595;-00.595_44.956;33.0;33.0;Sud-Médoc;ESTUAIRE;PAREMPUYRE;2026-07-19;29.0;200.0;0.0;0.0;0.0;1.0;1.0;1.0;3.0;3.0;3.0;1.0;2.0;1.0;2.0;2.0;1.0;2026-07-18 22:00:00+00:00
44.956;-0.595;-00.595_44.956;33.0;33.0;Sud-Médoc;ESTUAIRE;PAREMPUYRE;2026-07-20;30.0;201.0;0.0;0.0;0.0;1.0;1.0;1.0;3.0;3.0;3.0;2.0;2.0;1.0;2.0;1.0;2.0;2026-07-19 22:00:00+00:00
44.956;-0.595;-00.595_44.956;33.0;33.0;Sud-Médoc;ESTUAIRE;PAREMPUYRE;2026-07-21;30.0;202.0;0.0;0.0;0.0;1.0;1.0;1.0;3.0;3.0;3.0;1.0;1.0;2.0;3.0;1.0;2.0;2026-07-20 22:00:00+00:00
44.956;-0.595;-00.595_44.956;33.0;33.0;Sud-Médoc;ESTUAIRE;PAREMPUYRE;2026-07-22;30.0;203.0;0.0;0.0;0.0;1.0;1.0;1.0;3.0;3.0;3.0;1.0;2.0;1.0;2.0;3.0;1.0;2026-07-21 22:00:00+00:00
44.956;-0.595;-00.595_44.956;33.0;33.0;Sud-Médoc;ESTUAIRE;PAREMPUYRE;2026-07-23;30.0;204.0;0.0;0.0;0.0;1.0;1.0;1.0;3.0;3.0;3.0;1.0;1.0;3.0;2.0;2.0;2.0;2026-07-22 22:00:00+00:00
44.956;-0.595;-00.595_44.956;33.0;33.0;Sud-Médoc;ESTUAIRE;PAREMPUYRE;2026-07-24;30.0;205.0;2.7;2.7;2.7;1.0;1.0;1.0;3.0;3.0;3.0;1.0;1.0;4.0;3.0;2.0;1.0;2026-07-23 22:00:00+00:00
44.956;-0.595;-00.595_44.956;33.0;33.0;Sud-Médoc;ESTUAIRE;PAREMPUYRE;2026-07-25;30.0;206.0;7.5;7.5;7.5;1.0;1.0;1.0;3.0;3.0;3.0;1.0;2.0;2.0;1.0;2.0;2.0;2026-07-24 22:00:00+00:00
44.956;-0.595;-00.595_44.956;33.0;33.0;Sud-Médoc;ESTUAIRE;PAREMPUYRE;2026-07-26;30.0;207.0;0.1;0.1;0.1;1.0;1.0;1.0;3.0;3.0;3.0;2.0;2.0;1.0;1.0;2.0;1.0;2026-07-25 22:00:00+00:00
44.956;-0.595;-00.595_44.956;33.0;33.0;Sud-Médoc;ESTUAIRE;PAREMPUYRE;2026-07-27;31.0;208.0;0.7999999999999999;0.7999999999999999;0.7999999999999999;1.0;1.0;1.0;4.0;4.0;4.0;1.0;1.0;3.0;2.0;1.0;4.0;2026-07-26 22:00:00+00:00
44.956;-0.595;-00.595_44.956;33.0;33.0;Sud-Médoc;ESTUAIRE;PAREMPUYRE;2026-07-28;31.0;209.0;0.0;0.0;0.0;1.0;1.0;1.0;4.0;4.0;4.0;1.0;2.0;1.0;2.0;2.0;1.0;2026-07-27 22:00:00+00:00
44.956;-0.595;-00.595_44.956;33.0;33.0;Sud-Médoc;ESTUAIRE;PAREMPUYRE;2026-07-29;31.0;210.0;0.0;0.0;0.0;1.0;1.0;1.0;4.0;4.0;4.0;1.0;3.0;3.0;1.0;1.0;2.0;2026-07-28 22:00:00+00:00
44.956;-0.595;-00.595_44.956;33.0;33.0;Sud-Médoc;ESTUAIRE;PAREMPUYRE;2026-07-30;31.0;211.0;0.0;0.0;0.0;1.0;1.0;1.0;4.0;4.0;4.0;1.0;1.0;1.0;1.0;1.0;2.0;2026-07-29 22:00:00+00:00
44.956;-0.595;-00.595_44.956;33.0;33.0;Sud-Médoc;ESTUAIRE;PAREMPUYRE;2026-07-31;31.0;212.0;0.0;0.0;0.0;1.0;1.0;1.0;4.0;4.0;4.0;2.0;3.0;3.0;2.0;2.0;1.0;2026-07-30 22:00:00+00:00
44.956;-0.595;-00.595_44.956;33.0;33.0;Sud-Médoc;ESTUAIRE;PAREMPUYRE;2026-08-01;31.0;213.0;0.0;0.0;0.0;1.0;1.0;1.0;4.0;4.0;4.0;2.0;2.0;1.0;3.0;3.0;1.0;2026-07-31 22:00:00+00:00
44.956;-0.595;-00.595_44.956;33.0;33.0;Sud-Médoc;ESTUAIRE;PAREMPUYRE;2026-08-02;31.0;214.0;0.0;0.0;0.0;1.0;1.0;1.0;4.0;4.0;4.0;2.0;3.0;2.0;2.0;2.0;1.0;2026-08-01 22:00:00+00:00
44.956;-0.595;-00.595_44.956;33.0;33.0;Sud-Médoc;ESTUAIRE;PAREMPUYRE;2026-08-03;32.0;215.0;0.2;0.2;0.2;1.0;1.0;1.0;3.0;3.0;3.0;2.0;1.0;2.0;2.0;4.0;2.0;2026-08-02 22:00:00+00:00
44.956;-0.595;-00.595_44.956;33.0;33.0;Sud-Médoc;ESTUAIRE;PAREMPUYRE;2026-08-04;32.0;216.0;0.0;0.0;0.0;1.0;1.0;1.0;3.0;3.0;3.0;1.0;2.0;1.0;2.0;3.0;2.0;2026-08-03 22:00:00+00:00
44.956;-0.595;-00.595_44.956;33.0;33.0;Sud-Médoc;ESTUAIRE;PAREMPUYRE;2026-08-05;32.0;217.0;0.0;0.0;0.0;1.0;1.0;1.0;3.0;3.0;3.0;2.0;1.0;1.0;2.0;1.0;1.0;2026-08-04 22:00:00+00:00
44.956;-0.595;-00.595_44.956;33.0;33.0;Sud-Médoc;ESTUAIRE;PAREMPUYRE;2026-08-06;32.0;218.0;0.0;0.0;0.0;1.0;1.0;1.0;3.0;3.0;3.0;1.0;3.0;1.0;3.0;1.0;2.0;2026-08-05 22:00:00+00:00
44.956;-0.595;-00.595_44.956;33.0;33.0;Sud-Médoc;ESTUAIRE;PAREMPUYRE;2026-08-07;32.0;219.0;0.0;0.0;0.0;1.0;1.0;1.0;3.0;3.0;3.0;1.0;3.0;1.0;1.0;3.0;2.0;2026-08-06 22:00:00+00:00
44.956;-0.595;-00.595_44.956;33.0;33.0;Sud-Médoc;ESTUAIRE;PAREMPUYRE;2026-08-08;32.0;220.0;7.4;7.4;7.4;1.0;1.0;1.0;3.0;3.0;3.0;2.0;1.0;2.0;2.0;3.0;2.0;2026-08-07 22:00:00+00:00
44.956;-0.595;-00.595_44.956;33.0;33.0;Sud-Médoc;ESTUAIRE;PAREMPUYRE;2026-08-09;32.0;221.0;0.9;0.9;0.9;1.0;1.0;1.0;3.0;3.0;3.0;2.0;1.0;4.0;1.0;2.0;4.0;2026-08-08 22:00:00+00:00
44.956;-0.595;-00.595_44.956;33.0;33.0;Sud-Médoc;ESTUAIRE;PAREMPUYRE;2026-08-10;33.0;222.0;0.2;0.2;0.2;1.0;1.0;1.0;3.0;3.0;3.0;3.0;1.0;3.0;3.0;3.0;1.0;2026-08-09 22:00:00+00:00
44.956;-0.595;-00.595_44.956;33.0;33.0;Sud-Médoc;ESTUAIRE;PAREMPUYRE;2026-08-11;33.0;223.0;0.0;0.0;0.0;1.0;1.0;1.0;3.0;3.0;3.0;2.0;3.0;1.0;1.0;1.0;2.0;2026-08-10 22:00:00+00:00
44.956;-0.595;-00.595_44.956;33.0;33.0;Sud-Médoc;ESTUAIRE;PAREMPUYRE;2026-08-12;33.0;224.0;0.0;0.0;0.0;1.0;1.0;1.0;3.0;3.0;3.0;1.0;2.0;1.0;2.0;1.0;1.0;2026-08-11 22:00:00+00:00
44.956;-0.595;-00.595_44.956;33.0;33.0;Sud-Médoc;ESTUAIRE;PAREMPUYRE;2026-08-13;33.0;225.0;0.0;0.0;0.0;1.0;1.0;1.0;3.0;3.0;3.0;1.0;1.0;1.0;1.0;3.0;2.0;2026-08-12 22:00:00+00:00
44.956;-0.595;-00.595_44.956;33.0;33.0;Sud-Médoc;ESTUAIRE;PAREMPUYRE;2026-08-14;33.0;226.0;0.1;0.1;0.1;1.0;1.0;1.0;3.0;3.0;3.0;1.0;1.0;3.0;2.0;3.0;2.0;2026-08-13 22:00:00+00:00
44.956;-0.595;-00.595_44.956;33.0;33.0;Sud-Médoc;ESTUAIRE;PAREMPUYRE;2026-08-15;33.0;227.0;1.3;1.3;1.3;1.0;1.0;1.0;3.0;3.0;3.0;1.0;2.0;1.0;1.0;1.0;3.0;2026-08-14 22:00:00+00:00
44.956;-0.595;-00.595_44.956;33.0;33.0;Sud-Médoc;ESTUAIRE;PAREMPUYRE;2026-08-16;33.0;228.0;0.0;0.0;0.0;1.0;1.0;1.0;3.0;3.0;3.0;3.0;2.0;1.0;2.0;1.0;1.0;2026-08-15 22:00:00+00:00
44.956;-0.595;-00.595_44.956;33.0;33.0;Sud-Médoc;ESTUAIRE;PAREMPUYRE;2026-08-17;34.0;229.0;0.0;0.0;0.0;1.0;1.0;1.0;3.0;3.0;3.0;1.0;3.0;2.0;3.0;2.0;1.0;2026-08-16 22:00:00+00:00
44.956;-0.595;-00.595_44.956;33.0;33.0;Sud-Médoc;ESTUAIRE;PAREMPUYRE;2026-08-18;34.0;230.0;0.0;0.0;0.0;1.0;1.0;1.0;2.0;2.0;2.0;3.0;1.0;1.0;1.0;2.0;1.0;2026-08-17 22:00:00+00:00
44.956;-0.595;-00.595_44.956;33.0;33.0;Sud-Médoc;ESTUAIRE;PAREMPUYRE;2026-08-19;34.0;231.0;0.1;0.1;0.1;1.0;1.0;1.0;2.0;2.0;2.0;1.0;1.0;2.0;4.0;3.0;1.0;2026-08-18 22:00:00+00:00
44.956;-0.595;-00.595_44.956;33.0;33.0;Sud-Médoc;ESTUAIRE;PAREMPUYRE;2026-08-20;34.0;232.0;1.4;1.4;1.4;1.0;1.0;1.0;2.0;2.0;2.0;1.0;1.0;1.0;2.0;1.0;1.0;2026-08-19 22:00:00+00:00
44.956;-0.595;-00.595_44.956;33.0;33.0;Sud-Médoc;ESTUAIRE;PAREMPUYRE;2026-08-21;34.0;233.0;3.1;3.1;3.1;1.0;1.0;1.0;2.0;2.0;2.0;3.0;2.0;1.0;3.0;3.0;1.0;2026-08-20 22:00:00+00:00
44.956;-0.595;-00.595_44.956;33.0;33.0;Sud-Médoc;ESTUAIRE;PAREMPUYRE;2026-08-22;34.0;234.0;0.0;0.0;0.0;1.0;1.0;1.0;2.0;2.0;2.0;2.0;1.0;1.0;2.0;3.0;1.0;2026-08-21 22:00:00+00:00
44.956;-0.595;-00.595_44.956;33.0;33.0;Sud-Médoc;ESTUAIRE;PAREMPUYRE;2026-08-23;34.0;235.0;0.1;0.1;0.1;1.0;1.0;1.0;2.0;2.0;2.0;1.0;3.0;3.0;2.0;1.0;1.0;2026-08-22 22:00:00+00:00
44.956;-0.595;-00.595_44.956;33.0;33.0;Sud-Médoc;ESTUAIRE;PAREMPUYRE;2026-08-24;35.0;236.0;3.826;3.99;4.48;1.0;1.0;1.0;2.0;2.0;2.0;1.0;2.0;1.0;1.0;1.0;1.0;2026-08-23 22:00:00+00:00
44.956;-0.595;-00.595_44.956;33.0;33.0;Sud-Médoc;ESTUAIRE;PAREMPUYRE;2026-08-25;35.0;237.0;1.821;3.645;7.287999999999999;1.0;1.0;1.0;2.0;2.0;2.0;1.0;1.0;1.0;2.0;1.0;1.0;2026-08-24 22:00:00+00:00
44.956;-0.595;-00.595_44.956;33.0;33.0;Sud-Médoc;ESTUAIRE;PAREMPUYRE;2026-08-26;35.0;238.0;2.119;4.139;8.277;1.0;1.0;1.0;2.0;2.0;2.0;1.0;2.0;2.0;1.0;2.0;3.0;2026-08-25 22:00:00+00:00
44.956;-0.595;-00.595_44.956;33.0;33.0;Sud-Médoc;ESTUAIRE;PAREMPUYRE;2026-08-27;35.0;239.0;1.783;3.566;7.137;1.0;1.0;1.0;2.0;2.0;2.0;2.0;1.0;1.0;2.0;2.0;4.0;2026-08-26 22:00:00+00:00
44.956;-0.595;-00.595_44.956;33.0;33.0;Sud-Médoc;ESTUAIRE;PAREMPUYRE;2026-08-28;35.0;240.0;0.316;0.634;1.269;1.0;1.0;1.0;2.0;2.0;2.0;3.0;1.0;1.0;1.0;1.0;1.0;2026-08-27 22:00:00+00:00
44.956;-0.595;-00.595_44.956;33.0;33.0;Sud-Médoc;ESTUAIRE;PAREMPUYRE;2026-08-29;35.0;241.0;0.18;0.363;0.72;1.0;1.0;1.0;2.0;2.0;2.0;3.0;3.0;1.0;1.0;2.0;3.0;2026-08-28 22:00:00+00:00
44.956;-0.595;-00.595_44.956;33.0;33.0;Sud-Médoc;ESTUAIRE;PAREMPUYRE;2026-08-30;35.0;242.0;0.0;0.0;0.0;1.0;1.0;1.0;2.0;2.0;2.0;2.0;1.0;4.0;2.0;2.0;3.0;2026-08-29 22:00:00+00:00
44.956;-0.595;-00.595_44.956;33.0;33.0;Sud-Médoc;ESTUAIRE;PAREMPUYRE;2026-08-31;36.0;243.0;0.273;0.459;0.915;1.0;1.0;1.0;2.0;2.0;2.0;3.0;1.0;1.0;2.0;2.0;3.0;2026-08-30 22:00:00+00:00
44.956;-0.595;-00.595_44.956;33.0;33.0;Sud-Médoc;ESTUAIRE;PAREMPUYRE;2026-09-01;36.0;244.0;0.701;1.299;2.595;1.0;1.0;1.0;2.0;2.0;2.0;4.0;1.0;3.0;1.0;2.0;3.0;2026-08-31 22:00:00+00:00
44.956;-0.595;-00.595_44.956;33.0;33.0;Sud-Médoc;ESTUAIRE;PAREMPUYRE;2026-09-02;36.0;245.0;0.51;0.934;1.871;1.0;1.0;1.0;2.0;2.0;2.0;1.0;2.0;1.0;1.0;4.0;3.0;2026-09-01 22:00:00+00:00
44.956;-0.595;-00.595_44.956;33.0;33.0;Sud-Médoc;ESTUAIRE;PAREMPUYRE;2026-09-03;36.0;246.0;1.956;3.806;7.617000000000001;1.0;1.0;1.0;2.0;2.0;2.0;1.0;1.0;1.0;1.0;4.0;2.0;2026-09-02 22:00:00+00:00
44.956;-0.595;-00.595_44.956;33.0;33.0;Sud-Médoc;ESTUAIRE;PAREMPUYRE;2026-09-04;36.0;247.0;2.663;5.228;10.461;1.0;1.0;1.0;2.0;2.0;2.0;2.0;3.0;1.0;1.0;2.0;1.0;2026-09-03 22:00:00+00:00
44.956;-0.595;-00.595_44.956;33.0;33.0;Sud-Médoc;ESTUAIRE;PAREMPUYRE;2026-09-05;36.0;248.0;1.358;2.605;5.2090000000000005;1.0;1.0;1.0;2.0;2.0;3.0;2.0;4.0;4.0;1.0;1.0;2.0;2026-09-04 22:00:00+00:00
44.956;-0.595;-00.595_44.956;33.0;33.0;Sud-Médoc;ESTUAIRE;PAREMPUYRE;2026-09-06;36.0;249.0;0.0;0.042;0.0;1.0;1.0;1.0;2.0;2.0;3.0;3.0;3.0;1.0;1.0;3.0;1.0;2026-09-05 22:00:00+00:00
44.956;-0.595;-00.595_44.956;33.0;33.0;Sud-Médoc;ESTUAIRE;PAREMPUYRE;2026-09-07;37.0;250.0;0.793;1.486;2.979;1.0;1.0;1.0;2.0;2.0;3.0;3.0;2.0;1.0;1.0;2.0;1.0;2026-09-06 22:00:00+00:00
43.516;-0.931;-00.931_43.516;33.0;33.0;Béarn;VALLEES-GAVES-ADOUR-OUEST;BELLOCQ;2026-01-01;1.0;1.0;0.0;0.0;0.0;1.0;1.0;1.0;;;;1.0;1.0;1.0;1.0;1.0;1.0;2025-12-31 23:00:00+00:00
43.516;-0.931;-00.931_43.516;33.0;33.0;Béarn;VALLEES-GAVES-ADOUR-OUEST;BELLOCQ;2026-01-02;1.0;2.0;0.2;0.2;0.2;1.0;1.0;1.0;;;;1.0;1.0;1.0;1.0;2.0;2.0;2026-01-01 23:00:00+00:00
43.516;-0.931;-00.931_43.516;33.0;33.0;Béarn;VALLEES-GAVES-ADOUR-OUEST;BELLOCQ;2026-01-03;1.0;3.0;1.7;1.7;1.7;1.0;1.0;1.0;;;;3.0;1.0;1.0;1.0;2.0;2.0;2026-01-02 23:00:00+00:00
43.516;-0.931;-00.931_43.516;33.0;33.0;Béarn;VALLEES-GAVES-ADOUR-OUEST;BELLOCQ;2026-01-04;1.0;4.0;0.0;0.0;0.0;1.0;1.0;1.0;;;;1.0;4.0;4.0;2.0;2.0;2.0;2026-01-03 23:00:00+00:00
43.516;-0.931;-00.931_43.516;33.0;33.0;Béarn;VALLEES-GAVES-ADOUR-OUEST;BELLOCQ;2026-01-05;2.0;5.0;0.0;0.0;0.0;1.0;1.0;1.0;;;;3.0;1.0;1.0;1.0;1.0;4.0;2026-01-04 23:00:00+00:00
43.516;-0.931;-00.931_43.516;33.0;33.0;Béarn;VALLEES-GAVES-ADOUR-OUEST;BELLOCQ;2026-01-06;2.0;6.0;0.9;0.9;0.9;1.0;1.0;1.0;;;;3.0;2.0;1.0;1.0;1.0;2.0;2026-01-05 23:00:00+00:00
43.516;-0.931;-00.931_43.516;33.0;33.0;Béarn;VALLEES-GAVES-ADOUR-OUEST;BELLOCQ;2026-01-07;2.0;7.0;4.7;4.7;4.7;1.0;1.0;1.0;;;;1.0;1.0;4.0;1.0;1.0;2.0;2026-01-06 23:00:00+00:00
43.516;-0.931;-00.931_43.516;33.0;33.0;Béarn;VALLEES-GAVES-ADOUR-OUEST;BELLOCQ;2026-01-08;2.0;8.0;11.7;11.7;11.7;1.0;1.0;1.0;;;;2.0;1.0;2.0;2.0;1.0;2.0;2026-01-07 23:00:00+00:00
43.516;-0.931;-00.931_43.516;33.0;33.0;Béarn;VALLEES-GAVES-ADOUR-OUEST;BELLOCQ;2026-01-09;2.0;9.0;22.0;22.0;22.0;1.0;1.0;1.0;;;;4.0;1.0;1.0;2.0;3.0;2.0;2026-01-08 23:00:00+00:00
43.516;-0.931;-00.931_43.516;33.0;33.0;Béarn;VALLEES-GAVES-ADOUR-OUEST;BELLOCQ;2026-01-10;2.0;10.0;9.5;9.5;9.5;1.0;1.0;1.0;;;;2.0;2.0;4.0;2.0;1.0;1.0;2026-01-09 23:00:00+00:00
43.516;-0.931;-00.931_43.516;33.0;33.0;Béarn;VALLEES-GAVES-ADOUR-OUEST;BELLOCQ;2026-01-11;2.0;11.0;0.4;0.4;0.4;1.0;1.0;1.0;;;;1.0;2.0;2.0;1.0;3.0;1.0;2026-01-10 23:00:00+00:00
43.516;-0.931;-00.931_43.516;33.0;33.0;Béarn;VALLEES-GAVES-ADOUR-OUEST;BELLOCQ;2026-01-12;3.0;12.0;0.0;0.0;0.0;1.0;1.0;1.0;;;;1.0;3.0;4.0;1.0;1.0;3.0;2026-01-11 23:00:00+00:00
43.516;-0.931;-00.931_43.516;33.0;33.0;Béarn;VALLEES-GAVES-ADOUR-OUEST;BELLOCQ;2026-01-13;3.0;13.0;0.0;0.0;0.0;1.0;1.0;1.0;;;;2.0;2.0;1.0;2.0;1.0;2.0;2026-01-12 23:00:00+00:00
43.516;-0.931;-00.931_43.516;33.0;33.0;Béarn;VALLEES-GAVES-ADOUR-OUEST;BELLOCQ;2026-01-14;3.0;14.0;1.5;1.5;1.5;1.0;1.0;1.0;;;;3.0;1.0;2.0;4.0;3.0;1.0;2026-01-13 23:00:00+00:00
43.516;-0.931;-00.931_43.516;33.0;33.0;Béarn;VALLEES-GAVES-ADOUR-OUEST;BELLOCQ;2026-01-15;3.0;15.0;1.1;1.1;1.1;1.0;1.0;1.0;;;;2.0;1.0;3.0;2.0;1.0;2.0;2026-01-14 23:00:00+00:00
43.516;-0.931;-00.931_43.516;33.0;33.0;Béarn;VALLEES-GAVES-ADOUR-OUEST;BELLOCQ;2026-01-16;3.0;16.0;5.0;5.0;5.0;1.0;1.0;1.0;;;;1.0;1.0;1.0;2.0;2.0;3.0;2026-01-15 23:00:00+00:00
43.516;-0.931;-00.931_43.516;33.0;33.0;Béarn;VALLEES-GAVES-ADOUR-OUEST;BELLOCQ;2026-01-17;3.0;17.0;3.7;3.7;3.7;1.0;1.0;1.0;;;;4.0;2.0;2.0;4.0;1.0;2.0;2026-01-16 23:00:00+00:00
43.516;-0.931;-00.931_43.516;33.0;33.0;Béarn;VALLEES-GAVES-ADOUR-OUEST;BELLOCQ;2026-01-18;3.0;18.0;3.0;3.0;3.0;1.0;1.0;1.0;;;;1.0;1.0;1.0;2.0;2.0;2.0;2026-01-17 23:00:00+00:00
43.516;-0.931;-00.931_43.516;33.0;33.0;Béarn;VALLEES-GAVES-ADOUR-OUEST;BELLOCQ;2026-01-19;4.0;19.0;8.6;8.6;8.6;1.0;1.0;1.0;;;;1.0;1.0;3.0;2.0;1.0;2.0;2026-01-18 23:00:00+00:00
43.516;-0.931;-00.931_43.516;33.0;33.0;Béarn;VALLEES-GAVES-ADOUR-OUEST;BELLOCQ;2026-01-20;4.0;20.0;0.2;0.2;0.2;1.0;1.0;1.0;;;;1.0;1.0;1.0;3.0;1.0;3.0;2026-01-19 23:00:00+00:00
43.516;-0.931;-00.931_43.516;33.0;33.0;Béarn;VALLEES-GAVES-ADOUR-OUEST;BELLOCQ;2026-01-21;4.0;21.0;5.4;5.4;5.4;1.0;1.0;1.0;;;;1.0;1.0;3.0;1.0;1.0;2.0;2026-01-20 23:00:00+00:00
43.516;-0.931;-00.931_43.516;33.0;33.0;Béarn;VALLEES-GAVES-ADOUR-OUEST;BELLOCQ;2026-01-22;4.0;22.0;15.5;15.5;15.5;1.0;1.0;1.0;;;;2.0;4.0;1.0;1.0;1.0;2.0;2026-01-21 23:00:00+00:00
43.516;-0.931;-00.931_43.516;33.0;33.0;Béarn;VALLEES-GAVES-ADOUR-OUEST;BELLOCQ;2026-01-23;4.0;23.0;0.3;0.3;0.3;1.0;1.0;1.0;;;;2.0;1.0;1.0;1.0;2.0;1.0;2026-01-22 23:00:00+00:00
43.516;-0.931;-00.931_43.516;33.0;33.0;Béarn;VALLEES-GAVES-ADOUR-OUEST;BELLOCQ;2026-01-24;4.0;24.0;5.0;5.0;5.0;1.0;1.0;1.0;;;;4.0;3.0;1.0;1.0;2.0;1.0;2026-01-23 23:00:00+00:00
43.516;-0.931;-00.931_43.516;33.0;33.0;Béarn;VALLEES-GAVES-ADOUR-OUEST;BELLOCQ;2026-01-25;4.0;25.0;26.4;26.4;26.4;1.0;1.0;1.0;;;;2.0;4.0;3.0;1.0;1.0;1.0;2026-01-24 23:00:00+00:00
43.516;-0.931;-00.931_43.516;33.0;33.0;Béarn;VALLEES-GAVES-ADOUR-OUEST;BELLOCQ;2026-01-26;5.0;26.0;6.800000000000001;6.800000000000001;6.800000000000001;1.0;1.0;1.0;;;;2.0;1.0;2.0;3.0;1.0;1.0;2026-01-25 23:00:00+00:00
43.516;-0.931;-00.931_43.516;33.0;33.0;Béarn;VALLEES-GAVES-ADOUR-OUEST;BELLOCQ;2026-01-27;5.0;27.0;13.9;13.9;13.9;1.0;1.0;1.0;;;;1.0;2.0;2.0;2.0;1.0;1.0;2026-01-26 23:00:00+00:00
43.516;-0.931;-00.931_43.516;33.0;33.0;Béarn;VALLEES-GAVES-ADOUR-OUEST;BELLOCQ;2026-01-28;5.0;28.0;2.5;2.5;2.5;1.0;1.0;1.0;;;;2.0;1.0;2.0;3.0;1.0;1.0;2026-01-27 23:00:00+00:00
43.516;-0.931;-00.931_43.516;33.0;33.0;Béarn;VALLEES-GAVES-ADOUR-OUEST;BELLOCQ;2026-01-29;5.0;29.0;7.7;7.7;7.7;1.0;1.0;1.0;;;;4.0;2.0;2.0;3.0;1.0;1.0;2026-01-28 23:00:00+00:00
43.516;-0.931;-00.931_43.516;33.0;33.0;Béarn;VALLEES-GAVES-ADOUR-OUEST;BELLOCQ;2026-01-30;5.0;30.0;2.0;2.0;2.0;1.0;1.0;1.0;;;;1.0;2.0;1.0;1.0;2.0;1.0;2026-01-29 23:00:00+00:00
43.516;-0.931;-00.931_43.516;33.0;33.0;Béarn;VALLEES-GAVES-ADOUR-OUEST;BELLOCQ;2026-01-31;5.0;31.0;33.4;33.4;33.4;1.0;1.0;1.0;;;;3.0;3.0;2.0;2.0;1.0;1.0;2026-01-30 23:00:00+00:00
43.516;-0.931;-00.931_43.516;33.0;33.0;Béarn;VALLEES-GAVES-ADOUR-OUEST;BELLOCQ;2026-02-01;5.0;32.0;0.7;0.7;0.7;1.0;1.0;1.0;;;;1.0;1.0;1.0;3.0;2.0;1.0;2026-01-31 23:00:00+00:00
43.516;-0.931;-00.931_43.516;33.0;33.0;Béarn;VALLEES-GAVES-ADOUR-OUEST;BELLOCQ;2026-02-02;6.0;33.0;2.0;2.0;2.0;1.0;1.0;1.0;;;;1.0;4.0;2.0;3.0;1.0;3.0;2026-02-01 23:00:00+00:00
43.516;-0.931;-00.931_43.516;33.0;33.0;Béarn;VALLEES-GAVES-ADOUR-OUEST;BELLOCQ;2026-02-03;6.0;34.0;0.0;0.0;0.0;1.0;1.0;1.0;;;;4.0;3.0;1.0;1.0;4.0;3.0;2026-02-02 23:00:00+00:00
43.516;-0.931;-00.931_43.516;33.0;33.0;Béarn;VALLEES-GAVES-ADOUR-OUEST;BELLOCQ;2026-02-04;6.0;35.0;2.4;2.4;2.4;1.0;1.0;1.0;;;;1.0;2.0;2.0;2.0;3.0;2.0;2026-02-03 23:00:00+00:00
43.516;-0.931;-00.931_43.516;33.0;33.0;Béarn;VALLEES-GAVES-ADOUR-OUEST;BELLOCQ;2026-02-05;6.0;36.0;11.1;11.1;11.1;1.0;1.0;1.0;;;;4.0;1.0;1.0;1.0;1.0;2.0;2026-02-04 23:00:00+00:00
43.516;-0.931;-00.931_43.516;33.0;33.0;Béarn;VALLEES-GAVES-ADOUR-OUEST;BELLOCQ;2026-02-06;6.0;37.0;0.8;0.8;0.8;1.0;1.0;1.0;;;;4.0;1.0;2.0;1.0;2.0;1.0;2026-02-05 23:00:00+00:00
43.516;-0.931;-00.931_43.516;33.0;33.0;Béarn;VALLEES-GAVES-ADOUR-OUEST;BELLOCQ;2026-02-07;6.0;38.0;0.1;0.1;0.1;1.0;1.0;1.0;;;;1.0;3.0;1.0;1.0;3.0;3.0;2026-02-06 23:00:00+00:00
43.516;-0.931;-00.931_43.516;33.0;33.0;Béarn;VALLEES-GAVES-ADOUR-OUEST;BELLOCQ;2026-02-08;6.0;39.0;9.7;9.7;9.7;1.0;1.0;1.0;;;;1.0;2.0;1.0;1.0;2.0;1.0;2026-02-07 23:00:00+00:00
43.516;-0.931;-00.931_43.516;33.0;33.0;Béarn;VALLEES-GAVES-ADOUR-OUEST;BELLOCQ;2026-02-09;7.0;40.0;10.7;10.7;10.7;1.0;1.0;1.0;;;;3.0;2.0;2.0;2.0;1.0;2.0;2026-02-08 23:00:00+00:00
43.516;-0.931;-00.931_43.516;33.0;33.0;Béarn;VALLEES-GAVES-ADOUR-OUEST;BELLOCQ;2026-02-10;7.0;41.0;34.6;34.6;34.6;1.0;1.0;1.0;;;;1.0;1.0;3.0;2.0;1.0;2.0;2026-02-09 23:00:00+00:00
43.516;-0.931;-00.931_43.516;33.0;33.0;Béarn;VALLEES-GAVES-ADOUR-OUEST;BELLOCQ;2026-02-11;7.0;42.0;1.7;1.7;1.7;1.0;1.0;1.0;;;;4.0;1.0;1.0;1.0;3.0;1.0;2026-02-10 23:00:00+00:00
43.516;-0.931;-00.931_43.516;33.0;33.0;Béarn;VALLEES-GAVES-ADOUR-OUEST;BELLOCQ;2026-02-12;7.0;43.0;1.4;1.4;1.4;1.0;1.0;1.0;;;;3.0;4.0;1.0;2.0;2.0;1.0;2026-02-11 23:00:00+00:00
43.516;-0.931;-00.931_43.516;33.0;33.0;Béarn;VALLEES-GAVES-ADOUR-OUEST;BELLOCQ;2026-02-13;7.0;44.0;17.0;17.0;17.0;1.0;1.0;1.0;;;;1.0;2.0;2.0;3.0;3.0;1.0;2026-02-12 23:00:00+00:00
43.516;-0.931;-00.931_43.516;33.0;33.0;Béarn;VALLEES-GAVES-ADOUR-OUEST;BELLOCQ;2026-02-14;7.0;45.0;8.5;8.5;8.5;1.0;1.0;1.0;;;;3.0;1.0;3.0;4.0;1.0;1.0;2026-02-13 23:00:00+00:00
43.516;-0.931;-00.931_43.516;33.0;33.0;Béarn;VALLEES-GAVES-ADOUR-OUEST;BELLOCQ;2026-02-15;7.0;46.0;14.9;14.9;14.9;1.0;1.0;1.0;;;;1.0;4.0;3.0;4.0;1.0;1.0;2026-02-14 23:00:00+00:00
43.516;-0.931;-00.931_43.516;33.0;33.0;Béarn;VALLEES-GAVES-ADOUR-OUEST;BELLOCQ;2026-02-16;8.0;47.0;39.0;39.0;39.0;1.0;1.0;1.0;;;;2.0;3.0;3.0;2.0;1.0;2.0;2026-02-15 23:00:00+00:00
43.516;-0.931;-00.931_43.516;33.0;33.0;Béarn;VALLEES-GAVES-ADOUR-OUEST;BELLOCQ;2026-02-17;8.0;48.0;0.4;0.4;0.4;1.0;1.0;1.0;;;;2.0;1.0;1.0;1.0;1.0;2.0;2026-02-16 23:00:00+00:00
43.516;-0.931;-00.931_43.516;33.0;33.0;Béarn;VALLEES-GAVES-ADOUR-OUEST;BELLOCQ;2026-02-18;8.0;49.0;10.8;10.8;10.8;1.0;1.0;1.0;;;;1.0;4.0;1.0;1.0;1.0;1.0;2026-02-17 23:00:00+00:00
43.516;-0.931;-00.931_43.516;33.0;33.0;Béarn;VALLEES-GAVES-ADOUR-OUEST;BELLOCQ;2026-02-19;8.0;50.0;19.9;19.9;19.9;1.0;1.0;1.0;;;;1.0;4.0;2.0;1.0;2.0;4.0;2026-02-18 23:00:00+00:00
43.516;-0.931;-00.931_43.516;33.0;33.0;Béarn;VALLEES-GAVES-ADOUR-OUEST;BELLOCQ;2026-02-20;8.0;51.0;1.7;1.7;1.7;1.0;1.0;1.0;;;;2.0;1.0;1.0;1.0;1.0;1.0;2026-02-19 23:00:00+00:00
43.516;-0.931;-00.931_43.516;33.0;33.0;Béarn;VALLEES-GAVES-ADOUR-OUEST;BELLOCQ;2026-02-21;8.0;52.0;0.0;0.0;0.0;1.0;1.0;1.0;;;;1.0;1.0;2.0;3.0;1.0;1.0;2026-02-20 23:00:00+00:00
43.516;-0.931;-00.931_43.516;33.0;33.0;Béarn;VALLEES-GAVES-ADOUR-OUEST;BELLOCQ;2026-02-22;8.0;53.0;0.0;0.0;0.0;1.0;1.0;1.0;;;;1.0;3.0;2.0;2.0;1.0;1.0;2026-02-21 23:00:00+00:00
43.516;-0.931;-00.931_43.516;33.0;33.0;Béarn;VALLEES-GAVES-ADOUR-OUEST;BELLOCQ;2026-02-23;9.0;54.0;0.0;0.0;0.0;1.0;1.0;1.0;;;;1.0;2.0;1.0;3.0;2.0;3.0;2026-02-22 23:00:00+00:00
43.516;-0.931;-00.931_43.516;33.0;33.0;Béarn;VALLEES-GAVES-ADOUR-OUEST;BELLOCQ;2026-02-24;9.0;55.0;0.0;0.0;0.0;1.0;1.0;1.0;;;;2.0;1.0;3.0;2.0;1.0;1.0;2026-02-23 23:00:00+00:00
43.516;-0.931;-00.931_43.516;33.0;33.0;Béarn;VALLEES-GAVES-ADOUR-OUEST;BELLOCQ;2026-02-25;9.0;56.0;0.0;0.0;0.0;1.0;1.0;1.0;;;;2.0;1.0;1.0;1.0;4.0;4.0;2026-02-24 23:00:00+00:00
43.516;-0.931;-00.931_43.516;33.0;33.0;Béarn;VALLEES-GAVES-ADOUR-OUEST;BELLOCQ;2026-02-26;9.0;57.0;0.0;0.0;0.0;1.0;1.0;1.0;;;;2.0;3.0;3.0;3.0;1.0;2.0;2026-02-25 23:00:00+00:00
43.516;-0.931;-00.931_43.516;33.0;33.0;Béarn;VALLEES-GAVES-ADOUR-OUEST;BELLOCQ;2026-02-27;9.0;58.0;0.6;0.6;0.6;1.0;1.0;1.0;;;;3.0;3.0;2.0;2.0;4.0;3.0;2026-02-26 23:00:00+00:00
43.516;-0.931;-00.931_43.516;33.0;33.0;Béarn;VALLEES-GAVES-ADOUR-OUEST;BELLOCQ;2026-02-28;9.0;59.0;6.1;6.1;6.1;1.0;1.0;1.0;;;;2.0;2.0;1.0;1.0;2.0;3.0;2026-02-27 23:00:00+00:00
43.516;-0.931;-00.931_43.516;33.0;33.0;Béarn;VALLEES-GAVES-ADOUR-OUEST;BELLOCQ;2026-03-01;9.0;60.0;0.0;0.0;0.0;1.0;1.0;1.0;;;;3.0;3.0;1.0;2.0;3.0;2.0;2026-02-28 23:00:00+00:00
43.516;-0.931;-00.931_43.516;33.0;33.0;Béarn;VALLEES-GAVES-ADOUR-OUEST;BELLOCQ;2026-03-02;10.0;61.0;0.0;0.0;0.0;1.0;1.0;1.0;;;;3.0;2.0;1.0;4.0;2.0;1.0;2026-03-01 23:00:00+00:00
43.516;-0.931;-00.931_43.516;33.0;33.0;Béarn;VALLEES-GAVES-ADOUR-OUEST;BELLOCQ;2026-03-03;10.0;62.0;0.0;0.0;0.0;1.0;1.0;1.0;;;;1.0;2.0;2.0;1.0;3.0;3.0;2026-03-02 23:00:00+00:00
43.516;-0.931;-00.931_43.516;33.0;33.0;Béarn;VALLEES-GAVES-ADOUR-OUEST;BELLOCQ;2026-03-04;10.0;63.0;0.0;0.0;0.0;1.0;1.0;1.0;;;;2.0;1.0;1.0;1.0;2.0;1.0;2026-03-03 23:00:00+00:00
43.516;-0.931;-00.931_43.516;33.0;33.0;Béarn;VALLEES-GAVES-ADOUR-OUEST;BELLOCQ;2026-03-05;10.0;64.0;1.3;1.3;1.3;1.0;1.0;1.0;;;;2.0;3.0;1.0;2.0;2.0;1.0;2026-03-04 23:00:00+00:00
43.516;-0.931;-00.931_43.516;33.0;33.0;Béarn;VALLEES-GAVES-ADOUR-OUEST;BELLOCQ;2026-03-06;10.0;65.0;1.7;1.7;1.7;1.0;1.0;1.0;;;;4.0;1.0;2.0;1.0;1.0;2.0;2026-03-05 23:00:00+00:00
43.516;-0.931;-00.931_43.516;33.0;33.0;Béarn;VALLEES-GAVES-ADOUR-OUEST;BELLOCQ;2026-03-07;10.0;66.0;0.0;0.0;0.0;1.0;1.0;1.0;;;;1.0;1.0;2.0;3.0;1.0;2.0;2026-03-06 23:00:00+00:00
43.516;-0.931;-00.931_43.516;33.0;33.0;Béarn;VALLEES-GAVES-ADOUR-OUEST;BELLOCQ;2026-03-08;10.0;67.0;6.6;6.6;6.6;1.0;1.0;1.0;;;;1.0;1.0;2.0;1.0;1.0;2.0;2026-03-07 23:00:00+00:00
43.516;-0.931;-00.931_43.516;33.0;33.0;Béarn;VALLEES-GAVES-ADOUR-OUEST;BELLOCQ;2026-03-09;11.0;68.0;0.3;0.3;0.3;1.0;1.0;1.0;;;;1.0;1.0;1.0;1.0;1.0;1.0;2026-03-08 23:00:00+00:00
43.516;-0.931;-00.931_43.516;33.0;33.0;Béarn;VALLEES-GAVES-ADOUR-OUEST;BELLOCQ;2026-03-10;11.0;69.0;0.0;0.0;0.0;1.0;1.0;1.0;;;;2.0;3.0;1.0;1.0;1.0;1.0;2026-03-09 23:00:00+00:00
43.516;-0.931;-00.931_43.516;33.0;33.0;Béarn;VALLEES-GAVES-ADOUR-OUEST;BELLOCQ;2026-03-11;11.0;70.0;0.3;0.3;0.3;1.0;1.0;1.0;;;;1.0;1.0;2.0;1.0;1.0;1.0;2026-03-10 23:00:00+00:00
43.516;-0.931;-00.931_43.516;33.0;33.0;Béarn;VALLEES-GAVES-ADOUR-OUEST;BELLOCQ;2026-03-12;11.0;71.0;0.1;0.1;0.1;1.0;1.0;1.0;;;;4.0;1.0;1.0;3.0;1.0;3.0;2026-03-11 23:00:00+00:00
43.516;-0.931;-00.931_43.516;33.0;33.0;Béarn;VALLEES-GAVES-ADOUR-OUEST;BELLOCQ;2026-03-13;11.0;72.0;8.7;8.7;8.7;1.0;1.0;1.0;;;;1.0;3.0;2.0;1.0;1.0;2.0;2026-03-12 23:00:00+00:00
43.516;-0.931;-00.931_43.516;33.0;33.0;Béarn;VALLEES-GAVES-ADOUR-OUEST;BELLOCQ;2026-03-14;11.0;73.0;27.1;27.1;27.1;1.0;1.0;1.0;;;;2.0;2.0;2.0;4.0;2.0;1.0;2026-03-13 23:00:00+00:00
43.516;-0.931;-00.931_43.516;33.0;33.0;Béarn;VALLEES-GAVES-ADOUR-OUEST;BELLOCQ;2026-03-15;11.0;74.0;1.0;1.0;1.0;1.0;1.0;1.0;;;;1.0;1.0;1.0;2.0;2.0;1.0;2026-03-14 23:00:00+00:00
43.516;-0.931;-00.931_43.516;33.0;33.0;Béarn;VALLEES-GAVES-ADOUR-OUEST;BELLOCQ;2026-03-16;12.0;75.0;0.0;0.0;0.0;1.0;1.0;1.0;;;;1.0;4.0;3.0;3.0;2.0;2.0;2026-03-15 23:00:00+00:00
43.516;-0.931;-00.931_43.516;33.0;33.0;Béarn;VALLEES-GAVES-ADOUR-OUEST;BELLOCQ;2026-03-17;12.0;76.0;0.0;0.0;0.0;1.0;1.0;1.0;;;;3.0;1.0;2.0;3.0;1.0;1.0;2026-03-16 23:00:00+00:00
43.516;-0.931;-00.931_43.516;33.0;33.0;Béarn;VALLEES-GAVES-ADOUR-OUEST;BELLOCQ;2026-03-18;12.0;77.0;0.0;0.0;0.0;1.0;1.0;1.0;;;;1.0;2.0;2.0;2.0;1.0;2.0;2026-03-17 23:00:00+00:00
43.516;-0.931;-00.931_43.516;33.0;33.0;Béarn;VALLEES-GAVES-ADOUR-OUEST;BELLOCQ;2026-03-19;12.0;78.0;0.0;0.0;0.0;1.0;1.0;1.0;;;;1.0;2.0;3.0;2.0;1.0;1.0;2026-03-18 23:00:00+00:00
43.516;-0.931;-00.931_43.516;33.0;33.0;Béarn;VALLEES-GAVES-ADOUR-OUEST;BELLOCQ;2026-03-20;12.0;79.0;0.0;0.0;0.0;1.0;1.0;1.0;;;;3.0;1.0;1.0;2.0;1.0;4.0;2026-03-19 23:00:00+00:00
43.516;-0.931;-00.931_43.516;33.0;33.0;Béarn;VALLEES-GAVES-ADOUR-OUEST;BELLOCQ;2026-03-21;12.0;80.0;0.0;0.0;0.0;1.0;1.0;1.0;;;;1.0;1.0;1.0;2.0;2.0;2.0;2026-03-20 23:00:00+00:00
43.516;-0.931;-00.931_43.516;33.0;33.0;Béarn;VALLEES-GAVES-ADOUR-OUEST;BELLOCQ;2026-03-22;12.0;81.0;0.0;0.0;0.0;1.0;1.0;1.0;;;;3.0;1.0;1.0;1.0;2.0;1.0;2026-03-21 23:00:00+00:00
43.516;-0.931;-00.931_43.516;33.0;33.0;Béarn;VALLEES-GAVES-ADOUR-OUEST;BELLOCQ;2026-03-23;13.0;82.0;0.0;0.0;0.0;1.0;1.0;1.0;;;;2.0;2.0;1.0;3.0;1.0;2.0;2026-03-22 23:00:00+00:00
43.516;-0.931;-00.931_43.516;33.0;33.0;Béarn;VALLEES-GAVES-ADOUR-OUEST;BELLOCQ;2026-03-24;13.0;83.0;0.0;0.0;0.0;1.0;1.0;1.0;;;;1.0;3.0;1.0;1.0;4.0;1.0;2026-03-23 23:00:00+00:00
43.516;-0.931;-00.931_43.516;33.0;33.0;Béarn;VALLEES-GAVES-ADOUR-OUEST;BELLOCQ;2026-03-25;13.0;84.0;1.2000000000000002;1.2000000000000002;1.2000000000000002;1.0;1.0;1.0;;;;3.0;4.0;3.0;1.0;2.0;4.0;2026-03-24 23:00:00+00:00
43.516;-0.931;-00.931_43.516;33.0;33.0;Béarn;VALLEES-GAVES-ADOUR-OUEST;BELLOCQ;2026-03-26;13.0;85.0;0.1;0.1;0.1;1.0;1.0;1.0;;;;2.0;2.0;2.0;2.0;1.0;3.0;2026-03-25 23:00:00+00:00
43.516;-0.931;-00.931_43.516;33.0;33.0;Béarn;VALLEES-GAVES-ADOUR-OUEST;BELLOCQ;2026-03-27;13.0;86.0;0.0;0.0;0.0;1.0;1.0;1.0;;;;1.0;1.0;1.0;2.0;3.0;4.0;2026-03-26 23:00:00+00:00
43.516;-0.931;-00.931_43.516;33.0;33.0;Béarn;VALLEES-GAVES-ADOUR-OUEST;BELLOCQ;2026-03-28;13.0;87.0;0.2;0.2;0.2;1.0;1.0;1.0;;;;2.0;1.0;1.0;2.0;2.0;4.0;2026-03-27 23:00:00+00:00
43.516;-0.931;-00.931_43.516;33.0;33.0;Béarn;VALLEES-GAVES-ADOUR-OUEST;BELLOCQ;2026-03-29;13.0;88.0;0.4;0.4;0.4;1.0;1.0;1.0;;;;3.0;2.0;2.0;2.0;1.0;3.0;2026-03-28 23:00:00+00:00
43.516;-0.931;-00.931_43.516;33.0;33.0;Béarn;VALLEES-GAVES-ADOUR-OUEST;BELLOCQ;2026-03-30;14.0;89.0;5.5;5.5;5.5;1.0;1.0;1.0;;;;4.0;2.0;2.0;3.0;1.0;1.0;2026-03-29 22:00:00+00:00
43.516;-0.931;-00.931_43.516;33.0;33.0;Béarn;VALLEES-GAVES-ADOUR-OUEST;BELLOCQ;2026-03-31;14.0;90.0;0.0;0.0;0.0;1.0;1.0;1.0;3.0;3.0;3.0;2.0;2.0;2.0;3.0;2.0;1.0;2026-03-30 22:00:00+00:00
43.516;-0.931;-00.931_43.516;33.0;33.0;Béarn;VALLEES-GAVES-ADOUR-OUEST;BELLOCQ;2026-04-01;14.0;91.0;6.1000000000000005;6.1000000000000005;6.1000000000000005;1.0;1.0;1.0;3.0;3.0;3.0;3.0;2.0;1.0;2.0;2.0;1.0;2026-03-31 22:00:00+00:00
43.516;-0.931;-00.931_43.516;33.0;33.0;Béarn;VALLEES-GAVES-ADOUR-OUEST;BELLOCQ;2026-04-02;14.0;92.0;7.0;7.0;7.0;1.0;1.0;1.0;3.0;3.0;3.0;1.0;1.0;2.0;1.0;1.0;3.0;2026-04-01 22:00:00+00:00
43.516;-0.931;-00.931_43.516;33.0;33.0;Béarn;VALLEES-GAVES-ADOUR-OUEST;BELLOCQ;2026-04-03;14.0;93.0;0.0;0.0;0.0;1.0;1.0;1.0;3.0;3.0;3.0;2.0;1.0;1.0;1.0;2.0;2.0;2026-04-02 22:00:00+00:00
43.516;-0.931;-00.931_43.516;33.0;33.0;Béarn;VALLEES-GAVES-ADOUR-OUEST;BELLOCQ;2026-04-04;14.0;94.0;0.0;0.0;0.0;1.0;1.0;1.0;3.0;3.0;3.0;4.0;3.0;1.0;1.0;1.0;1.0;2026-04-03 22:00:00+00:00
43.516;-0.931;-00.931_43.516;33.0;33.0;Béarn;VALLEES-GAVES-ADOUR-OUEST;BELLOCQ;2026-04-05;14.0;95.0;0.0;0.0;0.0;1.0;1.0;1.0;3.0;3.0;3.0;1.0;3.0;1.0;3.0;3.0;1.0;2026-04-04 22:00:00+00:00
43.516;-0.931;-00.931_43.516;33.0;33.0;Béarn;VALLEES-GAVES-ADOUR-OUEST;BELLOCQ;2026-04-06;15.0;96.0;0.0;0.0;0.0;1.0;1.0;1.0;3.0;3.0;3.0;2.0;1.0;2.0;1.0;1.0;2.0;2026-04-05 22:00:00+00:00
43.516;-0.931;-00.931_43.516;33.0;33.0;Béarn;VALLEES-GAVES-ADOUR-OUEST;BELLOCQ;2026-04-07;15.0;97.0;0.0;0.0;0.0;1.0;1.0;1.0;2.0;2.0;2.0;2.0;3.0;3.0;1.0;3.0;1.0;2026-04-06 22:00:00+00:00
43.516;-0.931;-00.931_43.516;33.0;33.0;Béarn;VALLEES-GAVES-ADOUR-OUEST;BELLOCQ;2026-04-08;15.0;98.0;0.0;0.0;0.0;1.0;1.0;1.0;2.0;2.0;2.0;2.0;3.0;2.0;1.0;1.0;2.0;2026-04-07 22:00:00+00:00
43.516;-0.931;-00.931_43.516;33.0;33.0;Béarn;VALLEES-GAVES-ADOUR-OUEST;BELLOCQ;2026-04-09;15.0;99.0;0.0;0.0;0.0;1.0;1.0;1.0;2.0;2.0;2.0;2.0;1.0;1.0;3.0;2.0;1.0;2026-04-08 22:00:00+00:00
43.516;-0.931;-00.931_43.516;33.0;33.0;Béarn;VALLEES-GAVES-ADOUR-OUEST;BELLOCQ;2026-04-10;15.0;100.0;0.0;0.0;0.0;1.0;1.0;1.0;2.0;2.0;2.0;1.0;2.0;1.0;4.0;1.0;2.0;2026-04-09 22:00:00+00:00
43.516;-0.931;-00.931_43.516;33.0;33.0;Béarn;VALLEES-GAVES-ADOUR-OUEST;BELLOCQ;2026-04-11;15.0;101.0;13.9;13.9;13.9;3.0;3.0;3.0;2.0;2.0;2.0;3.0;2.0;2.0;3.0;3.0;1.0;2026-04-10 22:00:00+00:00
43.516;-0.931;-00.931_43.516;33.0;33.0;Béarn;VALLEES-GAVES-ADOUR-OUEST;BELLOCQ;2026-04-12;15.0;102.0;9.2;9.2;9.2;1.0;1.0;1.0;;2.0;;1.0;2.0;2.0;2.0;1.0;3.0;2026-04-11 22:00:00+00:00
43.516;-0.931;-00.931_43.516;33.0;33.0;Béarn;VALLEES-GAVES-ADOUR-OUEST;BELLOCQ;2026-04-13;16.0;103.0;3.0;3.0;3.0;1.0;1.0;1.0;;2.0;;1.0;3.0;3.0;2.0;2.0;1.0;2026-04-12 22:00:00+00:00
43.516;-0.931;-00.931_43.516;33.0;33.0;Béarn;VALLEES-GAVES-ADOUR-OUEST;BELLOCQ;2026-04-14;16.0;104.0;0.0;0.0;0.0;1.0;1.0;1.0;;2.0;;1.0;1.0;1.0;1.0;2.0;2.0;2026-04-13 22:00:00+00:00
43.516;-0.931;-00.931_43.516;33.0;33.0;Béarn;VALLEES-GAVES-ADOUR-OUEST;BELLOCQ;2026-04-15;16.0;105.0;0.0;0.0;0.0;1.0;1.0;1.0;;2.0;;1.0;1.0;2.0;3.0;3.0;3.0;2026-04-14 22:00:00+00:00
43.516;-0.931;-00.931_43.516;33.0;33.0;Béarn;VALLEES-GAVES-ADOUR-OUEST;BELLOCQ;2026-04-16;16.0;106.0;0.0;0.0;0.0;1.0;1.0;1.0;;2.0;;1.0;1.0;3.0;1.0;2.0;1.0;2026-04-15 22:00:00+00:00
43.516;-0.931;-00.931_43.516;33.0;33.0;Béarn;VALLEES-GAVES-ADOUR-OUEST;BELLOCQ;2026-04-17;16.0;107.0;0.0;0.0;0.0;1.0;1.0;1.0;;2.0;;1.0;3.0;2.0;1.0;1.0;2.0;2026-04-16 22:00:00+00:00
43.516;-0.931;-00.931_43.516;33.0;33.0;Béarn;VALLEES-GAVES-ADOUR-OUEST;BELLOCQ;2026-04-18;16.0;108.0;0.0;0.0;0.0;1.0;1.0;1.0;;2.0;;3.0;1.0;2.0;3.0;2.0;1.0;2026-04-17 22:00:00+00:00
43.516;-0.931;-00.931_43.516;33.0;33.0;Béarn;VALLEES-GAVES-ADOUR-OUEST;BELLOCQ;2026-04-19;16.0;109.0;0.7;0.7;0.7;1.0;1.0;1.0;;2.0;;2.0;2.0;1.0;1.0;1.0;1.0;2026-04-18 22:00:00+00:00
43.516;-0.931;-00.931_43.516;33.0;33.0;Béarn;VALLEES-GAVES-ADOUR-OUEST;BELLOCQ;2026-04-20;17.0;110.0;0.0;0.0;0.0;1.0;1.0;1.0;;2.0;;2.0;1.0;1.0;1.0;3.0;1.0;2026-04-19 22:00:00+00:00
43.516;-0.931;-00.931_43.516;33.0;33.0;Béarn;VALLEES-GAVES-ADOUR-OUEST;BELLOCQ;2026-04-21;17.0;111.0;0.1;0.1;0.1;1.0;1.0;1.0;;2.0;;1.0;1.0;1.0;1.0;1.0;1.0;2026-04-20 22:00:00+00:00
43.516;-0.931;-00.931_43.516;33.0;33.0;Béarn;VALLEES-GAVES-ADOUR-OUEST;BELLOCQ;2026-04-22;17.0;112.0;0.1;0.1;0.1;1.0;1.0;1.0;;2.0;;1.0;2.0;1.0;4.0;1.0;2.0;2026-04-21 22:00:00+00:00
43.516;-0.931;-00.931_43.516;33.0;33.0;Béarn;VALLEES-GAVES-ADOUR-OUEST;BELLOCQ;2026-04-23;17.0;113.0;0.0;0.0;0.0;1.0;1.0;1.0;;2.0;;2.0;3.0;1.0;2.0;2.0;1.0;2026-04-22 22:00:00+00:00
43.516;-0.931;-00.931_43.516;33.0;33.0;Béarn;VALLEES-GAVES-ADOUR-OUEST;BELLOCQ;2026-04-24;17.0;114.0;0.0;0.0;0.0;1.0;1.0;1.0;;2.0;;2.0;1.0;2.0;3.0;1.0;2.0;2026-04-23 22:00:00+00:00
43.516;-0.931;-00.931_43.516;33.0;33.0;Béarn;VALLEES-GAVES-ADOUR-OUEST;BELLOCQ;2026-04-25;17.0;115.0;0.0;0.0;0.0;1.0;1.0;1.0;;2.0;;1.0;1.0;1.0;1.0;1.0;1.0;2026-04-24 22:00:00+00:00
43.516;-0.931;-00.931_43.516;33.0;33.0;Béarn;VALLEES-GAVES-ADOUR-OUEST;BELLOCQ;2026-04-26;17.0;116.0;0.0;0.0;0.0;1.0;1.0;1.0;;2.0;;3.0;2.0;2.0;2.0;2.0;1.0;2026-04-25 22:00:00+00:00
43.516;-0.931;-00.931_43.516;33.0;33.0;Béarn;VALLEES-GAVES-ADOUR-OUEST;BELLOCQ;2026-04-27;18.0;117.0;0.2;0.2;0.2;1.0;1.0;1.0;;2.0;;1.0;1.0;1.0;3.0;1.0;2.0;2026-04-26 22:00:00+00:00
43.516;-0.931;-00.931_43.516;33.0;33.0;Béarn;VALLEES-GAVES-ADOUR-OUEST;BELLOCQ;2026-04-28;18.0;118.0;3.7;3.7;3.7;2.0;2.0;2.0;;2.0;;3.0;1.0;4.0;1.0;1.0;1.0;2026-04-27 22:00:00+00:00
43.516;-0.931;-00.931_43.516;33.0;33.0;Béarn;VALLEES-GAVES-ADOUR-OUEST;BELLOCQ;2026-04-29;18.0;119.0;5.8;5.8;5.8;2.0;2.0;2.0;;2.0;;1.0;2.0;1.0;1.0;2.0;1.0;2026-04-28 22:00:00+00:00
43.516;-0.931;-00.931_43.516;33.0;33.0;Béarn;VALLEES-GAVES-ADOUR-OUEST;BELLOCQ;2026-04-30;18.0;120.0;7.0;7.0;7.0;1.0;1.0;1.0;;2.0;;2.0;1.0;1.0;1.0;3.0;2.0;2026-04-29 22:00:00+00:00
43.516;-0.931;-00.931_43.516;33.0;33.0;Béarn;VALLEES-GAVES-ADOUR-OUEST;BELLOCQ;2026-05-01;18.0;121.0;0.0;0.0;0.0;1.0;1.0;1.0;;2.0;;1.0;2.0;1.0;2.0;1.0;4.0;2026-04-30 22:00:00+00:00
43.516;-0.931;-00.931_43.516;33.0;33.0;Béarn;VALLEES-GAVES-ADOUR-OUEST;BELLOCQ;2026-05-02;18.0;122.0;10.1;10.1;10.1;1.0;1.0;1.0;;2.0;;1.0;1.0;2.0;1.0;1.0;1.0;2026-05-01 22:00:00+00:00
43.516;-0.931;-00.931_43.516;33.0;33.0;Béarn;VALLEES-GAVES-ADOUR-OUEST;BELLOCQ;2026-05-03;18.0;123.0;1.2;1.2;1.2;1.0;1.0;1.0;;2.0;;2.0;4.0;2.0;2.0;3.0;2.0;2026-05-02 22:00:00+00:00
43.516;-0.931;-00.931_43.516;33.0;33.0;Béarn;VALLEES-GAVES-ADOUR-OUEST;BELLOCQ;2026-05-04;19.0;124.0;13.3;13.3;13.3;1.0;1.0;1.0;;2.0;;2.0;2.0;1.0;2.0;1.0;3.0;2026-05-03 22:00:00+00:00
43.516;-0.931;-00.931_43.516;33.0;33.0;Béarn;VALLEES-GAVES-ADOUR-OUEST;BELLOCQ;2026-05-05;19.0;125.0;4.5;4.5;4.5;1.0;1.0;1.0;;2.0;;1.0;1.0;1.0;2.0;2.0;1.0;2026-05-04 22:00:00+00:00
43.516;-0.931;-00.931_43.516;33.0;33.0;Béarn;VALLEES-GAVES-ADOUR-OUEST;BELLOCQ;2026-05-06;19.0;126.0;18.7;18.7;18.7;1.0;1.0;1.0;;3.0;;1.0;1.0;1.0;2.0;2.0;2.0;2026-05-05 22:00:00+00:00
43.516;-0.931;-00.931_43.516;33.0;33.0;Béarn;VALLEES-GAVES-ADOUR-OUEST;BELLOCQ;2026-05-07;19.0;127.0;0.0;0.0;0.0;1.0;1.0;1.0;;2.0;;1.0;1.0;1.0;2.0;3.0;1.0;2026-05-06 22:00:00+00:00
43.516;-0.931;-00.931_43.516;33.0;33.0;Béarn;VALLEES-GAVES-ADOUR-OUEST;BELLOCQ;2026-05-08;19.0;128.0;0.1;0.1;0.1;1.0;1.0;1.0;;2.0;;2.0;1.0;1.0;1.0;1.0;1.0;2026-05-07 22:00:00+00:00
43.516;-0.931;-00.931_43.516;33.0;33.0;Béarn;VALLEES-GAVES-ADOUR-OUEST;BELLOCQ;2026-05-09;19.0;129.0;2.5;2.5;2.5;1.0;1.0;1.0;;2.0;;3.0;1.0;1.0;1.0;1.0;2.0;2026-05-08 22:00:00+00:00
43.516;-0.931;-00.931_43.516;33.0;33.0;Béarn;VALLEES-GAVES-ADOUR-OUEST;BELLOCQ;2026-05-10;19.0;130.0;3.9;3.9;3.9;1.0;1.0;1.0;;2.0;;1.0;4.0;1.0;3.0;2.0;2.0;2026-05-09 22:00:00+00:00
43.516;-0.931;-00.931_43.516;33.0;33.0;Béarn;VALLEES-GAVES-ADOUR-OUEST;BELLOCQ;2026-05-11;20.0;131.0;0.1;0.1;0.1;1.0;1.0;1.0;;2.0;;2.0;3.0;2.0;4.0;1.0;2.0;2026-05-10 22:00:00+00:00
43.516;-0.931;-00.931_43.516;33.0;33.0;Béarn;VALLEES-GAVES-ADOUR-OUEST;BELLOCQ;2026-05-12;20.0;132.0;0.0;0.0;0.0;1.0;1.0;1.0;;2.0;;3.0;1.0;3.0;1.0;1.0;1.0;2026-05-11 22:00:00+00:00
43.516;-0.931;-00.931_43.516;33.0;33.0;Béarn;VALLEES-GAVES-ADOUR-OUEST;BELLOCQ;2026-05-13;20.0;133.0;1.1;1.1;1.1;1.0;1.0;1.0;;2.0;;1.0;1.0;2.0;2.0;1.0;1.0;2026-05-12 22:00:00+00:00
43.516;-0.931;-00.931_43.516;33.0;33.0;Béarn;VALLEES-GAVES-ADOUR-OUEST;BELLOCQ;2026-05-14;20.0;134.0;22.0;22.0;22.0;1.0;1.0;1.0;;3.0;;1.0;3.0;1.0;1.0;4.0;1.0;2026-05-13 22:00:00+00:00
43.516;-0.931;-00.931_43.516;33.0;33.0;Béarn;VALLEES-GAVES-ADOUR-OUEST;BELLOCQ;2026-05-15;20.0;135.0;10.5;10.5;10.5;1.0;1.0;1.0;;3.0;;1.0;1.0;1.0;2.0;1.0;1.0;2026-05-14 22:00:00+00:00
43.516;-0.931;-00.931_43.516;33.0;33.0;Béarn;VALLEES-GAVES-ADOUR-OUEST;BELLOCQ;2026-05-16;20.0;136.0;7.9;7.9;7.9;1.0;1.0;1.0;;3.0;;1.0;1.0;2.0;1.0;2.0;3.0;2026-05-15 22:00:00+00:00
43.516;-0.931;-00.931_43.516;33.0;33.0;Béarn;VALLEES-GAVES-ADOUR-OUEST;BELLOCQ;2026-05-17;20.0;137.0;0.0;0.0;0.0;1.0;1.0;1.0;;3.0;;3.0;1.0;1.0;1.0;2.0;3.0;2026-05-16 22:00:00+00:00
43.516;-0.931;-00.931_43.516;33.0;33.0;Béarn;VALLEES-GAVES-ADOUR-OUEST;BELLOCQ;2026-05-18;21.0;138.0;0.0;0.0;0.0;1.0;1.0;1.0;;3.0;;2.0;1.0;1.0;2.0;1.0;1.0;2026-05-17 22:00:00+00:00
43.516;-0.931;-00.931_43.516;33.0;33.0;Béarn;VALLEES-GAVES-ADOUR-OUEST;BELLOCQ;2026-05-19;21.0;139.0;0.2;0.2;0.2;1.0;1.0;1.0;;3.0;;1.0;2.0;1.0;2.0;3.0;2.0;2026-05-18 22:00:00+00:00
43.516;-0.931;-00.931_43.516;33.0;33.0;Béarn;VALLEES-GAVES-ADOUR-OUEST;BELLOCQ;2026-05-20;21.0;140.0;0.0;0.0;0.0;1.0;1.0;1.0;;3.0;;3.0;1.0;1.0;1.0;1.0;3.0;2026-05-19 22:00:00+00:00
43.516;-0.931;-00.931_43.516;33.0;33.0;Béarn;VALLEES-GAVES-ADOUR-OUEST;BELLOCQ;2026-05-21;21.0;141.0;0.0;0.0;0.0;1.0;1.0;1.0;;3.0;;1.0;1.0;1.0;1.0;2.0;4.0;2026-05-20 22:00:00+00:00
43.516;-0.931;-00.931_43.516;33.0;33.0;Béarn;VALLEES-GAVES-ADOUR-OUEST;BELLOCQ;2026-05-22;21.0;142.0;0.0;0.0;0.0;1.0;1.0;1.0;;3.0;;1.0;2.0;1.0;1.0;1.0;3.0;2026-05-21 22:00:00+00:00
43.516;-0.931;-00.931_43.516;33.0;33.0;Béarn;VALLEES-GAVES-ADOUR-OUEST;BELLOCQ;2026-05-23;21.0;143.0;0.2;0.2;0.2;1.0;1.0;1.0;;3.0;;3.0;3.0;2.0;2.0;1.0;2.0;2026-05-22 22:00:00+00:00
43.516;-0.931;-00.931_43.516;33.0;33.0;Béarn;VALLEES-GAVES-ADOUR-OUEST;BELLOCQ;2026-05-24;21.0;144.0;0.0;0.0;0.0;1.0;1.0;1.0;;3.0;;1.0;1.0;3.0;1.0;4.0;1.0;2026-05-23 22:00:00+00:00
43.516;-0.931;-00.931_43.516;33.0;33.0;Béarn;VALLEES-GAVES-ADOUR-OUEST;BELLOCQ;2026-05-25;22.0;145.0;0.0;0.0;0.0;1.0;1.0;1.0;;2.0;;1.0;3.0;2.0;1.0;1.0;1.0;2026-05-24 22:00:00+00:00
43.516;-0.931;-00.931_43.516;33.0;33.0;Béarn;VALLEES-GAVES-ADOUR-OUEST;BELLOCQ;2026-05-26;22.0;146.0;0.0;0.0;0.0;1.0;1.0;1.0;;2.0;;2.0;2.0;3.0;3.0;1.0;1.0;2026-05-25 22:00:00+00:00
43.516;-0.931;-00.931_43.516;33.0;33.0;Béarn;VALLEES-GAVES-ADOUR-OUEST;BELLOCQ;2026-05-27;22.0;147.0;0.0;0.0;0.0;1.0;1.0;1.0;;2.0;;3.0;2.0;1.0;1.0;3.0;2.0;2026-05-26 22:00:00+00:00
43.516;-0.931;-00.931_43.516;33.0;33.0;Béarn;VALLEES-GAVES-ADOUR-OUEST;BELLOCQ;2026-05-28;22.0;148.0;0.0;0.0;0.0;1.0;1.0;1.0;;2.0;;1.0;1.0;2.0;2.0;3.0;1.0;2026-05-27 22:00:00+00:00
43.516;-0.931;-00.931_43.516;33.0;33.0;Béarn;VALLEES-GAVES-ADOUR-OUEST;BELLOCQ;2026-05-29;22.0;149.0;0.0;0.0;0.0;1.0;1.0;1.0;;2.0;;1.0;3.0;2.0;1.0;1.0;3.0;2026-05-28 22:00:00+00:00
43.516;-0.931;-00.931_43.516;33.0;33.0;Béarn;VALLEES-GAVES-ADOUR-OUEST;BELLOCQ;2026-05-30;22.0;150.0;0.0;0.0;0.0;1.0;1.0;1.0;;2.0;;2.0;1.0;2.0;1.0;3.0;1.0;2026-05-29 22:00:00+00:00
43.516;-0.931;-00.931_43.516;33.0;33.0;Béarn;VALLEES-GAVES-ADOUR-OUEST;BELLOCQ;2026-05-31;22.0;151.0;0.1;0.1;0.1;1.0;1.0;1.0;2.0;2.0;2.0;2.0;1.0;2.0;1.0;1.0;2.0;2026-05-30 22:00:00+00:00
43.516;-0.931;-00.931_43.516;33.0;33.0;Béarn;VALLEES-GAVES-ADOUR-OUEST;BELLOCQ;2026-06-01;23.0;152.0;0.0;0.0;0.0;1.0;1.0;1.0;2.0;2.0;2.0;1.0;1.0;1.0;2.0;3.0;2.0;2026-05-31 22:00:00+00:00
43.516;-0.931;-00.931_43.516;33.0;33.0;Béarn;VALLEES-GAVES-ADOUR-OUEST;BELLOCQ;2026-06-02;23.0;153.0;0.7999999999999999;0.7999999999999999;0.7999999999999999;1.0;1.0;1.0;2.0;2.0;2.0;4.0;1.0;2.0;3.0;1.0;1.0;2026-06-01 22:00:00+00:00
43.516;-0.931;-00.931_43.516;33.0;33.0;Béarn;VALLEES-GAVES-ADOUR-OUEST;BELLOCQ;2026-06-03;23.0;154.0;0.0;0.0;0.0;1.0;1.0;1.0;2.0;2.0;2.0;1.0;1.0;1.0;1.0;1.0;2.0;2026-06-02 22:00:00+00:00
43.516;-0.931;-00.931_43.516;33.0;33.0;Béarn;VALLEES-GAVES-ADOUR-OUEST;BELLOCQ;2026-06-04;23.0;155.0;8.1;8.1;8.1;1.0;1.0;1.0;2.0;2.0;2.0;1.0;1.0;3.0;3.0;2.0;2.0;2026-06-03 22:00:00+00:00
43.516;-0.931;-00.931_43.516;33.0;33.0;Béarn;VALLEES-GAVES-ADOUR-OUEST;BELLOCQ;2026-06-05;23.0;156.0;0.9;0.9;0.9;1.0;1.0;1.0;2.0;2.0;2.0;2.0;2.0;1.0;3.0;3.0;1.0;2026-06-04 22:00:00+00:00
43.516;-0.931;-00.931_43.516;33.0;33.0;Béarn;VALLEES-GAVES-ADOUR-OUEST;BELLOCQ;2026-06-06;23.0;157.0;0.0;0.0;0.0;1.0;1.0;1.0;2.0;2.0;2.0;2.0;2.0;1.0;1.0;3.0;3.0;2026-06-05 22:00:00+00:00
43.516;-0.931;-00.931_43.516;33.0;33.0;Béarn;VALLEES-GAVES-ADOUR-OUEST;BELLOCQ;2026-06-07;23.0;158.0;0.0;0.0;0.0;1.0;1.0;1.0;2.0;2.0;2.0;2.0;3.0;4.0;2.0;1.0;1.0;2026-06-06 22:00:00+00:00
43.516;-0.931;-00.931_43.516;33.0;33.0;Béarn;VALLEES-GAVES-ADOUR-OUEST;BELLOCQ;2026-06-08;24.0;159.0;0.0;0.0;0.0;1.0;1.0;1.0;2.0;2.0;2.0;1.0;2.0;2.0;3.0;1.0;2.0;2026-06-07 22:00:00+00:00
43.516;-0.931;-00.931_43.516;33.0;33.0;Béarn;VALLEES-GAVES-ADOUR-OUEST;BELLOCQ;2026-06-09;24.0;160.0;0.9;0.9;0.9;1.0;1.0;1.0;2.0;2.0;2.0;1.0;2.0;4.0;1.0;1.0;1.0;2026-06-08 22:00:00+00:00
43.516;-0.931;-00.931_43.516;33.0;33.0;Béarn;VALLEES-GAVES-ADOUR-OUEST;BELLOCQ;2026-06-10;24.0;161.0;0.0;0.0;0.0;1.0;1.0;1.0;2.0;2.0;2.0;1.0;2.0;1.0;1.0;1.0;1.0;2026-06-09 22:00:00+00:00
43.516;-0.931;-00.931_43.516;33.0;33.0;Béarn;VALLEES-GAVES-ADOUR-OUEST;BELLOCQ;2026-06-11;24.0;162.0;0.0;0.0;0.0;1.0;1.0;1.0;2.0;2.0;2.0;3.0;1.0;2.0;4.0;4.0;1.0;2026-06-10 22:00:00+00:00
43.516;-0.931;-00.931_43.516;33.0;33.0;Béarn;VALLEES-GAVES-ADOUR-OUEST;BELLOCQ;2026-06-12;24.0;163.0;0.0;0.0;0.0;1.0;1.0;1.0;2.0;2.0;2.0;3.0;2.0;1.0;1.0;3.0;1.0;2026-06-11 22:00:00+00:00
43.516;-0.931;-00.931_43.516;33.0;33.0;Béarn;VALLEES-GAVES-ADOUR-OUEST;BELLOCQ;2026-06-13;24.0;164.0;0.0;0.0;0.0;1.0;1.0;1.0;2.0;2.0;2.0;1.0;1.0;1.0;2.0;1.0;2.0;2026-06-12 22:00:00+00:00
43.516;-0.931;-00.931_43.516;33.0;33.0;Béarn;VALLEES-GAVES-ADOUR-OUEST;BELLOCQ;2026-06-14;24.0;165.0;0.0;0.0;0.0;1.0;1.0;1.0;2.0;2.0;2.0;2.0;2.0;2.0;1.0;2.0;1.0;2026-06-13 22:00:00+00:00
43.516;-0.931;-00.931_43.516;33.0;33.0;Béarn;VALLEES-GAVES-ADOUR-OUEST;BELLOCQ;2026-06-15;25.0;166.0;0.0;0.0;0.0;1.0;1.0;1.0;2.0;2.0;2.0;3.0;1.0;1.0;2.0;3.0;1.0;2026-06-14 22:00:00+00:00
43.516;-0.931;-00.931_43.516;33.0;33.0;Béarn;VALLEES-GAVES-ADOUR-OUEST;BELLOCQ;2026-06-16;25.0;167.0;0.0;0.0;0.0;1.0;1.0;1.0;2.0;2.0;2.0;1.0;1.0;2.0;1.0;1.0;2.0;2026-06-15 22:00:00+00:00
43.516;-0.931;-00.931_43.516;33.0;33.0;Béarn;VALLEES-GAVES-ADOUR-OUEST;BELLOCQ;2026-06-17;25.0;168.0;0.0;0.0;0.0;1.0;1.0;1.0;2.0;2.0;2.0;1.0;2.0;1.0;4.0;1.0;1.0;2026-06-16 22:00:00+00:00
43.516;-0.931;-00.931_43.516;33.0;33.0;Béarn;VALLEES-GAVES-ADOUR-OUEST;BELLOCQ;2026-06-18;25.0;169.0;0.0;0.0;0.0;1.0;1.0;1.0;2.0;2.0;2.0;3.0;3.0;1.0;1.0;1.0;1.0;2026-06-17 22:00:00+00:00
43.516;-0.931;-00.931_43.516;33.0;33.0;Béarn;VALLEES-GAVES-ADOUR-OUEST;BELLOCQ;2026-06-19;25.0;170.0;0.3;0.3;0.3;1.0;1.0;1.0;1.0;1.0;1.0;2.0;2.0;4.0;2.0;1.0;1.0;2026-06-18 22:00:00+00:00
43.516;-0.931;-00.931_43.516;33.0;33.0;Béarn;VALLEES-GAVES-ADOUR-OUEST;BELLOCQ;2026-06-20;25.0;171.0;1.1;1.1;1.1;1.0;1.0;1.0;1.0;1.0;1.0;4.0;1.0;1.0;1.0;3.0;2.0;2026-06-19 22:00:00+00:00
43.516;-0.931;-00.931_43.516;33.0;33.0;Béarn;VALLEES-GAVES-ADOUR-OUEST;BELLOCQ;2026-06-21;25.0;172.0;0.0;0.0;0.0;1.0;1.0;1.0;1.0;1.0;1.0;2.0;1.0;3.0;2.0;2.0;3.0;2026-06-20 22:00:00+00:00
43.516;-0.931;-00.931_43.516;33.0;33.0;Béarn;VALLEES-GAVES-ADOUR-OUEST;BELLOCQ;2026-06-22;26.0;173.0;0.0;0.0;0.0;1.0;1.0;1.0;1.0;1.0;1.0;1.0;3.0;2.0;1.0;3.0;3.0;2026-06-21 22:00:00+00:00
43.516;-0.931;-00.931_43.516;33.0;33.0;Béarn;VALLEES-GAVES-ADOUR-OUEST;BELLOCQ;2026-06-23;26.0;174.0;0.0;0.0;0.0;1.0;1.0;1.0;1.0;1.0;1.0;1.0;2.0;1.0;2.0;1.0;1.0;2026-06-22 22:00:00+00:00
43.516;-0.931;-00.931_43.516;33.0;33.0;Béarn;VALLEES-GAVES-ADOUR-OUEST;BELLOCQ;2026-06-24;26.0;175.0;0.0;0.0;0.0;1.0;1.0;1.0;1.0;1.0;1.0;3.0;1.0;1.0;1.0;1.0;1.0;2026-06-23 22:00:00+00:00
43.516;-0.931;-00.931_43.516;33.0;33.0;Béarn;VALLEES-GAVES-ADOUR-OUEST;BELLOCQ;2026-06-25;26.0;176.0;3.7;3.7;3.7;1.0;1.0;1.0;1.0;1.0;1.0;1.0;1.0;1.0;2.0;1.0;1.0;2026-06-24 22:00:00+00:00
43.516;-0.931;-00.931_43.516;33.0;33.0;Béarn;VALLEES-GAVES-ADOUR-OUEST;BELLOCQ;2026-06-26;26.0;177.0;0.0;0.0;0.0;1.0;1.0;1.0;1.0;1.0;1.0;1.0;1.0;1.0;1.0;2.0;1.0;2026-06-25 22:00:00+00:00
43.516;-0.931;-00.931_43.516;33.0;33.0;Béarn;VALLEES-GAVES-ADOUR-OUEST;BELLOCQ;2026-06-27;26.0;178.0;0.0;0.0;0.0;1.0;1.0;1.0;1.0;1.0;1.0;1.0;1.0;1.0;1.0;1.0;2.0;2026-06-26 22:00:00+00:00
43.516;-0.931;-00.931_43.516;33.0;33.0;Béarn;VALLEES-GAVES-ADOUR-OUEST;BELLOCQ;2026-06-28;26.0;179.0;14.7;14.7;14.7;1.0;1.0;1.0;1.0;1.0;1.0;1.0;2.0;1.0;3.0;1.0;3.0;2026-06-27 22:00:00+00:00
43.516;-0.931;-00.931_43.516;33.0;33.0;Béarn;VALLEES-GAVES-ADOUR-OUEST;BELLOCQ;2026-06-29;27.0;180.0;0.3;0.3;0.3;1.0;1.0;1.0;1.0;1.0;1.0;1.0;1.0;2.0;1.0;3.0;2.0;2026-06-28 22:00:00+00:00
43.516;-0.931;-00.931_43.516;33.0;33.0;Béarn;VALLEES-GAVES-ADOUR-OUEST;BELLOCQ;2026-06-30;27.0;181.0;0.0;0.0;0.0;1.0;1.0;1.0;1.0;1.0;1.0;1.0;3.0;1.0;2.0;1.0;1.0;2026-06-29 22:00:00+00:00
43.516;-0.931;-00.931_43.516;33.0;33.0;Béarn;VALLEES-GAVES-ADOUR-OUEST;BELLOCQ;2026-07-01;27.0;182.0;0.0;0.0;0.0;1.0;1.0;1.0;1.0;1.0;1.0;3.0;1.0;1.0;1.0;1.0;2.0;2026-06-30 22:00:00+00:00
43.516;-0.931;-00.931_43.516;33.0;33.0;Béarn;VALLEES-GAVES-ADOUR-OUEST;BELLOCQ;2026-07-02;27.0;183.0;0.0;0.0;0.0;1.0;1.0;1.0;1.0;1.0;1.0;2.0;2.0;2.0;1.0;1.0;1.0;2026-07-01 22:00:00+00:00
43.516;-0.931;-00.931_43.516;33.0;33.0;Béarn;VALLEES-GAVES-ADOUR-OUEST;BELLOCQ;2026-07-03;27.0;184.0;0.0;0.0;0.0;1.0;1.0;1.0;1.0;1.0;1.0;3.0;3.0;1.0;3.0;1.0;1.0;2026-07-02 22:00:00+00:00
43.516;-0.931;-00.931_43.516;33.0;33.0;Béarn;VALLEES-GAVES-ADOUR-OUEST;BELLOCQ;2026-07-04;27.0;185.0;0.0;0.0;0.0;1.0;1.0;1.0;1.0;1.0;1.0;2.0;1.0;1.0;1.0;2.0;2.0;2026-07-03 22:00:00+00:00
43.516;-0.931;-00.931_43.516;33.0;33.0;Béarn;VALLEES-GAVES-ADOUR-OUEST;BELLOCQ;2026-07-05;27.0;186.0;0.0;0.0;0.0;1.0;1.0;1.0;1.0;1.0;1.0;1.0;1.0;1.0;2.0;4.0;1.0;2026-07-04 22:00:00+00:00
43.516;-0.931;-00.931_43.516;33.0;33.0;Béarn;VALLEES-GAVES-ADOUR-OUEST;BELLOCQ;2026-07-06;28.0;187.0;0.0;0.0;0.0;1.0;1.0;1.0;1.0;1.0;1.0;1.0;3.0;1.0;2.0;3.0;2.0;2026-07-05 22:00:00+00:00
43.516;-0.931;-00.931_43.516;33.0;33.0;Béarn;VALLEES-GAVES-ADOUR-OUEST;BELLOCQ;2026-07-07;28.0;188.0;0.0;0.0;0.0;1.0;1.0;1.0;1.0;1.0;1.0;2.0;1.0;2.0;2.0;2.0;3.0;2026-07-06 22:00:00+00:00
43.516;-0.931;-00.931_43.516;33.0;33.0;Béarn;VALLEES-GAVES-ADOUR-OUEST;BELLOCQ;2026-07-08;28.0;189.0;0.0;0.0;0.0;1.0;1.0;1.0;1.0;1.0;1.0;2.0;3.0;1.0;1.0;3.0;2.0;2026-07-07 22:00:00+00:00
43.516;-0.931;-00.931_43.516;33.0;33.0;Béarn;VALLEES-GAVES-ADOUR-OUEST;BELLOCQ;2026-07-09;28.0;190.0;0.0;0.0;0.0;1.0;1.0;1.0;1.0;1.0;1.0;3.0;1.0;3.0;1.0;1.0;1.0;2026-07-08 22:00:00+00:00
43.516;-0.931;-00.931_43.516;33.0;33.0;Béarn;VALLEES-GAVES-ADOUR-OUEST;BELLOCQ;2026-07-10;28.0;191.0;1.1;1.1;1.1;1.0;1.0;1.0;1.0;1.0;1.0;1.0;4.0;3.0;4.0;3.0;1.0;2026-07-09 22:00:00+00:00
43.516;-0.931;-00.931_43.516;33.0;33.0;Béarn;VALLEES-GAVES-ADOUR-OUEST;BELLOCQ;2026-07-11;28.0;192.0;0.0;0.0;0.0;1.0;1.0;1.0;1.0;1.0;1.0;1.0;2.0;2.0;1.0;1.0;2.0;2026-07-10 22:00:00+00:00
43.516;-0.931;-00.931_43.516;33.0;33.0;Béarn;VALLEES-GAVES-ADOUR-OUEST;BELLOCQ;2026-07-12;28.0;193.0;0.0;0.0;0.0;1.0;1.0;1.0;1.0;1.0;1.0;1.0;3.0;2.0;1.0;1.0;2.0;2026-07-11 22:00:00+00:00
43.516;-0.931;-00.931_43.516;33.0;33.0;Béarn;VALLEES-GAVES-ADOUR-OUEST;BELLOCQ;2026-07-13;29.0;194.0;0.3;0.3;0.3;1.0;1.0;1.0;1.0;1.0;1.0;2.0;4.0;2.0;1.0;1.0;1.0;2026-07-12 22:00:00+00:00
43.516;-0.931;-00.931_43.516;33.0;33.0;Béarn;VALLEES-GAVES-ADOUR-OUEST;BELLOCQ;2026-07-14;29.0;195.0;0.0;0.0;0.0;1.0;1.0;1.0;1.0;1.0;1.0;4.0;1.0;1.0;1.0;2.0;2.0;2026-07-13 22:00:00+00:00
43.516;-0.931;-00.931_43.516;33.0;33.0;Béarn;VALLEES-GAVES-ADOUR-OUEST;BELLOCQ;2026-07-15;29.0;196.0;0.0;0.0;0.0;1.0;1.0;1.0;1.0;1.0;1.0;1.0;2.0;2.0;3.0;1.0;2.0;2026-07-14 22:00:00+00:00
43.516;-0.931;-00.931_43.516;33.0;33.0;Béarn;VALLEES-GAVES-ADOUR-OUEST;BELLOCQ;2026-07-16;29.0;197.0;6.1;6.1;6.1;1.0;1.0;1.0;1.0;1.0;1.0;1.0;2.0;3.0;3.0;1.0;1.0;2026-07-15 22:00:00+00:00
43.516;-0.931;-00.931_43.516;33.0;33.0;Béarn;VALLEES-GAVES-ADOUR-OUEST;BELLOCQ;2026-07-17;29.0;198.0;0.0;0.0;0.0;1.0;1.0;1.0;1.0;1.0;1.0;1.0;1.0;4.0;1.0;1.0;1.0;2026-07-16 22:00:00+00:00
43.516;-0.931;-00.931_43.516;33.0;33.0;Béarn;VALLEES-GAVES-ADOUR-OUEST;BELLOCQ;2026-07-18;29.0;199.0;0.0;0.0;0.0;1.0;1.0;1.0;1.0;1.0;1.0;1.0;1.0;1.0;1.0;2.0;3.0;2026-07-17 22:00:00+00:00
43.516;-0.931;-00.931_43.516;33.0;33.0;Béarn;VALLEES-GAVES-ADOUR-OUEST;BELLOCQ;2026-07-19;29.0;200.0;0.0;0.0;0.0;1.0;1.0;1.0;1.0;1.0;1.0;3.0;1.0;1.0;2.0;2.0;3.0;2026-07-18 22:00:00+00:00
43.516;-0.931;-00.931_43.516;33.0;33.0;Béarn;VALLEES-GAVES-ADOUR-OUEST;BELLOCQ;2026-07-20;30.0;201.0;0.0;0.0;0.0;1.0;1.0;1.0;1.0;1.0;1.0;1.0;1.0;2.0;2.0;3.0;1.0;2026-07-19 22:00:00+00:00
43.516;-0.931;-00.931_43.516;33.0;33.0;Béarn;VALLEES-GAVES-ADOUR-OUEST;BELLOCQ;2026-07-21;30.0;202.0;0.0;0.0;0.0;1.0;1.0;1.0;1.0;1.0;1.0;3.0;2.0;2.0;2.0;4.0;4.0;2026-07-20 22:00:00+00:00
43.516;-0.931;-00.931_43.516;33.0;33.0;Béarn;VALLEES-GAVES-ADOUR-OUEST;BELLOCQ;2026-07-22;30.0;203.0;0.0;0.0;0.0;1.0;1.0;1.0;1.0;1.0;1.0;3.0;3.0;3.0;1.0;1.0;1.0;2026-07-21 22:00:00+00:00
43.516;-0.931;-00.931_43.516;33.0;33.0;Béarn;VALLEES-GAVES-ADOUR-OUEST;BELLOCQ;2026-07-23;30.0;204.0;0.0;0.0;0.0;1.0;1.0;1.0;1.0;1.0;1.0;1.0;2.0;4.0;3.0;1.0;3.0;2026-07-22 22:00:00+00:00
43.516;-0.931;-00.931_43.516;33.0;33.0;Béarn;VALLEES-GAVES-ADOUR-OUEST;BELLOCQ;2026-07-24;30.0;205.0;0.0;0.0;0.0;1.0;1.0;1.0;1.0;1.0;1.0;1.0;1.0;1.0;1.0;1.0;2.0;2026-07-23 22:00:00+00:00
43.516;-0.931;-00.931_43.516;33.0;33.0;Béarn;VALLEES-GAVES-ADOUR-OUEST;BELLOCQ;2026-07-25;30.0;206.0;8.3;8.3;8.3;1.0;1.0;1.0;1.0;1.0;1.0;2.0;2.0;1.0;2.0;2.0;2.0;2026-07-24 22:00:00+00:00
43.516;-0.931;-00.931_43.516;33.0;33.0;Béarn;VALLEES-GAVES-ADOUR-OUEST;BELLOCQ;2026-07-26;30.0;207.0;0.0;0.0;0.0;1.0;1.0;1.0;1.0;1.0;1.0;2.0;4.0;3.0;1.0;3.0;1.0;2026-07-25 22:00:00+00:00
43.516;-0.931;-00.931_43.516;33.0;33.0;Béarn;VALLEES-GAVES-ADOUR-OUEST;BELLOCQ;2026-07-27;31.0;208.0;0.9;0.9;0.9;1.0;1.0;1.0;1.0;1.0;1.0;1.0;1.0;3.0;2.0;3.0;1.0;2026-07-26 22:00:00+00:00
43.516;-0.931;-00.931_43.516;33.0;33.0;Béarn;VALLEES-GAVES-ADOUR-OUEST;BELLOCQ;2026-07-28;31.0;209.0;0.0;0.0;0.0;1.0;1.0;1.0;1.0;1.0;1.0;2.0;3.0;2.0;1.0;2.0;1.0;2026-07-27 22:00:00+00:00
43.516;-0.931;-00.931_43.516;33.0;33.0;Béarn;VALLEES-GAVES-ADOUR-OUEST;BELLOCQ;2026-07-29;31.0;210.0;0.0;0.0;0.0;1.0;1.0;1.0;1.0;1.0;1.0;2.0;1.0;3.0;4.0;1.0;1.0;2026-07-28 22:00:00+00:00
43.516;-0.931;-00.931_43.516;33.0;33.0;Béarn;VALLEES-GAVES-ADOUR-OUEST;BELLOCQ;2026-07-30;31.0;211.0;0.0;0.0;0.0;1.0;1.0;1.0;1.0;1.0;1.0;3.0;2.0;2.0;1.0;3.0;1.0;2026-07-29 22:00:00+00:00
43.516;-0.931;-00.931_43.516;33.0;33.0;Béarn;VALLEES-GAVES-ADOUR-OUEST;BELLOCQ;2026-07-31;31.0;212.0;0.3;0.3;0.3;1.0;1.0;1.0;1.0;1.0;1.0;1.0;1.0;3.0;2.0;1.0;1.0;2026-07-30 22:00:00+00:00
43.516;-0.931;-00.931_43.516;33.0;33.0;Béarn;VALLEES-GAVES-ADOUR-OUEST;BELLOCQ;2026-08-01;31.0;213.0;0.0;0.0;0.0;1.0;1.0;1.0;1.0;1.0;1.0;3.0;1.0;1.0;2.0;1.0;1.0;2026-07-31 22:00:00+00:00
43.516;-0.931;-00.931_43.516;33.0;33.0;Béarn;VALLEES-GAVES-ADOUR-OUEST;BELLOCQ;2026-08-02;31.0;214.0;0.0;0.0;0.0;1.0;1.0;1.0;1.0;1.0;1.0;3.0;2.0;3.0;3.0;3.0;2.0;2026-08-01 22:00:00+00:00
43.516;-0.931;-00.931_43.516;33.0;33.0;Béarn;VALLEES-GAVES-ADOUR-OUEST;BELLOCQ;2026-08-03;32.0;215.0;0.0;0.0;0.0;1.0;1.0;1.0;;;;1.0;2.0;1.0;1.0;1.0;2.0;2026-08-02 22:00:00+00:00
43.516;-0.931;-00.931_43.516;33.0;33.0;Béarn;VALLEES-GAVES-ADOUR-OUEST;BELLOCQ;2026-08-04;32.0;216.0;0.0;0.0;0.0;1.0;1.0;1.0;;;;3.0;1.0;3.0;2.0;3.0;3.0;2026-08-03 22:00:00+00:00
43.516;-0.931;-00.931_43.516;33.0;33.0;Béarn;VALLEES-GAVES-ADOUR-OUEST;BELLOCQ;2026-08-05;32.0;217.0;0.0;0.0;0.0;1.0;1.0;1.0;1.0;1.0;1.0;1.0;2.0;1.0;1.0;2.0;2.0;2026-08-04 22:00:00+00:00
43.516;-0.931;-00.931_43.516;33.0;33.0;Béarn;VALLEES-GAVES-ADOUR-OUEST;BELLOCQ;2026-08-06;32.0;218.0;0.0;0.0;0.0;1.0;1.0;1.0;1.0;1.0;1.0;1.0;1.0;2.0;2.0;1.0;4.0;2026-08-05 22:00:00+00:00
43.516;-0.931;-00.931_43.516;33.0;33.0;Béarn;VALLEES-GAVES-ADOUR-OUEST;BELLOCQ;2026-08-07;32.0;219.0;0.0;0.0;0.0;1.0;1.0;1.0;1.0;1.0;1.0;2.0;3.0;1.0;2.0;1.0;1.0;2026-08-06 22:00:00+00:00
43.516;-0.931;-00.931_43.516;33.0;33.0;Béarn;VALLEES-GAVES-ADOUR-OUEST;BELLOCQ;2026-08-08;32.0;220.0;2.5;2.5;2.5;1.0;1.0;1.0;1.0;1.0;1.0;1.0;1.0;3.0;1.0;2.0;2.0;2026-08-07 22:00:00+00:00
43.516;-0.931;-00.931_43.516;33.0;33.0;Béarn;VALLEES-GAVES-ADOUR-OUEST;BELLOCQ;2026-08-09;32.0;221.0;36.1;36.1;36.1;1.0;1.0;1.0;2.0;2.0;2.0;1.0;2.0;4.0;2.0;1.0;1.0;2026-08-08 22:00:00+00:00
43.516;-0.931;-00.931_43.516;33.0;33.0;Béarn;VALLEES-GAVES-ADOUR-OUEST;BELLOCQ;2026-08-10;33.0;222.0;0.0;0.0;0.0;1.0;1.0;1.0;;;;1.0;1.0;2.0;2.0;1.0;2.0;2026-08-09 22:00:00+00:00
43.516;-0.931;-00.931_43.516;33.0;33.0;Béarn;VALLEES-GAVES-ADOUR-OUEST;BELLOCQ;2026-08-11;33.0;223.0;0.0;0.0;0.0;1.0;1.0;1.0;1.0;1.0;1.0;2.0;4.0;1.0;2.0;3.0;3.0;2026-08-10 22:00:00+00:00
43.516;-0.931;-00.931_43.516;33.0;33.0;Béarn;VALLEES-GAVES-ADOUR-OUEST;BELLOCQ;2026-08-12;33.0;224.0;0.0;0.0;0.0;1.0;1.0;1.0;1.0;1.0;1.0;1.0;1.0;1.0;1.0;2.0;3.0;2026-08-11 22:00:00+00:00
43.516;-0.931;-00.931_43.516;33.0;33.0;Béarn;VALLEES-GAVES-ADOUR-OUEST;BELLOCQ;2026-08-13;33.0;225.0;0.0;0.0;0.0;1.0;1.0;1.0;1.0;1.0;1.0;2.0;1.0;1.0;2.0;1.0;1.0;2026-08-12 22:00:00+00:00
43.516;-0.931;-00.931_43.516;33.0;33.0;Béarn;VALLEES-GAVES-ADOUR-OUEST;BELLOCQ;2026-08-14;33.0;226.0;0.0;0.0;0.0;1.0;1.0;1.0;1.0;1.0;1.0;3.0;3.0;1.0;2.0;4.0;3.0;2026-08-13 22:00:00+00:00
43.516;-0.931;-00.931_43.516;33.0;33.0;Béarn;VALLEES-GAVES-ADOUR-OUEST;BELLOCQ;2026-08-15;33.0;227.0;0.1;0.1;0.1;1.0;1.0;1.0;;;;3.0;2.0;1.0;2.0;2.0;2.0;2026-08-14 22:00:00+00:00
43.516;-0.931;-00.931_43.516;33.0;33.0;Béarn;VALLEES-GAVES-ADOUR-OUEST;BELLOCQ;2026-08-16;33.0;228.0;0.0;0.0;0.0;1.0;1.0;1.0;;;;1.0;2.0;1.0;2.0;3.0;1.0;2026-08-15 22:00:00+00:00
43.516;-0.931;-00.931_43.516;33.0;33.0;Béarn;VALLEES-GAVES-ADOUR-OUEST;BELLOCQ;2026-08-17;34.0;229.0;0.0;0.0;0.0;1.0;1.0;1.0;1.0;1.0;1.0;4.0;1.0;1.0;3.0;1.0;2.0;2026-08-16 22:00:00+00:00
43.516;-0.931;-00.931_43.516;33.0;33.0;Béarn;VALLEES-GAVES-ADOUR-OUEST;BELLOCQ;2026-08-18;34.0;230.0;0.0;0.0;0.0;1.0;1.0;1.0;1.0;1.0;1.0;2.0;3.0;1.0;3.0;1.0;1.0;2026-08-17 22:00:00+00:00
43.516;-0.931;-00.931_43.516;33.0;33.0;Béarn;VALLEES-GAVES-ADOUR-OUEST;BELLOCQ;2026-08-19;34.0;231.0;0.0;0.0;0.0;1.0;1.0;1.0;;;;3.0;1.0;2.0;3.0;1.0;1.0;2026-08-18 22:00:00+00:00
43.516;-0.931;-00.931_43.516;33.0;33.0;Béarn;VALLEES-GAVES-ADOUR-OUEST;BELLOCQ;2026-08-20;34.0;232.0;3.7;3.7;3.7;1.0;1.0;1.0;1.0;1.0;1.0;1.0;2.0;3.0;2.0;3.0;3.0;2026-08-19 22:00:00+00:00
43.516;-0.931;-00.931_43.516;33.0;33.0;Béarn;VALLEES-GAVES-ADOUR-OUEST;BELLOCQ;2026-08-21;34.0;233.0;17.3;17.3;17.3;1.0;1.0;1.0;2.0;2.0;2.0;2.0;2.0;2.0;3.0;1.0;2.0;2026-08-20 22:00:00+00:00
43.516;-0.931;-00.931_43.516;33.0;33.0;Béarn;VALLEES-GAVES-ADOUR-OUEST;BELLOCQ;2026-08-22;34.0;234.0;0.0;0.0;0.0;1.0;1.0;1.0;2.0;2.0;2.0;3.0;1.0;3.0;1.0;2.0;2.0;2026-08-21 22:00:00+00:00
43.516;-0.931;-00.931_43.516;33.0;33.0;Béarn;VALLEES-GAVES-ADOUR-OUEST;BELLOCQ;2026-08-23;34.0;235.0;19.1;19.1;19.1;1.0;1.0;1.0;2.0;2.0;2.0;1.0;2.0;2.0;2.0;2.0;1.0;2026-08-22 22:00:00+00:00
43.516;-0.931;-00.931_43.516;33.0;33.0;Béarn;VALLEES-GAVES-ADOUR-OUEST;BELLOCQ;2026-08-24;35.0;236.0;4.3;4.3;4.3;1.0;1.0;1.0;;;;1.0;2.0;3.0;2.0;1.0;1.0;2026-08-23 22:00:00+00:00
45.4;-1.039;-01.039_45.400;33.0;33.0;Nord Médoc;ESTUAIRE;VENSAC;2026-01-01;1.0;1.0;0.0;0.0;0.0;1.0;1.0;1.0;;;;3.0;1.0;1.0;2.0;1.0;1.0;2025-12-31 23:00:00+00:00
45.4;-1.039;-01.039_45.400;33.0;33.0;Nord Médoc;ESTUAIRE;VENSAC;2026-01-02;1.0;2.0;0.0;0.0;0.0;1.0;1.0;1.0;;;;2.0;1.0;1.0;2.0;2.0;1.0;2026-01-01 23:00:00+00:00
45.4;-1.039;-01.039_45.400;33.0;33.0;Nord Médoc;ESTUAIRE;VENSAC;2026-01-03;1.0;3.0;0.0;0.0;0.0;1.0;1.0;1.0;;;;2.0;3.0;2.0;1.0;2.0;2.0;2026-01-02 23:00:00+00:00
45.4;-1.039;-01.039_45.400;33.0;33.0;Nord Médoc;ESTUAIRE;VENSAC;2026-01-04;1.0;4.0;0.0;0.0;0.0;1.0;1.0;1.0;;;;3.0;2.0;2.0;1.0;3.0;2.0;2026-01-03 23:00:00+00:00
45.4;-1.039;-01.039_45.400;33.0;33.0;Nord Médoc;ESTUAIRE;VENSAC;2026-01-05;2.0;5.0;5.2;5.2;5.2;1.0;1.0;1.0;;;;1.0;1.0;1.0;3.0;1.0;1.0;2026-01-04 23:00:00+00:00
45.4;-1.039;-01.039_45.400;33.0;33.0;Nord Médoc;ESTUAIRE;VENSAC;2026-01-06;2.0;6.0;11.1;11.1;11.1;1.0;1.0;1.0;;;;2.0;1.0;1.0;2.0;1.0;1.0;2026-01-05 23:00:00+00:00
45.4;-1.039;-01.039_45.400;33.0;33.0;Nord Médoc;ESTUAIRE;VENSAC;2026-01-07;2.0;7.0;13.6;13.6;13.6;1.0;1.0;1.0;;;;2.0;2.0;2.0;1.0;1.0;1.0;2026-01-06 23:00:00+00:00
45.4;-1.039;-01.039_45.400;33.0;33.0;Nord Médoc;ESTUAIRE;VENSAC;2026-01-08;2.0;8.0;14.5;14.5;14.5;1.0;1.0;1.0;;;;3.0;2.0;4.0;3.0;2.0;2.0;2026-01-07 23:00:00+00:00
45.4;-1.039;-01.039_45.400;33.0;33.0;Nord Médoc;ESTUAIRE;VENSAC;2026-01-09;2.0;9.0;16.6;16.6;16.6;1.0;1.0;1.0;;;;2.0;2.0;1.0;1.0;1.0;3.0;2026-01-08 23:00:00+00:00
45.4;-1.039;-01.039_45.400;33.0;33.0;Nord Médoc;ESTUAIRE;VENSAC;2026-01-10;2.0;10.0;8.3;8.3;8.3;1.0;1.0;1.0;;;;3.0;1.0;1.0;4.0;1.0;2.0;2026-01-09 23:00:00+00:00
45.4;-1.039;-01.039_45.400;33.0;33.0;Nord Médoc;ESTUAIRE;VENSAC;2026-01-11;2.0;11.0;0.8999999999999999;0.8999999999999999;0.8999999999999999;1.0;1.0;1.0;;;;1.0;2.0;1.0;1.0;2.0;2.0;2026-01-10 23:00:00+00:00
45.4;-1.039;-01.039_45.400;33.0;33.0;Nord Médoc;ESTUAIRE;VENSAC;2026-01-12;3.0;12.0;0.0;0.0;0.0;1.0;1.0;1.0;;;;1.0;1.0;1.0;2.0;3.0;3.0;2026-01-11 23:00:00+00:00
45.4;-1.039;-01.039_45.400;33.0;33.0;Nord Médoc;ESTUAIRE;VENSAC;2026-01-13;3.0;13.0;0.2;0.2;0.2;1.0;1.0;1.0;;;;3.0;1.0;3.0;4.0;1.0;1.0;2026-01-12 23:00:00+00:00
45.4;-1.039;-01.039_45.400;33.0;33.0;Nord Médoc;ESTUAIRE;VENSAC;2026-01-14;3.0;14.0;0.4;0.4;0.4;1.0;1.0;1.0;;;;2.0;1.0;1.0;2.0;2.0;1.0;2026-01-13 23:00:00+00:00
45.4;-1.039;-01.039_45.400;33.0;33.0;Nord Médoc;ESTUAIRE;VENSAC;2026-01-15;3.0;15.0;3.0;3.0;3.0;1.0;1.0;1.0;;;;3.0;1.0;1.0;1.0;1.0;3.0;2026-01-14 23:00:00+00:00
45.4;-1.039;-01.039_45.400;33.0;33.0;Nord Médoc;ESTUAIRE;VENSAC;2026-01-16;3.0;16.0;1.8;1.8;1.8;1.0;1.0;1.0;;;;1.0;2.0;1.0;2.0;1.0;2.0;2026-01-15 23:00:00+00:00
45.4;-1.039;-01.039_45.400;33.0;33.0;Nord Médoc;ESTUAIRE;VENSAC;2026-01-17;3.0;17.0;6.2;6.2;6.2;1.0;1.0;1.0;;;;2.0;3.0;1.0;3.0;2.0;2.0;2026-01-16 23:00:00+00:00
45.4;-1.039;-01.039_45.400;33.0;33.0;Nord Médoc;ESTUAIRE;VENSAC;2026-01-18;3.0;18.0;0.1;0.1;0.1;1.0;1.0;1.0;;;;1.0;1.0;2.0;4.0;2.0;2.0;2026-01-17 23:00:00+00:00
45.4;-1.039;-01.039_45.400;33.0;33.0;Nord Médoc;ESTUAIRE;VENSAC;2026-01-19;4.0;19.0;0.7;0.7;0.7;1.0;1.0;1.0;;;;2.0;2.0;1.0;3.0;1.0;3.0;2026-01-18 23:00:00+00:00
45.4;-1.039;-01.039_45.400;33.0;33.0;Nord Médoc;ESTUAIRE;VENSAC;2026-01-20;4.0;20.0;0.3999999999999999;0.3999999999999999;0.3999999999999999;1.0;1.0;1.0;;;;1.0;3.0;2.0;1.0;1.0;1.0;2026-01-19 23:00:00+00:00
45.4;-1.039;-01.039_45.400;33.0;33.0;Nord Médoc;ESTUAIRE;VENSAC;2026-01-21;4.0;21.0;4.9;4.9;4.9;1.0;1.0;1.0;;;;1.0;2.0;3.0;1.0;1.0;2.0;2026-01-20 23:00:00+00:00
45.4;-1.039;-01.039_45.400;33.0;33.0;Nord Médoc;ESTUAIRE;VENSAC;2026-01-22;4.0;22.0;5.5;5.5;5.5;1.0;1.0;1.0;;;;1.0;1.0;3.0;2.0;2.0;1.0;2026-01-21 23:00:00+00:00
45.4;-1.039;-01.039_45.400;33.0;33.0;Nord Médoc;ESTUAIRE;VENSAC;2026-01-23;4.0;23.0;10.7;10.7;10.7;1.0;1.0;1.0;;;;1.0;2.0;2.0;1.0;1.0;3.0;2026-01-22 23:00:00+00:00
45.4;-1.039;-01.039_45.400;33.0;33.0;Nord Médoc;ESTUAIRE;VENSAC;2026-01-24;4.0;24.0;13.9;13.9;13.9;1.0;1.0;1.0;;;;1.0;3.0;1.0;2.0;2.0;2.0;2026-01-23 23:00:00+00:00
45.4;-1.039;-01.039_45.400;33.0;33.0;Nord Médoc;ESTUAIRE;VENSAC;2026-01-25;4.0;25.0;19.4;19.4;19.4;1.0;1.0;1.0;;;;1.0;2.0;2.0;3.0;3.0;2.0;2026-01-24 23:00:00+00:00
45.4;-1.039;-01.039_45.400;33.0;33.0;Nord Médoc;ESTUAIRE;VENSAC;2026-01-26;5.0;26.0;1.0;1.0;1.0;1.0;1.0;1.0;;;;1.0;4.0;1.0;1.0;2.0;2.0;2026-01-25 23:00:00+00:00
45.4;-1.039;-01.039_45.400;33.0;33.0;Nord Médoc;ESTUAIRE;VENSAC;2026-01-27;5.0;27.0;15.2;15.2;15.2;1.0;1.0;1.0;;;;3.0;1.0;1.0;2.0;1.0;1.0;2026-01-26 23:00:00+00:00
45.4;-1.039;-01.039_45.400;33.0;33.0;Nord Médoc;ESTUAIRE;VENSAC;2026-01-28;5.0;28.0;11.0;11.0;11.0;1.0;1.0;1.0;;;;1.0;1.0;1.0;1.0;2.0;1.0;2026-01-27 23:00:00+00:00
45.4;-1.039;-01.039_45.400;33.0;33.0;Nord Médoc;ESTUAIRE;VENSAC;2026-01-29;5.0;29.0;4.1;4.1;4.1;1.0;1.0;1.0;;;;1.0;1.0;1.0;1.0;3.0;2.0;2026-01-28 23:00:00+00:00
45.4;-1.039;-01.039_45.400;33.0;33.0;Nord Médoc;ESTUAIRE;VENSAC;2026-01-30;5.0;30.0;4.4;4.4;4.4;1.0;1.0;1.0;;;;1.0;1.0;2.0;3.0;2.0;3.0;2026-01-29 23:00:00+00:00
45.4;-1.039;-01.039_45.400;33.0;33.0;Nord Médoc;ESTUAIRE;VENSAC;2026-01-31;5.0;31.0;11.0;11.0;11.0;1.0;1.0;1.0;;;;2.0;1.0;1.0;3.0;1.0;1.0;2026-01-30 23:00:00+00:00
45.4;-1.039;-01.039_45.400;33.0;33.0;Nord Médoc;ESTUAIRE;VENSAC;2026-02-01;5.0;32.0;8.8;8.8;8.8;1.0;1.0;1.0;;;;1.0;1.0;1.0;1.0;1.0;2.0;2026-01-31 23:00:00+00:00
45.4;-1.039;-01.039_45.400;33.0;33.0;Nord Médoc;ESTUAIRE;VENSAC;2026-02-02;6.0;33.0;5.0;5.0;5.0;1.0;1.0;1.0;;;;1.0;1.0;1.0;1.0;1.0;1.0;2026-02-01 23:00:00+00:00
45.4;-1.039;-01.039_45.400;33.0;33.0;Nord Médoc;ESTUAIRE;VENSAC;2026-02-03;6.0;34.0;6.9;6.9;6.9;1.0;1.0;1.0;;;;3.0;1.0;2.0;1.0;4.0;3.0;2026-02-02 23:00:00+00:00
45.4;-1.039;-01.039_45.400;33.0;33.0;Nord Médoc;ESTUAIRE;VENSAC;2026-02-04;6.0;35.0;8.1;8.1;8.1;1.0;1.0;1.0;;;;3.0;4.0;1.0;2.0;1.0;1.0;2026-02-03 23:00:00+00:00
45.4;-1.039;-01.039_45.400;33.0;33.0;Nord Médoc;ESTUAIRE;VENSAC;2026-02-05;6.0;36.0;9.5;9.5;9.5;1.0;1.0;1.0;;;;1.0;1.0;1.0;2.0;1.0;2.0;2026-02-04 23:00:00+00:00
45.4;-1.039;-01.039_45.400;33.0;33.0;Nord Médoc;ESTUAIRE;VENSAC;2026-02-06;6.0;37.0;0.5;0.5;0.5;1.0;1.0;1.0;;;;2.0;3.0;1.0;1.0;2.0;1.0;2026-02-05 23:00:00+00:00
45.4;-1.039;-01.039_45.400;33.0;33.0;Nord Médoc;ESTUAIRE;VENSAC;2026-02-07;6.0;38.0;2.5;2.5;2.5;1.0;1.0;1.0;;;;1.0;2.0;1.0;1.0;1.0;2.0;2026-02-06 23:00:00+00:00
45.4;-1.039;-01.039_45.400;33.0;33.0;Nord Médoc;ESTUAIRE;VENSAC;2026-02-08;6.0;39.0;0.0;0.0;0.0;1.0;1.0;1.0;;;;1.0;4.0;1.0;1.0;3.0;2.0;2026-02-07 23:00:00+00:00
45.4;-1.039;-01.039_45.400;33.0;33.0;Nord Médoc;ESTUAIRE;VENSAC;2026-02-09;7.0;40.0;5.2;5.2;5.2;1.0;1.0;1.0;;;;4.0;3.0;2.0;1.0;3.0;3.0;2026-02-08 23:00:00+00:00
45.4;-1.039;-01.039_45.400;33.0;33.0;Nord Médoc;ESTUAIRE;VENSAC;2026-02-10;7.0;41.0;15.8;15.8;15.8;1.0;1.0;1.0;;;;2.0;3.0;1.0;2.0;1.0;2.0;2026-02-09 23:00:00+00:00
45.4;-1.039;-01.039_45.400;33.0;33.0;Nord Médoc;ESTUAIRE;VENSAC;2026-02-11;7.0;42.0;13.1;13.1;13.1;1.0;1.0;1.0;;;;1.0;2.0;1.0;1.0;3.0;1.0;2026-02-10 23:00:00+00:00
45.4;-1.039;-01.039_45.400;33.0;33.0;Nord Médoc;ESTUAIRE;VENSAC;2026-02-12;7.0;43.0;9.0;9.0;9.0;1.0;1.0;1.0;;;;1.0;1.0;4.0;1.0;1.0;3.0;2026-02-11 23:00:00+00:00
45.4;-1.039;-01.039_45.400;33.0;33.0;Nord Médoc;ESTUAIRE;VENSAC;2026-02-13;7.0;44.0;11.0;11.0;11.0;1.0;1.0;1.0;;;;1.0;3.0;1.0;3.0;2.0;3.0;2026-02-12 23:00:00+00:00
45.4;-1.039;-01.039_45.400;33.0;33.0;Nord Médoc;ESTUAIRE;VENSAC;2026-02-14;7.0;45.0;0.3;0.3;0.3;1.0;1.0;1.0;;;;1.0;2.0;2.0;2.0;1.0;2.0;2026-02-13 23:00:00+00:00
45.4;-1.039;-01.039_45.400;33.0;33.0;Nord Médoc;ESTUAIRE;VENSAC;2026-02-15;7.0;46.0;16.6;16.6;16.6;1.0;1.0;1.0;;;;2.0;1.0;2.0;2.0;3.0;3.0;2026-02-14 23:00:00+00:00
45.4;-1.039;-01.039_45.400;33.0;33.0;Nord Médoc;ESTUAIRE;VENSAC;2026-02-16;8.0;47.0;2.5;2.5;2.5;1.0;1.0;1.0;;;;1.0;4.0;1.0;1.0;1.0;1.0;2026-02-15 23:00:00+00:00
45.4;-1.039;-01.039_45.400;33.0;33.0;Nord Médoc;ESTUAIRE;VENSAC;2026-02-17;8.0;48.0;2.1;2.1;2.1;1.0;1.0;1.0;;;;3.0;3.0;3.0;3.0;3.0;2.0;2026-02-16 23:00:00+00:00
45.4;-1.039;-01.039_45.400;33.0;33.0;Nord Médoc;ESTUAIRE;VENSAC;2026-02-18;8.0;49.0;8.5;8.5;8.5;1.0;1.0;1.0;;;;1.0;3.0;1.0;2.0;2.0;1.0;2026-02-17 23:00:00+00:00
45.4;-1.039;-01.039_45.400;33.0;33.0;Nord Médoc;ESTUAIRE;VENSAC;2026-02-19;8.0;50.0;10.3;10.3;10.3;1.0;1.0;1.0;;;;1.0;3.0;2.0;1.0;1.0;3.0;2026-02-18 23:00:00+00:00
45.4;-1.039;-01.039_45.400;33.0;33.0;Nord Médoc;ESTUAIRE;VENSAC;2026-02-20;8.0;51.0;1.0;1.0;1.0;1.0;1.0;1.0;;;;1.0;3.0;1.0;2.0;2.0;1.0;2026-02-19 23:00:00+00:00
45.4;-1.039;-01.039_45.400;33.0;33.0;Nord Médoc;ESTUAIRE;VENSAC;2026-02-21;8.0;52.0;0.0;0.0;0.0;1.0;1.0;1.0;;;;2.0;3.0;1.0;1.0;1.0;1.0;2026-02-20 23:00:00+00:00
45.4;-1.039;-01.039_45.400;33.0;33.0;Nord Médoc;ESTUAIRE;VENSAC;2026-02-22;8.0;53.0;0.0;0.0;0.0;1.0;1.0;1.0;;;;2.0;2.0;3.0;1.0;1.0;2.0;2026-02-21 23:00:00+00:00
45.4;-1.039;-01.039_45.400;33.0;33.0;Nord Médoc;ESTUAIRE;VENSAC;2026-02-23;9.0;54.0;0.0;0.0;0.0;1.0;1.0;1.0;;;;1.0;1.0;3.0;1.0;3.0;1.0;2026-02-22 23:00:00+00:00
45.4;-1.039;-01.039_45.400;33.0;33.0;Nord Médoc;ESTUAIRE;VENSAC;2026-02-24;9.0;55.0;0.0;0.0;0.0;1.0;1.0;1.0;;;;1.0;1.0;1.0;1.0;1.0;1.0;2026-02-23 23:00:00+00:00
45.4;-1.039;-01.039_45.400;33.0;33.0;Nord Médoc;ESTUAIRE;VENSAC;2026-02-25;9.0;56.0;0.0;0.0;0.0;1.0;1.0;1.0;;;;2.0;1.0;2.0;1.0;1.0;3.0;2026-02-24 23:00:00+00:00
45.4;-1.039;-01.039_45.400;33.0;33.0;Nord Médoc;ESTUAIRE;VENSAC;2026-02-26;9.0;57.0;0.0;0.0;0.0;1.0;1.0;1.0;;;;1.0;1.0;1.0;3.0;2.0;1.0;2026-02-25 23:00:00+00:00
45.4;-1.039;-01.039_45.400;33.0;33.0;Nord Médoc;ESTUAIRE;VENSAC;2026-02-27;9.0;58.0;0.6;0.6;0.6;1.0;1.0;1.0;;;;3.0;1.0;3.0;3.0;2.0;2.0;2026-02-26 23:00:00+00:00
45.4;-1.039;-01.039_45.400;33.0;33.0;Nord Médoc;ESTUAIRE;VENSAC;2026-02-28;9.0;59.0;0.1;0.1;0.1;1.0;1.0;1.0;;;;1.0;1.0;1.0;1.0;2.0;2.0;2026-02-27 23:00:00+00:00
45.4;-1.039;-01.039_45.400;33.0;33.0;Nord Médoc;ESTUAIRE;VENSAC;2026-03-01;9.0;60.0;0.0;0.0;0.0;1.0;1.0;1.0;;;;2.0;3.0;3.0;2.0;1.0;2.0;2026-02-28 23:00:00+00:00
45.4;-1.039;-01.039_45.400;33.0;33.0;Nord Médoc;ESTUAIRE;VENSAC;2026-03-02;10.0;61.0;0.0;0.0;0.0;1.0;1.0;1.0;;;;1.0;2.0;3.0;1.0;1.0;4.0;2026-03-01 23:00:00+00:00
45.4;-1.039;-01.039_45.400;33.0;33.0;Nord Médoc;ESTUAIRE;VENSAC;2026-03-03;10.0;62.0;0.0;0.0;0.0;1.0;1.0;1.0;;;;1.0;1.0;1.0;1.0;1.0;2.0;2026-03-02 23:00:00+00:00
45.4;-1.039;-01.039_45.400;33.0;33.0;Nord Médoc;ESTUAIRE;VENSAC;2026-03-04;10.0;63.0;0.0;0.0;0.0;1.0;1.0;1.0;;;;2.0;1.0;1.0;1.0;4.0;1.0;2026-03-03 23:00:00+00:00
45.4;-1.039;-01.039_45.400;33.0;33.0;Nord Médoc;ESTUAIRE;VENSAC;2026-03-05;10.0;64.0;0.4;0.4;0.4;1.0;1.0;1.0;;;;2.0;2.0;1.0;2.0;2.0;1.0;2026-03-04 23:00:00+00:00
45.4;-1.039;-01.039_45.400;33.0;33.0;Nord Médoc;ESTUAIRE;VENSAC;2026-03-06;10.0;65.0;3.0;3.0;3.0;1.0;1.0;1.0;;;;2.0;1.0;3.0;1.0;3.0;2.0;2026-03-05 23:00:00+00:00
45.4;-1.039;-01.039_45.400;33.0;33.0;Nord Médoc;ESTUAIRE;VENSAC;2026-03-07;10.0;66.0;1.2000000000000002;1.2000000000000002;1.2000000000000002;1.0;1.0;1.0;;;;3.0;1.0;3.0;2.0;1.0;2.0;2026-03-06 23:00:00+00:00
45.4;-1.039;-01.039_45.400;33.0;33.0;Nord Médoc;ESTUAIRE;VENSAC;2026-03-08;10.0;67.0;1.7;1.7;1.7;1.0;1.0;1.0;;;;1.0;2.0;1.0;2.0;3.0;1.0;2026-03-07 23:00:00+00:00
45.4;-1.039;-01.039_45.400;33.0;33.0;Nord Médoc;ESTUAIRE;VENSAC;2026-03-09;11.0;68.0;12.1;12.1;12.1;1.0;1.0;1.0;;;;3.0;1.0;1.0;2.0;1.0;2.0;2026-03-08 23:00:00+00:00
45.4;-1.039;-01.039_45.400;33.0;33.0;Nord Médoc;ESTUAIRE;VENSAC;2026-03-10;11.0;69.0;0.0;0.0;0.0;1.0;1.0;1.0;;;;1.0;1.0;3.0;1.0;1.0;1.0;2026-03-09 23:00:00+00:00
45.4;-1.039;-01.039_45.400;33.0;33.0;Nord Médoc;ESTUAIRE;VENSAC;2026-03-11;11.0;70.0;6.5;6.5;6.5;1.0;1.0;1.0;;;;1.0;1.0;1.0;1.0;2.0;1.0;2026-03-10 23:00:00+00:00
45.4;-1.039;-01.039_45.400;33.0;33.0;Nord Médoc;ESTUAIRE;VENSAC;2026-03-12;11.0;71.0;0.9;0.9;0.9;1.0;1.0;1.0;;;;1.0;2.0;1.0;1.0;1.0;2.0;2026-03-11 23:00:00+00:00
45.4;-1.039;-01.039_45.400;33.0;33.0;Nord Médoc;ESTUAIRE;VENSAC;2026-03-13;11.0;72.0;14.9;14.9;14.9;1.0;1.0;1.0;;;;3.0;1.0;1.0;2.0;1.0;1.0;2026-03-12 23:00:00+00:00
45.4;-1.039;-01.039_45.400;33.0;33.0;Nord Médoc;ESTUAIRE;VENSAC;2026-03-14;11.0;73.0;4.0;4.0;4.0;1.0;1.0;1.0;;;;2.0;1.0;3.0;1.0;3.0;1.0;2026-03-13 23:00:00+00:00
45.4;-1.039;-01.039_45.400;33.0;33.0;Nord Médoc;ESTUAIRE;VENSAC;2026-03-15;11.0;74.0;0.0;0.0;0.0;1.0;1.0;1.0;;;;1.0;2.0;2.0;2.0;2.0;1.0;2026-03-14 23:00:00+00:00
45.4;-1.039;-01.039_45.400;33.0;33.0;Nord Médoc;ESTUAIRE;VENSAC;2026-03-16;12.0;75.0;0.3999999999999999;0.3999999999999999;0.3999999999999999;1.0;1.0;1.0;;;;1.0;4.0;2.0;1.0;4.0;3.0;2026-03-15 23:00:00+00:00
45.4;-1.039;-01.039_45.400;33.0;33.0;Nord Médoc;ESTUAIRE;VENSAC;2026-03-17;12.0;76.0;0.0;0.0;0.0;1.0;1.0;1.0;;;;1.0;1.0;1.0;4.0;1.0;1.0;2026-03-16 23:00:00+00:00
45.4;-1.039;-01.039_45.400;33.0;33.0;Nord Médoc;ESTUAIRE;VENSAC;2026-03-18;12.0;77.0;0.0;0.0;0.0;1.0;1.0;1.0;;;;2.0;1.0;1.0;3.0;1.0;1.0;2026-03-17 23:00:00+00:00
45.4;-1.039;-01.039_45.400;33.0;33.0;Nord Médoc;ESTUAIRE;VENSAC;2026-03-19;12.0;78.0;0.0;0.0;0.0;1.0;1.0;1.0;;;;1.0;1.0;2.0;2.0;2.0;4.0;2026-03-18 23:00:00+00:00
45.4;-1.039;-01.039_45.400;33.0;33.0;Nord Médoc;ESTUAIRE;VENSAC;2026-03-20;12.0;79.0;0.0;0.0;0.0;1.0;1.0;1.0;;;;1.0;2.0;4.0;4.0;1.0;2.0;2026-03-19 23:00:00+00:00
45.4;-1.039;-01.039_45.400;33.0;33.0;Nord Médoc;ESTUAIRE;VENSAC;2026-03-21;12.0;80.0;0.0;0.0;0.0;1.0;1.0;1.0;;;;3.0;2.0;1.0;3.0;1.0;1.0;2026-03-20 23:00:00+00:00
45.4;-1.039;-01.039_45.400;33.0;33.0;Nord Médoc;ESTUAIRE;VENSAC;2026-03-22;12.0;81.0;0.0;0.0;0.0;1.0;1.0;1.0;;;;2.0;1.0;1.0;2.0;1.0;1.0;2026-03-21 23:00:00+00:00
45.4;-1.039;-01.039_45.400;33.0;33.0;Nord Médoc;ESTUAIRE;VENSAC;2026-03-23;13.0;82.0;0.0;0.0;0.0;1.0;1.0;1.0;;;;1.0;3.0;1.0;1.0;2.0;1.0;2026-03-22 23:00:00+00:00
45.4;-1.039;-01.039_45.400;33.0;33.0;Nord Médoc;ESTUAIRE;VENSAC;2026-03-24;13.0;83.0;0.0;0.0;0.0;1.0;1.0;1.0;;;;1.0;1.0;3.0;1.0;3.0;1.0;2026-03-23 23:00:00+00:00
45.4;-1.039;-01.039_45.400;33.0;33.0;Nord Médoc;ESTUAIRE;VENSAC;2026-03-25;13.0;84.0;0.9;0.9;0.9;1.0;1.0;1.0;;;;1.0;1.0;2.0;2.0;1.0;1.0;2026-03-24 23:00:00+00:00
45.4;-1.039;-01.039_45.400;33.0;33.0;Nord Médoc;ESTUAIRE;VENSAC;2026-03-26;13.0;85.0;0.0;0.0;0.0;1.0;1.0;1.0;;;;3.0;3.0;1.0;2.0;2.0;1.0;2026-03-25 23:00:00+00:00
45.4;-1.039;-01.039_45.400;33.0;33.0;Nord Médoc;ESTUAIRE;VENSAC;2026-03-27;13.0;86.0;0.0;0.0;0.0;1.0;1.0;1.0;;;;1.0;2.0;1.0;1.0;1.0;1.0;2026-03-26 23:00:00+00:00
45.4;-1.039;-01.039_45.400;33.0;33.0;Nord Médoc;ESTUAIRE;VENSAC;2026-03-28;13.0;87.0;3.5;3.5;3.5;1.0;1.0;1.0;;;;1.0;1.0;2.0;1.0;1.0;2.0;2026-03-27 23:00:00+00:00
45.4;-1.039;-01.039_45.400;33.0;33.0;Nord Médoc;ESTUAIRE;VENSAC;2026-03-29;13.0;88.0;0.0;0.0;0.0;1.0;1.0;1.0;;;;4.0;4.0;3.0;1.0;3.0;2.0;2026-03-28 23:00:00+00:00
45.4;-1.039;-01.039_45.400;33.0;33.0;Nord Médoc;ESTUAIRE;VENSAC;2026-03-30;14.0;89.0;0.6;0.6;0.6;1.0;1.0;1.0;;;;3.0;2.0;1.0;2.0;2.0;3.0;2026-03-29 22:00:00+00:00
45.4;-1.039;-01.039_45.400;33.0;33.0;Nord Médoc;ESTUAIRE;VENSAC;2026-03-31;14.0;90.0;0.0;0.0;0.0;1.0;1.0;1.0;3.0;3.0;3.0;1.0;2.0;1.0;2.0;1.0;2.0;2026-03-30 22:00:00+00:00
45.4;-1.039;-01.039_45.400;33.0;33.0;Nord Médoc;ESTUAIRE;VENSAC;2026-04-01;14.0;91.0;0.0;0.0;0.0;1.0;1.0;1.0;2.0;2.0;2.0;3.0;1.0;2.0;1.0;1.0;3.0;2026-03-31 22:00:00+00:00
45.4;-1.039;-01.039_45.400;33.0;33.0;Nord Médoc;ESTUAIRE;VENSAC;2026-04-02;14.0;92.0;0.0;0.0;0.0;1.0;1.0;1.0;2.0;2.0;2.0;1.0;1.0;1.0;2.0;1.0;4.0;2026-04-01 22:00:00+00:00
45.4;-1.039;-01.039_45.400;33.0;33.0;Nord Médoc;ESTUAIRE;VENSAC;2026-04-03;14.0;93.0;1.6;1.6;1.6;1.0;1.0;1.0;2.0;2.0;2.0;1.0;1.0;1.0;3.0;1.0;2.0;2026-04-02 22:00:00+00:00
45.4;-1.039;-01.039_45.400;33.0;33.0;Nord Médoc;ESTUAIRE;VENSAC;2026-04-04;14.0;94.0;0.0;0.0;0.0;1.0;1.0;1.0;2.0;2.0;2.0;1.0;1.0;1.0;1.0;1.0;1.0;2026-04-03 22:00:00+00:00
45.4;-1.039;-01.039_45.400;33.0;33.0;Nord Médoc;ESTUAIRE;VENSAC;2026-04-05;14.0;95.0;0.0;0.0;0.0;1.0;1.0;1.0;2.0;2.0;2.0;2.0;2.0;2.0;2.0;4.0;2.0;2026-04-04 22:00:00+00:00
45.4;-1.039;-01.039_45.400;33.0;33.0;Nord Médoc;ESTUAIRE;VENSAC;2026-04-06;15.0;96.0;0.0;0.0;0.0;1.0;1.0;1.0;2.0;2.0;2.0;2.0;4.0;2.0;2.0;1.0;4.0;2026-04-05 22:00:00+00:00
45.4;-1.039;-01.039_45.400;33.0;33.0;Nord Médoc;ESTUAIRE;VENSAC;2026-04-07;15.0;97.0;0.0;0.0;0.0;1.0;1.0;1.0;2.0;2.0;2.0;1.0;1.0;1.0;4.0;1.0;2.0;2026-04-06 22:00:00+00:00
45.4;-1.039;-01.039_45.400;33.0;33.0;Nord Médoc;ESTUAIRE;VENSAC;2026-04-08;15.0;98.0;0.0;0.0;0.0;1.0;1.0;1.0;2.0;2.0;2.0;4.0;3.0;2.0;2.0;2.0;1.0;2026-04-07 22:00:00+00:00
45.4;-1.039;-01.039_45.400;33.0;33.0;Nord Médoc;ESTUAIRE;VENSAC;2026-04-09;15.0;99.0;0.0;0.0;0.0;1.0;1.0;1.0;2.0;2.0;2.0;4.0;2.0;1.0;4.0;1.0;1.0;2026-04-08 22:00:00+00:00
45.4;-1.039;-01.039_45.400;33.0;33.0;Nord Médoc;ESTUAIRE;VENSAC;2026-04-10;15.0;100.0;0.0;0.0;0.0;1.0;1.0;1.0;2.0;2.0;2.0;2.0;1.0;1.0;1.0;4.0;2.0;2026-04-09 22:00:00+00:00
45.4;-1.039;-01.039_45.400;33.0;33.0;Nord Médoc;ESTUAIRE;VENSAC;2026-04-11;15.0;101.0;2.8;2.8;2.8;1.0;1.0;1.0;2.0;2.0;2.0;1.0;1.0;2.0;4.0;3.0;3.0;2026-04-10 22:00:00+00:00
45.4;-1.039;-01.039_45.400;33.0;33.0;Nord Médoc;ESTUAIRE;VENSAC;2026-04-12;15.0;102.0;0.0;0.0;0.0;1.0;1.0;1.0;;2.0;;4.0;1.0;1.0;1.0;1.0;1.0;2026-04-11 22:00:00+00:00
45.4;-1.039;-01.039_45.400;33.0;33.0;Nord Médoc;ESTUAIRE;VENSAC;2026-04-13;16.0;103.0;1.6;1.6;1.6;1.0;1.0;1.0;;2.0;;2.0;3.0;2.0;1.0;1.0;1.0;2026-04-12 22:00:00+00:00
45.4;-1.039;-01.039_45.400;33.0;33.0;Nord Médoc;ESTUAIRE;VENSAC;2026-04-14;16.0;104.0;0.0;0.0;0.0;1.0;1.0;1.0;;2.0;;1.0;1.0;2.0;1.0;3.0;1.0;2026-04-13 22:00:00+00:00
45.4;-1.039;-01.039_45.400;33.0;33.0;Nord Médoc;ESTUAIRE;VENSAC;2026-04-15;16.0;105.0;0.0;0.0;0.0;1.0;1.0;1.0;;2.0;;1.0;1.0;3.0;1.0;1.0;3.0;2026-04-14 22:00:00+00:00
45.4;-1.039;-01.039_45.400;33.0;33.0;Nord Médoc;ESTUAIRE;VENSAC;2026-04-16;16.0;106.0;0.0;0.0;0.0;1.0;1.0;1.0;;2.0;;1.0;1.0;4.0;2.0;1.0;4.0;2026-04-15 22:00:00+00:00
45.4;-1.039;-01.039_45.400;33.0;33.0;Nord Médoc;ESTUAIRE;VENSAC;2026-04-17;16.0;107.0;0.0;0.0;0.0;1.0;1.0;1.0;;2.0;;1.0;1.0;2.0;1.0;1.0;2.0;2026-04-16 22:00:00+00:00
45.4;-1.039;-01.039_45.400;33.0;33.0;Nord Médoc;ESTUAIRE;VENSAC;2026-04-18;16.0;108.0;0.0;0.0;0.0;1.0;1.0;1.0;;2.0;;1.0;1.0;2.0;1.0;3.0;3.0;2026-04-17 22:00:00+00:00
45.4;-1.039;-01.039_45.400;33.0;33.0;Nord Médoc;ESTUAIRE;VENSAC;2026-04-19;16.0;109.0;0.0;0.0;0.0;1.0;1.0;1.0;;2.0;;1.0;1.0;2.0;2.0;1.0;1.0;2026-04-18 22:00:00+00:00
45.4;-1.039;-01.039_45.400;33.0;33.0;Nord Médoc;ESTUAIRE;VENSAC;2026-04-20;17.0;110.0;0.0;0.0;0.0;1.0;1.0;1.0;;2.0;;4.0;1.0;2.0;2.0;1.0;1.0;2026-04-19 22:00:00+00:00
45.4;-1.039;-01.039_45.400;33.0;33.0;Nord Médoc;ESTUAIRE;VENSAC;2026-04-21;17.0;111.0;0.0;0.0;0.0;1.0;1.0;1.0;;2.0;;1.0;2.0;2.0;1.0;1.0;2.0;2026-04-20 22:00:00+00:00
45.4;-1.039;-01.039_45.400;33.0;33.0;Nord Médoc;ESTUAIRE;VENSAC;2026-04-22;17.0;112.0;0.1;0.1;0.1;1.0;1.0;1.0;;2.0;;2.0;1.0;3.0;1.0;1.0;4.0;2026-04-21 22:00:00+00:00
45.4;-1.039;-01.039_45.400;33.0;33.0;Nord Médoc;ESTUAIRE;VENSAC;2026-04-23;17.0;113.0;0.0;0.0;0.0;1.0;1.0;1.0;;2.0;;1.0;1.0;2.0;2.0;1.0;1.0;2026-04-22 22:00:00+00:00
45.4;-1.039;-01.039_45.400;33.0;33.0;Nord Médoc;ESTUAIRE;VENSAC;2026-04-24;17.0;114.0;0.0;0.0;0.0;1.0;1.0;1.0;;2.0;;2.0;1.0;3.0;1.0;1.0;1.0;2026-04-23 22:00:00+00:00
45.4;-1.039;-01.039_45.400;33.0;33.0;Nord Médoc;ESTUAIRE;VENSAC;2026-04-25;17.0;115.0;0.0;0.0;0.0;1.0;1.0;1.0;;2.0;;2.0;3.0;2.0;1.0;2.0;1.0;2026-04-24 22:00:00+00:00
45.4;-1.039;-01.039_45.400;33.0;33.0;Nord Médoc;ESTUAIRE;VENSAC;2026-04-26;17.0;116.0;0.0;0.0;0.0;1.0;1.0;1.0;;2.0;;1.0;1.0;2.0;2.0;4.0;1.0;2026-04-25 22:00:00+00:00
45.4;-1.039;-01.039_45.400;33.0;33.0;Nord Médoc;ESTUAIRE;VENSAC;2026-04-27;18.0;117.0;0.0;0.0;0.0;1.0;1.0;1.0;;2.0;;2.0;1.0;1.0;3.0;1.0;1.0;2026-04-26 22:00:00+00:00
45.4;-1.039;-01.039_45.400;33.0;33.0;Nord Médoc;ESTUAIRE;VENSAC;2026-04-28;18.0;118.0;0.0;0.0;0.0;1.0;1.0;1.0;;2.0;;1.0;2.0;1.0;1.0;2.0;1.0;2026-04-27 22:00:00+00:00
45.4;-1.039;-01.039_45.400;33.0;33.0;Nord Médoc;ESTUAIRE;VENSAC;2026-04-29;18.0;119.0;13.6;13.6;13.6;3.0;3.0;3.0;;2.0;;2.0;2.0;1.0;1.0;2.0;3.0;2026-04-28 22:00:00+00:00
45.4;-1.039;-01.039_45.400;33.0;33.0;Nord Médoc;ESTUAIRE;VENSAC;2026-04-30;18.0;120.0;1.8;1.8;1.8;1.0;1.0;1.0;;2.0;;2.0;1.0;3.0;2.0;3.0;1.0;2026-04-29 22:00:00+00:00
45.4;-1.039;-01.039_45.400;33.0;33.0;Nord Médoc;ESTUAIRE;VENSAC;2026-05-01;18.0;121.0;0.0;0.0;0.0;1.0;1.0;1.0;;2.0;;1.0;2.0;2.0;1.0;1.0;1.0;2026-04-30 22:00:00+00:00
45.4;-1.039;-01.039_45.400;33.0;33.0;Nord Médoc;ESTUAIRE;VENSAC;2026-05-02;18.0;122.0;11.2;11.2;11.2;1.0;1.0;1.0;;2.0;;2.0;2.0;3.0;2.0;1.0;1.0;2026-05-01 22:00:00+00:00
45.4;-1.039;-01.039_45.400;33.0;33.0;Nord Médoc;ESTUAIRE;VENSAC;2026-05-03;18.0;123.0;8.1;8.1;8.1;1.0;1.0;1.0;;2.0;;2.0;1.0;2.0;1.0;2.0;2.0;2026-05-02 22:00:00+00:00
45.4;-1.039;-01.039_45.400;33.0;33.0;Nord Médoc;ESTUAIRE;VENSAC;2026-05-04;19.0;124.0;12.9;12.9;12.9;1.0;1.0;1.0;;2.0;;2.0;3.0;1.0;1.0;2.0;1.0;2026-05-03 22:00:00+00:00
45.4;-1.039;-01.039_45.400;33.0;33.0;Nord Médoc;ESTUAIRE;VENSAC;2026-05-05;19.0;125.0;0.1;0.1;0.1;1.0;1.0;1.0;;2.0;;1.0;3.0;4.0;2.0;1.0;1.0;2026-05-04 22:00:00+00:00
45.4;-1.039;-01.039_45.400;33.0;33.0;Nord Médoc;ESTUAIRE;VENSAC;2026-05-06;19.0;126.0;4.699999999999999;4.699999999999999;4.699999999999999;1.0;1.0;1.0;;2.0;;1.0;2.0;1.0;1.0;1.0;3.0;2026-05-05 22:00:00+00:00
45.4;-1.039;-01.039_45.400;33.0;33.0;Nord Médoc;ESTUAIRE;VENSAC;2026-05-07;19.0;127.0;0.0;0.0;0.0;1.0;1.0;1.0;;2.0;;2.0;1.0;4.0;1.0;2.0;4.0;2026-05-06 22:00:00+00:00
45.4;-1.039;-01.039_45.400;33.0;33.0;Nord Médoc;ESTUAIRE;VENSAC;2026-05-08;19.0;128.0;0.2;0.2;0.2;1.0;1.0;1.0;;2.0;;2.0;1.0;2.0;1.0;1.0;1.0;2026-05-07 22:00:00+00:00
45.4;-1.039;-01.039_45.400;33.0;33.0;Nord Médoc;ESTUAIRE;VENSAC;2026-05-09;19.0;129.0;0.1;0.1;0.1;1.0;1.0;1.0;;2.0;;2.0;2.0;2.0;1.0;1.0;3.0;2026-05-08 22:00:00+00:00
45.4;-1.039;-01.039_45.400;33.0;33.0;Nord Médoc;ESTUAIRE;VENSAC;2026-05-10;19.0;130.0;0.0;0.0;0.0;1.0;1.0;1.0;;2.0;;2.0;1.0;1.0;1.0;2.0;4.0;2026-05-09 22:00:00+00:00
45.4;-1.039;-01.039_45.400;33.0;33.0;Nord Médoc;ESTUAIRE;VENSAC;2026-05-11;20.0;131.0;1.5;1.5;1.5;1.0;1.0;1.0;;2.0;;4.0;2.0;1.0;2.0;3.0;2.0;2026-05-10 22:00:00+00:00
45.4;-1.039;-01.039_45.400;33.0;33.0;Nord Médoc;ESTUAIRE;VENSAC;2026-05-12;20.0;132.0;0.0;0.0;0.0;1.0;1.0;1.0;;2.0;;2.0;1.0;3.0;2.0;3.0;1.0;2026-05-11 22:00:00+00:00
45.4;-1.039;-01.039_45.400;33.0;33.0;Nord Médoc;ESTUAIRE;VENSAC;2026-05-13;20.0;133.0;1.2;1.2;1.2;1.0;1.0;1.0;;2.0;;2.0;2.0;3.0;1.0;1.0;1.0;2026-05-12 22:00:00+00:00
45.4;-1.039;-01.039_45.400;33.0;33.0;Nord Médoc;ESTUAIRE;VENSAC;2026-05-14;20.0;134.0;17.6;17.6;17.6;1.0;1.0;1.0;;4.0;;2.0;1.0;1.0;2.0;2.0;1.0;2026-05-13 22:00:00+00:00
45.4;-1.039;-01.039_45.400;33.0;33.0;Nord Médoc;ESTUAIRE;VENSAC;2026-05-15;20.0;135.0;0.4;0.4;0.4;1.0;1.0;1.0;;2.0;;3.0;2.0;1.0;1.0;1.0;1.0;2026-05-14 22:00:00+00:00
45.4;-1.039;-01.039_45.400;33.0;33.0;Nord Médoc;ESTUAIRE;VENSAC;2026-05-16;20.0;136.0;0.1;0.1;0.1;1.0;1.0;1.0;;2.0;;3.0;2.0;2.0;2.0;2.0;1.0;2026-05-15 22:00:00+00:00
45.4;-1.039;-01.039_45.400;33.0;33.0;Nord Médoc;ESTUAIRE;VENSAC;2026-05-17;20.0;137.0;7.6;7.6;7.6;1.0;1.0;1.0;;2.0;;1.0;2.0;1.0;2.0;1.0;2.0;2026-05-16 22:00:00+00:00
45.4;-1.039;-01.039_45.400;33.0;33.0;Nord Médoc;ESTUAIRE;VENSAC;2026-05-18;21.0;138.0;0.1;0.1;0.1;1.0;1.0;1.0;;2.0;;3.0;1.0;2.0;1.0;2.0;3.0;2026-05-17 22:00:00+00:00
45.4;-1.039;-01.039_45.400;33.0;33.0;Nord Médoc;ESTUAIRE;VENSAC;2026-05-19;21.0;139.0;2.3;2.3;2.3;1.0;1.0;1.0;;2.0;;1.0;2.0;3.0;2.0;3.0;4.0;2026-05-18 22:00:00+00:00
45.4;-1.039;-01.039_45.400;33.0;33.0;Nord Médoc;ESTUAIRE;VENSAC;2026-05-20;21.0;140.0;0.0;0.0;0.0;1.0;1.0;1.0;;2.0;;2.0;3.0;1.0;2.0;1.0;1.0;2026-05-19 22:00:00+00:00
45.4;-1.039;-01.039_45.400;33.0;33.0;Nord Médoc;ESTUAIRE;VENSAC;2026-05-21;21.0;141.0;0.0;0.0;0.0;1.0;1.0;1.0;;2.0;;1.0;1.0;3.0;2.0;1.0;2.0;2026-05-20 22:00:00+00:00
45.4;-1.039;-01.039_45.400;33.0;33.0;Nord Médoc;ESTUAIRE;VENSAC;2026-05-22;21.0;142.0;0.0;0.0;0.0;1.0;1.0;1.0;;2.0;;3.0;1.0;3.0;1.0;1.0;3.0;2026-05-21 22:00:00+00:00
45.4;-1.039;-01.039_45.400;33.0;33.0;Nord Médoc;ESTUAIRE;VENSAC;2026-05-23;21.0;143.0;0.0;0.0;0.0;1.0;1.0;1.0;;2.0;;2.0;2.0;2.0;1.0;1.0;2.0;2026-05-22 22:00:00+00:00
45.4;-1.039;-01.039_45.400;33.0;33.0;Nord Médoc;ESTUAIRE;VENSAC;2026-05-24;21.0;144.0;0.0;0.0;0.0;1.0;1.0;1.0;;2.0;;1.0;3.0;1.0;1.0;1.0;4.0;2026-05-23 22:00:00+00:00
45.4;-1.039;-01.039_45.400;33.0;33.0;Nord Médoc;ESTUAIRE;VENSAC;2026-05-25;22.0;145.0;0.0;0.0;0.0;1.0;1.0;1.0;;2.0;;2.0;1.0;2.0;1.0;1.0;1.0;2026-05-24 22:00:00+00:00
45.4;-1.039;-01.039_45.400;33.0;33.0;Nord Médoc;ESTUAIRE;VENSAC;2026-05-26;22.0;146.0;0.0;0.0;0.0;1.0;1.0;1.0;;2.0;;3.0;3.0;1.0;1.0;1.0;1.0;2026-05-25 22:00:00+00:00
45.4;-1.039;-01.039_45.400;33.0;33.0;Nord Médoc;ESTUAIRE;VENSAC;2026-05-27;22.0;147.0;0.0;0.0;0.0;1.0;1.0;1.0;;2.0;;1.0;1.0;1.0;1.0;1.0;1.0;2026-05-26 22:00:00+00:00
45.4;-1.039;-01.039_45.400;33.0;33.0;Nord Médoc;ESTUAIRE;VENSAC;2026-05-28;22.0;148.0;0.0;0.0;0.0;1.0;1.0;1.0;;2.0;;1.0;1.0;1.0;2.0;1.0;1.0;2026-05-27 22:00:00+00:00
45.4;-1.039;-01.039_45.400;33.0;33.0;Nord Médoc;ESTUAIRE;VENSAC;2026-05-29;22.0;149.0;0.0;0.0;0.0;1.0;1.0;1.0;;2.0;;1.0;2.0;2.0;1.0;1.0;1.0;2026-05-28 22:00:00+00:00
45.4;-1.039;-01.039_45.400;33.0;33.0;Nord Médoc;ESTUAIRE;VENSAC;2026-05-30;22.0;150.0;0.0;0.0;0.0;1.0;1.0;1.0;;2.0;;1.0;1.0;1.0;1.0;3.0;1.0;2026-05-29 22:00:00+00:00
45.4;-1.039;-01.039_45.400;33.0;33.0;Nord Médoc;ESTUAIRE;VENSAC;2026-05-31;22.0;151.0;0.0;0.0;0.0;1.0;1.0;1.0;2.0;2.0;2.0;1.0;1.0;1.0;1.0;1.0;3.0;2026-05-30 22:00:00+00:00
45.4;-1.039;-01.039_45.400;33.0;33.0;Nord Médoc;ESTUAIRE;VENSAC;2026-06-01;23.0;152.0;0.0;0.0;0.0;1.0;1.0;1.0;2.0;2.0;2.0;3.0;2.0;2.0;2.0;2.0;3.0;2026-05-31 22:00:00+00:00
45.4;-1.039;-01.039_45.400;33.0;33.0;Nord Médoc;ESTUAIRE;VENSAC;2026-06-02;23.0;153.0;7.8;7.8;7.8;1.0;1.0;1.0;2.0;2.0;2.0;3.0;1.0;3.0;3.0;1.0;2.0;2026-06-01 22:00:00+00:00
45.4;-1.039;-01.039_45.400;33.0;33.0;Nord Médoc;ESTUAIRE;VENSAC;2026-06-03;23.0;154.0;0.9;0.9;0.9;1.0;1.0;1.0;2.0;2.0;2.0;2.0;2.0;4.0;2.0;1.0;4.0;2026-06-02 22:00:00+00:00
45.4;-1.039;-01.039_45.400;33.0;33.0;Nord Médoc;ESTUAIRE;VENSAC;2026-06-04;23.0;155.0;1.9;1.9;1.9;1.0;1.0;1.0;2.0;2.0;2.0;2.0;2.0;2.0;4.0;3.0;4.0;2026-06-03 22:00:00+00:00
45.4;-1.039;-01.039_45.400;33.0;33.0;Nord Médoc;ESTUAIRE;VENSAC;2026-06-05;23.0;156.0;0.8;0.8;0.8;1.0;1.0;1.0;2.0;2.0;2.0;3.0;1.0;4.0;1.0;4.0;1.0;2026-06-04 22:00:00+00:00
45.4;-1.039;-01.039_45.400;33.0;33.0;Nord Médoc;ESTUAIRE;VENSAC;2026-06-06;23.0;157.0;0.3;0.3;0.3;1.0;1.0;1.0;2.0;2.0;2.0;2.0;2.0;1.0;1.0;3.0;3.0;2026-06-05 22:00:00+00:00
45.4;-1.039;-01.039_45.400;33.0;33.0;Nord Médoc;ESTUAIRE;VENSAC;2026-06-07;23.0;158.0;0.0;0.0;0.0;1.0;1.0;1.0;2.0;2.0;2.0;2.0;1.0;1.0;2.0;1.0;2.0;2026-06-06 22:00:00+00:00
45.4;-1.039;-01.039_45.400;33.0;33.0;Nord Médoc;ESTUAIRE;VENSAC;2026-06-08;24.0;159.0;0.2;0.2;0.2;1.0;1.0;1.0;2.0;2.0;2.0;1.0;1.0;1.0;2.0;3.0;1.0;2026-06-07 22:00:00+00:00
45.4;-1.039;-01.039_45.400;33.0;33.0;Nord Médoc;ESTUAIRE;VENSAC;2026-06-09;24.0;160.0;0.0;0.0;0.0;1.0;1.0;1.0;2.0;2.0;2.0;2.0;2.0;1.0;1.0;2.0;1.0;2026-06-08 22:00:00+00:00
45.4;-1.039;-01.039_45.400;33.0;33.0;Nord Médoc;ESTUAIRE;VENSAC;2026-06-10;24.0;161.0;3.8;3.8;3.8;1.0;1.0;1.0;2.0;2.0;2.0;4.0;2.0;3.0;1.0;1.0;3.0;2026-06-09 22:00:00+00:00
45.4;-1.039;-01.039_45.400;33.0;33.0;Nord Médoc;ESTUAIRE;VENSAC;2026-06-11;24.0;162.0;0.0;0.0;0.0;1.0;1.0;1.0;2.0;2.0;2.0;1.0;3.0;1.0;1.0;1.0;1.0;2026-06-10 22:00:00+00:00
45.4;-1.039;-01.039_45.400;33.0;33.0;Nord Médoc;ESTUAIRE;VENSAC;2026-06-12;24.0;163.0;0.0;0.0;0.0;1.0;1.0;1.0;2.0;2.0;2.0;2.0;1.0;1.0;2.0;2.0;1.0;2026-06-11 22:00:00+00:00
45.4;-1.039;-01.039_45.400;33.0;33.0;Nord Médoc;ESTUAIRE;VENSAC;2026-06-13;24.0;164.0;0.0;0.0;0.0;1.0;1.0;1.0;2.0;2.0;2.0;1.0;2.0;3.0;2.0;4.0;1.0;2026-06-12 22:00:00+00:00
45.4;-1.039;-01.039_45.400;33.0;33.0;Nord Médoc;ESTUAIRE;VENSAC;2026-06-14;24.0;165.0;0.0;0.0;0.0;1.0;1.0;1.0;2.0;2.0;2.0;2.0;1.0;1.0;1.0;1.0;2.0;2026-06-13 22:00:00+00:00
45.4;-1.039;-01.039_45.400;33.0;33.0;Nord Médoc;ESTUAIRE;VENSAC;2026-06-15;25.0;166.0;0.0;0.0;0.0;1.0;1.0;1.0;2.0;2.0;2.0;1.0;1.0;1.0;2.0;2.0;3.0;2026-06-14 22:00:00+00:00
45.4;-1.039;-01.039_45.400;33.0;33.0;Nord Médoc;ESTUAIRE;VENSAC;2026-06-16;25.0;167.0;0.0;0.0;0.0;1.0;1.0;1.0;2.0;2.0;2.0;4.0;1.0;1.0;1.0;1.0;2.0;2026-06-15 22:00:00+00:00
45.4;-1.039;-01.039_45.400;33.0;33.0;Nord Médoc;ESTUAIRE;VENSAC;2026-06-17;25.0;168.0;0.0;0.0;0.0;1.0;1.0;1.0;2.0;2.0;2.0;2.0;2.0;2.0;2.0;3.0;3.0;2026-06-16 22:00:00+00:00
45.4;-1.039;-01.039_45.400;33.0;33.0;Nord Médoc;ESTUAIRE;VENSAC;2026-06-18;25.0;169.0;0.0;0.0;0.0;1.0;1.0;1.0;2.0;2.0;2.0;1.0;2.0;3.0;1.0;2.0;1.0;2026-06-17 22:00:00+00:00
45.4;-1.039;-01.039_45.400;33.0;33.0;Nord Médoc;ESTUAIRE;VENSAC;2026-06-19;25.0;170.0;0.0;0.0;0.0;1.0;1.0;1.0;2.0;2.0;2.0;1.0;1.0;1.0;2.0;1.0;2.0;2026-06-18 22:00:00+00:00
45.4;-1.039;-01.039_45.400;33.0;33.0;Nord Médoc;ESTUAIRE;VENSAC;2026-06-20;25.0;171.0;0.0;0.0;0.0;1.0;1.0;1.0;2.0;2.0;2.0;1.0;1.0;1.0;1.0;3.0;1.0;2026-06-19 22:00:00+00:00
45.4;-1.039;-01.039_45.400;33.0;33.0;Nord Médoc;ESTUAIRE;VENSAC;2026-06-21;25.0;172.0;0.0;0.0;0.0;1.0;1.0;1.0;1.0;1.0;1.0;3.0;1.0;2.0;3.0;2.0;2.0;2026-06-20 22:00:00+00:00
45.4;-1.039;-01.039_45.400;33.0;33.0;Nord Médoc;ESTUAIRE;VENSAC;2026-06-22;26.0;173.0;0.0;0.0;0.0;1.0;1.0;1.0;1.0;1.0;1.0;1.0;1.0;1.0;3.0;2.0;1.0;2026-06-21 22:00:00+00:00
45.4;-1.039;-01.039_45.400;33.0;33.0;Nord Médoc;ESTUAIRE;VENSAC;2026-06-23;26.0;174.0;0.0;0.0;0.0;1.0;1.0;1.0;1.0;1.0;1.0;2.0;1.0;1.0;1.0;1.0;1.0;2026-06-22 22:00:00+00:00
45.4;-1.039;-01.039_45.400;33.0;33.0;Nord Médoc;ESTUAIRE;VENSAC;2026-06-24;26.0;175.0;0.0;0.0;0.0;1.0;1.0;1.0;1.0;1.0;1.0;2.0;2.0;2.0;3.0;3.0;2.0;2026-06-23 22:00:00+00:00
45.4;-1.039;-01.039_45.400;33.0;33.0;Nord Médoc;ESTUAIRE;VENSAC;2026-06-25;26.0;176.0;0.5;0.5;0.5;1.0;1.0;1.0;1.0;1.0;1.0;1.0;2.0;1.0;2.0;1.0;1.0;2026-06-24 22:00:00+00:00
45.4;-1.039;-01.039_45.400;33.0;33.0;Nord Médoc;ESTUAIRE;VENSAC;2026-06-26;26.0;177.0;5.9;5.9;5.9;1.0;1.0;1.0;1.0;1.0;1.0;2.0;1.0;1.0;2.0;2.0;2.0;2026-06-25 22:00:00+00:00
45.4;-1.039;-01.039_45.400;33.0;33.0;Nord Médoc;ESTUAIRE;VENSAC;2026-06-27;26.0;178.0;0.0;0.0;0.0;1.0;1.0;1.0;1.0;1.0;1.0;3.0;1.0;1.0;2.0;1.0;3.0;2026-06-26 22:00:00+00:00
45.4;-1.039;-01.039_45.400;33.0;33.0;Nord Médoc;ESTUAIRE;VENSAC;2026-06-28;26.0;179.0;3.6;3.6;3.6;1.0;1.0;1.0;1.0;1.0;1.0;3.0;1.0;1.0;2.0;1.0;1.0;2026-06-27 22:00:00+00:00
45.4;-1.039;-01.039_45.400;33.0;33.0;Nord Médoc;ESTUAIRE;VENSAC;2026-06-29;27.0;180.0;0.0;0.0;0.0;1.0;1.0;1.0;1.0;1.0;1.0;1.0;3.0;1.0;1.0;2.0;3.0;2026-06-28 22:00:00+00:00
45.4;-1.039;-01.039_45.400;33.0;33.0;Nord Médoc;ESTUAIRE;VENSAC;2026-06-30;27.0;181.0;0.0;0.0;0.0;1.0;1.0;1.0;1.0;1.0;1.0;2.0;1.0;2.0;1.0;1.0;2.0;2026-06-29 22:00:00+00:00
45.4;-1.039;-01.039_45.400;33.0;33.0;Nord Médoc;ESTUAIRE;VENSAC;2026-07-01;27.0;182.0;0.0;0.0;0.0;1.0;1.0;1.0;1.0;1.0;1.0;2.0;1.0;2.0;1.0;2.0;1.0;2026-06-30 22:00:00+00:00
45.4;-1.039;-01.039_45.400;33.0;33.0;Nord Médoc;ESTUAIRE;VENSAC;2026-07-02;27.0;183.0;0.0;0.0;0.0;1.0;1.0;1.0;1.0;1.0;1.0;3.0;1.0;4.0;1.0;1.0;2.0;2026-07-01 22:00:00+00:00
45.4;-1.039;-01.039_45.400;33.0;33.0;Nord Médoc;ESTUAIRE;VENSAC;2026-07-03;27.0;184.0;0.0;0.0;0.0;1.0;1.0;1.0;1.0;1.0;1.0;1.0;2.0;1.0;3.0;1.0;1.0;2026-07-02 22:00:00+00:00
45.4;-1.039;-01.039_45.400;33.0;33.0;Nord Médoc;ESTUAIRE;VENSAC;2026-07-04;27.0;185.0;0.0;0.0;0.0;1.0;1.0;1.0;1.0;1.0;1.0;3.0;2.0;1.0;2.0;1.0;1.0;2026-07-03 22:00:00+00:00
45.4;-1.039;-01.039_45.400;33.0;33.0;Nord Médoc;ESTUAIRE;VENSAC;2026-07-05;27.0;186.0;0.0;0.0;0.0;1.0;1.0;1.0;1.0;1.0;1.0;2.0;1.0;1.0;2.0;3.0;1.0;2026-07-04 22:00:00+00:00
45.4;-1.039;-01.039_45.400;33.0;33.0;Nord Médoc;ESTUAIRE;VENSAC;2026-07-06;28.0;187.0;0.0;0.0;0.0;1.0;1.0;1.0;1.0;1.0;1.0;1.0;1.0;2.0;2.0;1.0;1.0;2026-07-05 22:00:00+00:00
45.4;-1.039;-01.039_45.400;33.0;33.0;Nord Médoc;ESTUAIRE;VENSAC;2026-07-07;28.0;188.0;0.0;0.0;0.0;1.0;1.0;1.0;1.0;1.0;1.0;1.0;2.0;3.0;1.0;2.0;1.0;2026-07-06 22:00:00+00:00
45.4;-1.039;-01.039_45.400;33.0;33.0;Nord Médoc;ESTUAIRE;VENSAC;2026-07-08;28.0;189.0;0.0;0.0;0.0;1.0;1.0;1.0;1.0;1.0;1.0;1.0;1.0;2.0;2.0;2.0;1.0;2026-07-07 22:00:00+00:00
45.4;-1.039;-01.039_45.400;33.0;33.0;Nord Médoc;ESTUAIRE;VENSAC;2026-07-09;28.0;190.0;0.0;0.0;0.0;1.0;1.0;1.0;1.0;1.0;1.0;1.0;2.0;1.0;1.0;1.0;1.0;2026-07-08 22:00:00+00:00
45.4;-1.039;-01.039_45.400;33.0;33.0;Nord Médoc;ESTUAIRE;VENSAC;2026-07-10;28.0;191.0;0.0;0.0;0.0;1.0;1.0;1.0;1.0;1.0;1.0;1.0;1.0;1.0;2.0;1.0;4.0;2026-07-09 22:00:00+00:00
45.4;-1.039;-01.039_45.400;33.0;33.0;Nord Médoc;ESTUAIRE;VENSAC;2026-07-11;28.0;192.0;0.0;0.0;0.0;1.0;1.0;1.0;1.0;1.0;1.0;1.0;1.0;3.0;2.0;2.0;2.0;2026-07-10 22:00:00+00:00
45.4;-1.039;-01.039_45.400;33.0;33.0;Nord Médoc;ESTUAIRE;VENSAC;2026-07-12;28.0;193.0;0.0;0.0;0.0;1.0;1.0;1.0;1.0;1.0;1.0;3.0;1.0;3.0;1.0;1.0;2.0;2026-07-11 22:00:00+00:00
45.4;-1.039;-01.039_45.400;33.0;33.0;Nord Médoc;ESTUAIRE;VENSAC;2026-07-13;29.0;194.0;2.4;2.4;2.4;1.0;1.0;1.0;1.0;1.0;1.0;1.0;1.0;1.0;2.0;1.0;1.0;2026-07-12 22:00:00+00:00
45.4;-1.039;-01.039_45.400;33.0;33.0;Nord Médoc;ESTUAIRE;VENSAC;2026-07-14;29.0;195.0;0.0;0.0;0.0;1.0;1.0;1.0;1.0;1.0;1.0;2.0;2.0;2.0;2.0;1.0;1.0;2026-07-13 22:00:00+00:00
45.4;-1.039;-01.039_45.400;33.0;33.0;Nord Médoc;ESTUAIRE;VENSAC;2026-07-15;29.0;196.0;56.6;56.6;56.6;1.0;1.0;1.0;1.0;1.0;1.0;3.0;1.0;1.0;1.0;1.0;1.0;2026-07-14 22:00:00+00:00
45.4;-1.039;-01.039_45.400;33.0;33.0;Nord Médoc;ESTUAIRE;VENSAC;2026-07-16;29.0;197.0;0.0;0.0;0.0;1.0;1.0;1.0;1.0;1.0;1.0;3.0;2.0;2.0;2.0;3.0;1.0;2026-07-15 22:00:00+00:00
45.4;-1.039;-01.039_45.400;33.0;33.0;Nord Médoc;ESTUAIRE;VENSAC;2026-07-17;29.0;198.0;0.0;0.0;0.0;1.0;1.0;1.0;1.0;1.0;1.0;1.0;1.0;1.0;2.0;2.0;2.0;2026-07-16 22:00:00+00:00
45.4;-1.039;-01.039_45.400;33.0;33.0;Nord Médoc;ESTUAIRE;VENSAC;2026-07-18;29.0;199.0;0.0;0.0;0.0;1.0;1.0;1.0;1.0;1.0;1.0;1.0;2.0;1.0;1.0;1.0;1.0;2026-07-17 22:00:00+00:00
45.4;-1.039;-01.039_45.400;33.0;33.0;Nord Médoc;ESTUAIRE;VENSAC;2026-07-19;29.0;200.0;0.0;0.0;0.0;1.0;1.0;1.0;1.0;1.0;1.0;4.0;3.0;1.0;2.0;2.0;2.0;2026-07-18 22:00:00+00:00
45.4;-1.039;-01.039_45.400;33.0;33.0;Nord Médoc;ESTUAIRE;VENSAC;2026-07-20;30.0;201.0;0.0;0.0;0.0;1.0;1.0;1.0;1.0;1.0;1.0;3.0;2.0;3.0;2.0;1.0;1.0;2026-07-19 22:00:00+00:00
45.4;-1.039;-01.039_45.400;33.0;33.0;Nord Médoc;ESTUAIRE;VENSAC;2026-07-21;30.0;202.0;0.0;0.0;0.0;1.0;1.0;1.0;1.0;1.0;1.0;1.0;2.0;3.0;1.0;3.0;1.0;2026-07-20 22:00:00+00:00
45.4;-1.039;-01.039_45.400;33.0;33.0;Nord Médoc;ESTUAIRE;VENSAC;2026-07-22;30.0;203.0;0.0;0.0;0.0;1.0;1.0;1.0;1.0;1.0;1.0;3.0;1.0;1.0;1.0;3.0;1.0;2026-07-21 22:00:00+00:00
45.4;-1.039;-01.039_45.400;33.0;33.0;Nord Médoc;ESTUAIRE;VENSAC;2026-07-23;30.0;204.0;0.0;0.0;0.0;1.0;1.0;1.0;1.0;1.0;1.0;1.0;1.0;2.0;1.0;1.0;1.0;2026-07-22 22:00:00+00:00
45.4;-1.039;-01.039_45.400;33.0;33.0;Nord Médoc;ESTUAIRE;VENSAC;2026-07-24;30.0;205.0;0.7;0.7;0.7;1.0;1.0;1.0;1.0;1.0;1.0;1.0;1.0;1.0;2.0;2.0;1.0;2026-07-23 22:00:00+00:00
45.4;-1.039;-01.039_45.400;33.0;33.0;Nord Médoc;ESTUAIRE;VENSAC;2026-07-25;30.0;206.0;0.2;0.2;0.2;1.0;1.0;1.0;1.0;1.0;1.0;1.0;2.0;1.0;1.0;1.0;1.0;2026-07-24 22:00:00+00:00
45.4;-1.039;-01.039_45.400;33.0;33.0;Nord Médoc;ESTUAIRE;VENSAC;2026-07-26;30.0;207.0;1.3;1.3;1.3;1.0;1.0;1.0;1.0;1.0;1.0;2.0;1.0;1.0;1.0;1.0;1.0;2026-07-25 22:00:00+00:00
45.4;-1.039;-01.039_45.400;33.0;33.0;Nord Médoc;ESTUAIRE;VENSAC;2026-07-27;31.0;208.0;0.0;0.0;0.0;1.0;1.0;1.0;1.0;1.0;1.0;1.0;4.0;2.0;2.0;2.0;3.0;2026-07-26 22:00:00+00:00
45.4;-1.039;-01.039_45.400;33.0;33.0;Nord Médoc;ESTUAIRE;VENSAC;2026-07-28;31.0;209.0;0.0;0.0;0.0;1.0;1.0;1.0;1.0;1.0;1.0;1.0;2.0;1.0;2.0;1.0;4.0;2026-07-27 22:00:00+00:00
45.4;-1.039;-01.039_45.400;33.0;33.0;Nord Médoc;ESTUAIRE;VENSAC;2026-07-29;31.0;210.0;0.0;0.0;0.0;1.0;1.0;1.0;1.0;1.0;1.0;1.0;3.0;3.0;1.0;4.0;3.0;2026-07-28 22:00:00+00:00
45.4;-1.039;-01.039_45.400;33.0;33.0;Nord Médoc;ESTUAIRE;VENSAC;2026-07-30;31.0;211.0;0.3;0.3;0.3;1.0;1.0;1.0;1.0;1.0;1.0;1.0;2.0;1.0;1.0;4.0;4.0;2026-07-29 22:00:00+00:00
45.4;-1.039;-01.039_45.400;33.0;33.0;Nord Médoc;ESTUAIRE;VENSAC;2026-07-31;31.0;212.0;0.0;0.0;0.0;1.0;1.0;1.0;1.0;1.0;1.0;3.0;1.0;2.0;1.0;1.0;2.0;2026-07-30 22:00:00+00:00
45.4;-1.039;-01.039_45.400;33.0;33.0;Nord Médoc;ESTUAIRE;VENSAC;2026-08-01;31.0;213.0;0.0;0.0;0.0;1.0;1.0;1.0;1.0;1.0;1.0;2.0;4.0;1.0;2.0;2.0;4.0;2026-07-31 22:00:00+00:00
45.4;-1.039;-01.039_45.400;33.0;33.0;Nord Médoc;ESTUAIRE;VENSAC;2026-08-02;31.0;214.0;0.0;0.0;0.0;1.0;1.0;1.0;1.0;1.0;1.0;2.0;1.0;2.0;2.0;1.0;2.0;2026-08-01 22:00:00+00:00
45.4;-1.039;-01.039_45.400;33.0;33.0;Nord Médoc;ESTUAIRE;VENSAC;2026-08-03;32.0;215.0;11.0;11.0;11.0;1.0;1.0;1.0;;;;3.0;2.0;3.0;2.0;1.0;1.0;2026-08-02 22:00:00+00:00
45.4;-1.039;-01.039_45.400;33.0;33.0;Nord Médoc;ESTUAIRE;VENSAC;2026-08-04;32.0;216.0;0.0;0.0;0.0;1.0;1.0;1.0;;;;2.0;1.0;1.0;3.0;1.0;1.0;2026-08-03 22:00:00+00:00
45.4;-1.039;-01.039_45.400;33.0;33.0;Nord Médoc;ESTUAIRE;VENSAC;2026-08-05;32.0;217.0;0.0;0.0;0.0;1.0;1.0;1.0;1.0;1.0;1.0;3.0;4.0;2.0;3.0;1.0;2.0;2026-08-04 22:00:00+00:00
45.4;-1.039;-01.039_45.400;33.0;33.0;Nord Médoc;ESTUAIRE;VENSAC;2026-08-06;32.0;218.0;0.0;0.0;0.0;1.0;1.0;1.0;1.0;1.0;1.0;1.0;2.0;1.0;1.0;4.0;3.0;2026-08-05 22:00:00+00:00
45.4;-1.039;-01.039_45.400;33.0;33.0;Nord Médoc;ESTUAIRE;VENSAC;2026-08-07;32.0;219.0;0.0;0.0;0.0;1.0;1.0;1.0;1.0;1.0;1.0;1.0;3.0;2.0;1.0;1.0;1.0;2026-08-06 22:00:00+00:00
45.4;-1.039;-01.039_45.400;33.0;33.0;Nord Médoc;ESTUAIRE;VENSAC;2026-08-08;32.0;220.0;2.3000000000000003;2.3000000000000003;2.3000000000000003;1.0;1.0;1.0;1.0;1.0;1.0;3.0;1.0;3.0;1.0;4.0;1.0;2026-08-07 22:00:00+00:00
45.4;-1.039;-01.039_45.400;33.0;33.0;Nord Médoc;ESTUAIRE;VENSAC;2026-08-09;32.0;221.0;13.0;13.0;13.0;1.0;1.0;1.0;1.0;1.0;1.0;2.0;2.0;2.0;3.0;1.0;2.0;2026-08-08 22:00:00+00:00
45.4;-1.039;-01.039_45.400;33.0;33.0;Nord Médoc;ESTUAIRE;VENSAC;2026-08-10;33.0;222.0;2.8000000000000003;2.8000000000000003;2.8000000000000003;1.0;1.0;1.0;;;;3.0;1.0;2.0;2.0;3.0;3.0;2026-08-09 22:00:00+00:00
45.4;-1.039;-01.039_45.400;33.0;33.0;Nord Médoc;ESTUAIRE;VENSAC;2026-08-11;33.0;223.0;0.0;0.0;0.0;1.0;1.0;1.0;1.0;1.0;1.0;2.0;1.0;3.0;3.0;1.0;1.0;2026-08-10 22:00:00+00:00
45.4;-1.039;-01.039_45.400;33.0;33.0;Nord Médoc;ESTUAIRE;VENSAC;2026-08-12;33.0;224.0;0.0;0.0;0.0;1.0;1.0;1.0;1.0;1.0;1.0;2.0;2.0;1.0;1.0;3.0;1.0;2026-08-11 22:00:00+00:00
45.4;-1.039;-01.039_45.400;33.0;33.0;Nord Médoc;ESTUAIRE;VENSAC;2026-08-13;33.0;225.0;0.0;0.0;0.0;1.0;1.0;1.0;1.0;1.0;1.0;2.0;1.0;1.0;1.0;3.0;1.0;2026-08-12 22:00:00+00:00
45.4;-1.039;-01.039_45.400;33.0;33.0;Nord Médoc;ESTUAIRE;VENSAC;2026-08-14;33.0;226.0;2.6;2.6;2.6;1.0;1.0;1.0;1.0;1.0;1.0;2.0;2.0;1.0;3.0;2.0;3.0;2026-08-13 22:00:00+00:00
45.4;-1.039;-01.039_45.400;33.0;33.0;Nord Médoc;ESTUAIRE;VENSAC;2026-08-15;33.0;227.0;0.0;0.0;0.0;1.0;1.0;1.0;;;;3.0;1.0;1.0;2.0;1.0;1.0;2026-08-14 22:00:00+00:00
45.4;-1.039;-01.039_45.400;33.0;33.0;Nord Médoc;ESTUAIRE;VENSAC;2026-08-16;33.0;228.0;0.0;0.0;0.0;1.0;1.0;1.0;;;;1.0;2.0;1.0;1.0;4.0;1.0;2026-08-15 22:00:00+00:00
45.4;-1.039;-01.039_45.400;33.0;33.0;Nord Médoc;ESTUAIRE;VENSAC;2026-08-17;34.0;229.0;0.0;0.0;0.0;1.0;1.0;1.0;1.0;1.0;1.0;1.0;2.0;1.0;1.0;3.0;2.0;2026-08-16 22:00:00+00:00
45.4;-1.039;-01.039_45.400;33.0;33.0;Nord Médoc;ESTUAIRE;VENSAC;2026-08-18;34.0;230.0;0.0;0.0;0.0;1.0;1.0;1.0;1.0;1.0;1.0;2.0;2.0;1.0;1.0;2.0;3.0;2026-08-17 22:00:00+00:00
45.4;-1.039;-01.039_45.400;33.0;33.0;Nord Médoc;ESTUAIRE;VENSAC;2026-08-19;34.0;231.0;1.9;1.9;1.9;1.0;1.0;1.0;;;;1.0;3.0;1.0;3.0;1.0;3.0;2026-08-18 22:00:00+00:00
45.4;-1.039;-01.039_45.400;33.0;33.0;Nord Médoc;ESTUAIRE;VENSAC;2026-08-20;34.0;232.0;0.2;0.2;0.2;1.0;1.0;1.0;1.0;1.0;1.0;3.0;2.0;2.0;1.0;2.0;2.0;2026-08-19 22:00:00+00:00
45.4;-1.039;-01.039_45.400;33.0;33.0;Nord Médoc;ESTUAIRE;VENSAC;2026-08-21;34.0;233.0;11.6;11.6;11.6;1.0;1.0;1.0;1.0;1.0;1.0;2.0;1.0;1.0;1.0;1.0;4.0;2026-08-20 22:00:00+00:00
45.4;-1.039;-01.039_45.400;33.0;33.0;Nord Médoc;ESTUAIRE;VENSAC;2026-08-22;34.0;234.0;0.0;0.0;0.0;1.0;1.0;1.0;1.0;1.0;1.0;1.0;1.0;3.0;1.0;1.0;1.0;2026-08-21 22:00:00+00:00
45.4;-1.039;-01.039_45.400;33.0;33.0;Nord Médoc;ESTUAIRE;VENSAC;2026-08-23;34.0;235.0;0.0;0.0;0.0;1.0;1.0;1.0;2.0;2.0;2.0;2.0;1.0;2.0;1.0;1.0;2.0;2026-08-22 22:00:00+00:00
45.4;-1.039;-01.039_45.400;33.0;33.0;Nord Médoc;ESTUAIRE;VENSAC;2026-08-24;35.0;236.0;0.8260000000000001;0.99;1.48;1.0;1.0;1.0;;;;2.0;1.0;2.0;3.0;2.0;2.0;2026-08-23 22:00:00+00:00
45.4;-1.039;-01.039_45.400;33.0;33.0;Nord Médoc;ESTUAIRE;VENSAC;2026-08-25;35.0;237.0;1.821;3.645;7.287999999999999;1.0;1.0;1.0;;;;2.0;1.0;3.0;2.0;4.0;3.0;2026-08-24 22:00:00+00:00
45.4;-1.039;-01.039_45.400;33.0;33.0;Nord Médoc;ESTUAIRE;VENSAC;2026-08-26;35.0;238.0;2.119;4.139;8.277;1.0;1.0;1.0;;;;2.0;1.0;1.0;1.0;3.0;1.0;2026-08-25 22:00:00+00:00
45.4;-1.039;-01.039_45.400;33.0;33.0;Nord Médoc;ESTUAIRE;VENSAC;2026-08-27;35.0;239.0;1.783;3.566;7.137;1.0;1.0;1.0;;;;2.0;1.0;1.0;2.0;1.0;2.0;2026-08-26 22:00:00+00:00
45.4;-1.039;-01.039_45.400;33.0;33.0;Nord Médoc;ESTUAIRE;VENSAC;2026-08-28;35.0;240.0;0.316;0.634;1.269;1.0;1.0;1.0;;;;1.0;2.0;1.0;1.0;1.0;3.0;2026-08-27 22:00:00+00:00
45.4;-1.039;-01.039_45.400;33.0;33.0;Nord Médoc;ESTUAIRE;VENSAC;2026-08-29;35.0;241.0;0.18;0.363;0.72;1.0;1.0;1.0;;;;2.0;1.0;1.0;1.0;2.0;3.0;2026-08-28 22:00:00+00:00
45.4;-1.039;-01.039_45.400;33.0;33.0;Nord Médoc;ESTUAIRE;VENSAC;2026-08-30;35.0;242.0;0.0;0.0;0.0;1.0;1.0;1.0;;;;1.0;2.0;1.0;1.0;3.0;4.0;2026-08-29 22:00:00+00:00
45.4;-1.039;-01.039_45.400;33.0;33.0;Nord Médoc;ESTUAIRE;VENSAC;2026-08-31;36.0;243.0;0.273;0.459;0.915;1.0;1.0;1.0;;;;1.0;2.0;2.0;2.0;2.0;3.0;2026-08-30 22:00:00+00:00
45.4;-1.039;-01.039_45.400;33.0;33.0;Nord Médoc;ESTUAIRE;VENSAC;2026-09-01;36.0;244.0;0.701;1.299;2.595;1.0;1.0;1.0;;;;1.0;3.0;2.0;1.0;2.0;1.0;2026-08-31 22:00:00+00:00
45.4;-1.039;-01.039_45.400;33.0;33.0;Nord Médoc;ESTUAIRE;VENSAC;2026-09-02;36.0;245.0;0.51;0.934;1.871;1.0;1.0;1.0;;;;2.0;2.0;1.0;1.0;1.0;2.0;2026-09-01 22:00:00+00:00
45.4;-1.039;-01.039_45.400;33.0;33.0;Nord Médoc;ESTUAIRE;VENSAC;2026-09-03;36.0;246.0;1.956;3.806;7.617000000000001;1.0;1.0;1.0;;;;2.0;3.0;1.0;2.0;1.0;4.0;2026-09-02 22:00:00+00:00
45.4;-1.039;-01.039_45.400;33.0;33.0;Nord Médoc;ESTUAIRE;VENSAC;2026-09-04;36.0;247.0;2.663;5.228;10.461;1.0;1.0;1.0;;;;1.0;3.0;1.0;1.0;3.0;2.0;2026-09-03 22:00:00+00:00
45.4;-1.039;-01.039_45.400;33.0;33.0;Nord Médoc;ESTUAIRE;VENSAC;2026-09-05;36.0;248.0;1.358;2.605;5.2090000000000005;1.0;1.0;1.0;;;;2.0;4.0;4.0;4.0;4.0;2.0;2026-09-04 22:00:00+00:00
45.4;-1.039;-01.039_45.400;33.0;33.0;Nord Médoc;ESTUAIRE;VENSAC;2026-09-06;36.0;249.0;0.0;0.042;0.0;1.0;1.0;1.0;;;;1.0;1.0;1.0;2.0;1.0;4.0;2026-09-05 22:00:00+00:00
45.4;-1.039;-01.039_45.400;33.0;33.0;Nord Médoc;ESTUAIRE;VENSAC;2026-09-07;37.0;250.0;0.793;1.486;2.979;1.0;1.0;1.0;;;;1.0;1.0;4.0;3.0;1.0;1.0;2026-09-06 22:00:00+00:00
43.168;-1.303;-01.303_43.168;33.0;33.0;Irouléguy;MONTAGNE-BASQUE;IROULEGUY;2026-01-01;1.0;1.0;0.0;0.0;0.0;1.0;1.0;1.0;;;;3.0;2.0;2.0;2.0;3.0;1.0;2025-12-31 23:00:00+00:00
43.168;-1.303;-01.303_43.168;33.0;33.0;Irouléguy;MONTAGNE-BASQUE;IROULEGUY;2026-01-02;1.0;2.0;0.7;0.7;0.7;1.0;1.0;1.0;;;;1.0;1.0;1.0;2.0;2.0;1.0;2026-01-01 23:00:00+00:00
43.168;-1.303;-01.303_43.168;33.0;33.0;Irouléguy;MONTAGNE-BASQUE;IROULEGUY;2026-01-03;1.0;3.0;5.0;5.0;5.0;1.0;1.0;1.0;;;;1.0;1.0;1.0;2.0;1.0;2.0;2026-01-02 23:00:00+00:00
43.168;-1.303;-01.303_43.168;33.0;33.0;Irouléguy;MONTAGNE-BASQUE;IROULEGUY;2026-01-04;1.0;4.0;0.0;0.0;0.0;1.0;1.0;1.0;;;;3.0;4.0;2.0;1.0;1.0;2.0;2026-01-03 23:00:00+00:00
43.168;-1.303;-01.303_43.168;33.0;33.0;Irouléguy;MONTAGNE-BASQUE;IROULEGUY;2026-01-05;2.0;5.0;0.0;0.0;0.0;1.0;1.0;1.0;;;;1.0;1.0;1.0;2.0;1.0;2.0;2026-01-04 23:00:00+00:00
43.168;-1.303;-01.303_43.168;33.0;33.0;Irouléguy;MONTAGNE-BASQUE;IROULEGUY;2026-01-06;2.0;6.0;2.3;2.3;2.3;1.0;1.0;1.0;;;;1.0;2.0;1.0;1.0;4.0;1.0;2026-01-05 23:00:00+00:00
43.168;-1.303;-01.303_43.168;33.0;33.0;Irouléguy;MONTAGNE-BASQUE;IROULEGUY;2026-01-07;2.0;7.0;14.9;14.9;14.9;1.0;1.0;1.0;;;;2.0;1.0;2.0;1.0;2.0;1.0;2026-01-06 23:00:00+00:00
43.168;-1.303;-01.303_43.168;33.0;33.0;Irouléguy;MONTAGNE-BASQUE;IROULEGUY;2026-01-08;2.0;8.0;5.7;5.7;5.7;1.0;1.0;1.0;;;;3.0;1.0;1.0;2.0;2.0;1.0;2026-01-07 23:00:00+00:00
43.168;-1.303;-01.303_43.168;33.0;33.0;Irouléguy;MONTAGNE-BASQUE;IROULEGUY;2026-01-09;2.0;9.0;35.3;35.3;35.3;1.0;1.0;1.0;;;;1.0;3.0;2.0;1.0;1.0;1.0;2026-01-08 23:00:00+00:00
43.168;-1.303;-01.303_43.168;33.0;33.0;Irouléguy;MONTAGNE-BASQUE;IROULEGUY;2026-01-10;2.0;10.0;29.4;29.4;29.4;1.0;1.0;1.0;;;;3.0;4.0;4.0;1.0;1.0;1.0;2026-01-09 23:00:00+00:00
43.168;-1.303;-01.303_43.168;33.0;33.0;Irouléguy;MONTAGNE-BASQUE;IROULEGUY;2026-01-11;2.0;11.0;0.1;0.1;0.1;1.0;1.0;1.0;;;;1.0;2.0;1.0;4.0;3.0;2.0;2026-01-10 23:00:00+00:00
43.168;-1.303;-01.303_43.168;33.0;33.0;Irouléguy;MONTAGNE-BASQUE;IROULEGUY;2026-01-12;3.0;12.0;0.0;0.0;0.0;1.0;1.0;1.0;;;;2.0;2.0;3.0;1.0;1.0;1.0;2026-01-11 23:00:00+00:00
43.168;-1.303;-01.303_43.168;33.0;33.0;Irouléguy;MONTAGNE-BASQUE;IROULEGUY;2026-01-13;3.0;13.0;0.0;0.0;0.0;1.0;1.0;1.0;;;;1.0;1.0;2.0;1.0;2.0;2.0;2026-01-12 23:00:00+00:00
43.168;-1.303;-01.303_43.168;33.0;33.0;Irouléguy;MONTAGNE-BASQUE;IROULEGUY;2026-01-14;3.0;14.0;0.0;0.0;0.0;1.0;1.0;1.0;;;;1.0;1.0;1.0;3.0;2.0;4.0;2026-01-13 23:00:00+00:00
43.168;-1.303;-01.303_43.168;33.0;33.0;Irouléguy;MONTAGNE-BASQUE;IROULEGUY;2026-01-15;3.0;15.0;1.6;1.6;1.6;1.0;1.0;1.0;;;;3.0;4.0;1.0;1.0;3.0;2.0;2026-01-14 23:00:00+00:00
43.168;-1.303;-01.303_43.168;33.0;33.0;Irouléguy;MONTAGNE-BASQUE;IROULEGUY;2026-01-16;3.0;16.0;2.6;2.6;2.6;1.0;1.0;1.0;;;;1.0;3.0;1.0;1.0;1.0;3.0;2026-01-15 23:00:00+00:00
43.168;-1.303;-01.303_43.168;33.0;33.0;Irouléguy;MONTAGNE-BASQUE;IROULEGUY;2026-01-17;3.0;17.0;5.3;5.3;5.3;1.0;1.0;1.0;;;;2.0;1.0;2.0;3.0;2.0;2.0;2026-01-16 23:00:00+00:00
43.168;-1.303;-01.303_43.168;33.0;33.0;Irouléguy;MONTAGNE-BASQUE;IROULEGUY;2026-01-18;3.0;18.0;3.6;3.6;3.6;1.0;1.0;1.0;;;;2.0;2.0;1.0;1.0;1.0;3.0;2026-01-17 23:00:00+00:00
43.168;-1.303;-01.303_43.168;33.0;33.0;Irouléguy;MONTAGNE-BASQUE;IROULEGUY;2026-01-19;4.0;19.0;1.4;1.4;1.4;1.0;1.0;1.0;;;;1.0;1.0;1.0;2.0;2.0;1.0;2026-01-18 23:00:00+00:00
43.168;-1.303;-01.303_43.168;33.0;33.0;Irouléguy;MONTAGNE-BASQUE;IROULEGUY;2026-01-20;4.0;20.0;0.1;0.1;0.1;1.0;1.0;1.0;;;;2.0;1.0;1.0;1.0;2.0;1.0;2026-01-19 23:00:00+00:00
43.168;-1.303;-01.303_43.168;33.0;33.0;Irouléguy;MONTAGNE-BASQUE;IROULEGUY;2026-01-21;4.0;21.0;3.9;3.9;3.9;1.0;1.0;1.0;;;;1.0;4.0;2.0;2.0;1.0;1.0;2026-01-20 23:00:00+00:00
43.168;-1.303;-01.303_43.168;33.0;33.0;Irouléguy;MONTAGNE-BASQUE;IROULEGUY;2026-01-22;4.0;22.0;4.1;4.1;4.1;1.0;1.0;1.0;;;;1.0;1.0;1.0;1.0;2.0;1.0;2026-01-21 23:00:00+00:00
43.168;-1.303;-01.303_43.168;33.0;33.0;Irouléguy;MONTAGNE-BASQUE;IROULEGUY;2026-01-23;4.0;23.0;0.2;0.2;0.2;1.0;1.0;1.0;;;;1.0;1.0;1.0;1.0;1.0;2.0;2026-01-22 23:00:00+00:00
43.168;-1.303;-01.303_43.168;33.0;33.0;Irouléguy;MONTAGNE-BASQUE;IROULEGUY;2026-01-24;4.0;24.0;14.2;14.2;14.2;1.0;1.0;1.0;;;;3.0;2.0;1.0;3.0;3.0;1.0;2026-01-23 23:00:00+00:00
43.168;-1.303;-01.303_43.168;33.0;33.0;Irouléguy;MONTAGNE-BASQUE;IROULEGUY;2026-01-25;4.0;25.0;21.2;21.2;21.2;1.0;1.0;1.0;;;;3.0;3.0;1.0;1.0;1.0;2.0;2026-01-24 23:00:00+00:00
43.168;-1.303;-01.303_43.168;33.0;33.0;Irouléguy;MONTAGNE-BASQUE;IROULEGUY;2026-01-26;5.0;26.0;27.4;27.4;27.4;1.0;1.0;1.0;;;;2.0;1.0;2.0;2.0;1.0;1.0;2026-01-25 23:00:00+00:00
43.168;-1.303;-01.303_43.168;33.0;33.0;Irouléguy;MONTAGNE-BASQUE;IROULEGUY;2026-01-27;5.0;27.0;7.2;7.2;7.2;1.0;1.0;1.0;;;;3.0;1.0;1.0;2.0;1.0;1.0;2026-01-26 23:00:00+00:00
43.168;-1.303;-01.303_43.168;33.0;33.0;Irouléguy;MONTAGNE-BASQUE;IROULEGUY;2026-01-28;5.0;28.0;0.7;0.7;0.7;1.0;1.0;1.0;;;;2.0;3.0;2.0;2.0;1.0;2.0;2026-01-27 23:00:00+00:00
43.168;-1.303;-01.303_43.168;33.0;33.0;Irouléguy;MONTAGNE-BASQUE;IROULEGUY;2026-01-29;5.0;29.0;9.8;9.8;9.8;1.0;1.0;1.0;;;;2.0;1.0;1.0;1.0;2.0;1.0;2026-01-28 23:00:00+00:00
43.168;-1.303;-01.303_43.168;33.0;33.0;Irouléguy;MONTAGNE-BASQUE;IROULEGUY;2026-01-30;5.0;30.0;2.2;2.2;2.2;1.0;1.0;1.0;;;;1.0;2.0;2.0;3.0;3.0;3.0;2026-01-29 23:00:00+00:00
43.168;-1.303;-01.303_43.168;33.0;33.0;Irouléguy;MONTAGNE-BASQUE;IROULEGUY;2026-01-31;5.0;31.0;44.7;44.7;44.7;1.0;1.0;1.0;;;;2.0;2.0;2.0;1.0;1.0;1.0;2026-01-30 23:00:00+00:00
43.168;-1.303;-01.303_43.168;33.0;33.0;Irouléguy;MONTAGNE-BASQUE;IROULEGUY;2026-02-01;5.0;32.0;0.1;0.1;0.1;1.0;1.0;1.0;;;;1.0;1.0;3.0;1.0;2.0;2.0;2026-01-31 23:00:00+00:00
43.168;-1.303;-01.303_43.168;33.0;33.0;Irouléguy;MONTAGNE-BASQUE;IROULEGUY;2026-02-02;6.0;33.0;1.6;1.6;1.6;1.0;1.0;1.0;;;;3.0;1.0;1.0;1.0;1.0;2.0;2026-02-01 23:00:00+00:00
43.168;-1.303;-01.303_43.168;33.0;33.0;Irouléguy;MONTAGNE-BASQUE;IROULEGUY;2026-02-03;6.0;34.0;0.0;0.0;0.0;1.0;1.0;1.0;;;;3.0;2.0;2.0;1.0;3.0;1.0;2026-02-02 23:00:00+00:00
43.168;-1.303;-01.303_43.168;33.0;33.0;Irouléguy;MONTAGNE-BASQUE;IROULEGUY;2026-02-04;6.0;35.0;1.3;1.3;1.3;1.0;1.0;1.0;;;;2.0;1.0;3.0;1.0;1.0;1.0;2026-02-03 23:00:00+00:00
43.168;-1.303;-01.303_43.168;33.0;33.0;Irouléguy;MONTAGNE-BASQUE;IROULEGUY;2026-02-05;6.0;36.0;4.9;4.9;4.9;1.0;1.0;1.0;;;;2.0;1.0;1.0;1.0;2.0;2.0;2026-02-04 23:00:00+00:00
43.168;-1.303;-01.303_43.168;33.0;33.0;Irouléguy;MONTAGNE-BASQUE;IROULEGUY;2026-02-06;6.0;37.0;3.9;3.9;3.9;1.0;1.0;1.0;;;;3.0;3.0;4.0;4.0;1.0;1.0;2026-02-05 23:00:00+00:00
43.168;-1.303;-01.303_43.168;33.0;33.0;Irouléguy;MONTAGNE-BASQUE;IROULEGUY;2026-02-07;6.0;38.0;0.3;0.3;0.3;1.0;1.0;1.0;;;;1.0;1.0;2.0;1.0;1.0;1.0;2026-02-06 23:00:00+00:00
43.168;-1.303;-01.303_43.168;33.0;33.0;Irouléguy;MONTAGNE-BASQUE;IROULEGUY;2026-02-08;6.0;39.0;13.3;13.3;13.3;1.0;1.0;1.0;;;;1.0;1.0;1.0;3.0;3.0;3.0;2026-02-07 23:00:00+00:00
43.168;-1.303;-01.303_43.168;33.0;33.0;Irouléguy;MONTAGNE-BASQUE;IROULEGUY;2026-02-09;7.0;40.0;15.5;15.5;15.5;1.0;1.0;1.0;;;;2.0;1.0;2.0;1.0;1.0;2.0;2026-02-08 23:00:00+00:00
43.168;-1.303;-01.303_43.168;33.0;33.0;Irouléguy;MONTAGNE-BASQUE;IROULEGUY;2026-02-10;7.0;41.0;62.8;62.8;62.8;1.0;1.0;1.0;;;;3.0;2.0;2.0;1.0;1.0;1.0;2026-02-09 23:00:00+00:00
43.168;-1.303;-01.303_43.168;33.0;33.0;Irouléguy;MONTAGNE-BASQUE;IROULEGUY;2026-02-11;7.0;42.0;14.4;14.4;14.4;1.0;1.0;1.0;;;;1.0;1.0;1.0;2.0;2.0;1.0;2026-02-10 23:00:00+00:00
43.168;-1.303;-01.303_43.168;33.0;33.0;Irouléguy;MONTAGNE-BASQUE;IROULEGUY;2026-02-12;7.0;43.0;0.2;0.2;0.2;1.0;1.0;1.0;;;;1.0;3.0;1.0;2.0;2.0;2.0;2026-02-11 23:00:00+00:00
43.168;-1.303;-01.303_43.168;33.0;33.0;Irouléguy;MONTAGNE-BASQUE;IROULEGUY;2026-02-13;7.0;44.0;37.3;37.3;37.3;1.0;1.0;1.0;;;;1.0;2.0;2.0;2.0;2.0;1.0;2026-02-12 23:00:00+00:00
43.168;-1.303;-01.303_43.168;33.0;33.0;Irouléguy;MONTAGNE-BASQUE;IROULEGUY;2026-02-14;7.0;45.0;42.9;42.9;42.9;1.0;1.0;1.0;;;;1.0;3.0;3.0;1.0;2.0;1.0;2026-02-13 23:00:00+00:00
43.168;-1.303;-01.303_43.168;33.0;33.0;Irouléguy;MONTAGNE-BASQUE;IROULEGUY;2026-02-15;7.0;46.0;4.5;4.5;4.5;1.0;1.0;1.0;;;;2.0;1.0;2.0;1.0;2.0;1.0;2026-02-14 23:00:00+00:00
43.168;-1.303;-01.303_43.168;33.0;33.0;Irouléguy;MONTAGNE-BASQUE;IROULEGUY;2026-02-16;8.0;47.0;47.8;47.8;47.8;1.0;1.0;1.0;;;;2.0;1.0;1.0;2.0;3.0;2.0;2026-02-15 23:00:00+00:00
43.168;-1.303;-01.303_43.168;33.0;33.0;Irouléguy;MONTAGNE-BASQUE;IROULEGUY;2026-02-17;8.0;48.0;0.3;0.3;0.3;1.0;1.0;1.0;;;;3.0;1.0;2.0;2.0;4.0;2.0;2026-02-16 23:00:00+00:00
43.168;-1.303;-01.303_43.168;33.0;33.0;Irouléguy;MONTAGNE-BASQUE;IROULEGUY;2026-02-18;8.0;49.0;9.8;9.8;9.8;1.0;1.0;1.0;;;;2.0;1.0;2.0;3.0;3.0;1.0;2026-02-17 23:00:00+00:00
43.168;-1.303;-01.303_43.168;33.0;33.0;Irouléguy;MONTAGNE-BASQUE;IROULEGUY;2026-02-19;8.0;50.0;16.6;16.6;16.6;1.0;1.0;1.0;;;;3.0;3.0;1.0;1.0;2.0;1.0;2026-02-18 23:00:00+00:00
43.168;-1.303;-01.303_43.168;33.0;33.0;Irouléguy;MONTAGNE-BASQUE;IROULEGUY;2026-02-20;8.0;51.0;8.3;8.3;8.3;1.0;1.0;1.0;;;;1.0;2.0;1.0;2.0;2.0;1.0;2026-02-19 23:00:00+00:00
43.168;-1.303;-01.303_43.168;33.0;33.0;Irouléguy;MONTAGNE-BASQUE;IROULEGUY;2026-02-21;8.0;52.0;0.0;0.0;0.0;1.0;1.0;1.0;;;;3.0;1.0;1.0;1.0;1.0;1.0;2026-02-20 23:00:00+00:00
43.168;-1.303;-01.303_43.168;33.0;33.0;Irouléguy;MONTAGNE-BASQUE;IROULEGUY;2026-02-22;8.0;53.0;0.0;0.0;0.0;1.0;1.0;1.0;;;;2.0;2.0;1.0;1.0;2.0;4.0;2026-02-21 23:00:00+00:00
43.168;-1.303;-01.303_43.168;33.0;33.0;Irouléguy;MONTAGNE-BASQUE;IROULEGUY;2026-02-23;9.0;54.0;0.0;0.0;0.0;1.0;1.0;1.0;;;;2.0;2.0;2.0;1.0;3.0;1.0;2026-02-22 23:00:00+00:00
43.168;-1.303;-01.303_43.168;33.0;33.0;Irouléguy;MONTAGNE-BASQUE;IROULEGUY;2026-02-24;9.0;55.0;0.0;0.0;0.0;1.0;1.0;1.0;;;;2.0;2.0;3.0;2.0;1.0;2.0;2026-02-23 23:00:00+00:00
43.168;-1.303;-01.303_43.168;33.0;33.0;Irouléguy;MONTAGNE-BASQUE;IROULEGUY;2026-02-25;9.0;56.0;0.0;0.0;0.0;1.0;1.0;1.0;;;;2.0;1.0;1.0;2.0;2.0;1.0;2026-02-24 23:00:00+00:00
43.168;-1.303;-01.303_43.168;33.0;33.0;Irouléguy;MONTAGNE-BASQUE;IROULEGUY;2026-02-26;9.0;57.0;0.0;0.0;0.0;1.0;1.0;1.0;;;;2.0;3.0;2.0;1.0;1.0;3.0;2026-02-25 23:00:00+00:00
43.168;-1.303;-01.303_43.168;33.0;33.0;Irouléguy;MONTAGNE-BASQUE;IROULEGUY;2026-02-27;9.0;58.0;0.1;0.1;0.1;1.0;1.0;1.0;;;;2.0;2.0;3.0;1.0;3.0;4.0;2026-02-26 23:00:00+00:00
43.168;-1.303;-01.303_43.168;33.0;33.0;Irouléguy;MONTAGNE-BASQUE;IROULEGUY;2026-02-28;9.0;59.0;0.6000000000000001;0.6000000000000001;0.6000000000000001;1.0;1.0;1.0;;;;2.0;2.0;2.0;2.0;2.0;1.0;2026-02-27 23:00:00+00:00
43.168;-1.303;-01.303_43.168;33.0;33.0;Irouléguy;MONTAGNE-BASQUE;IROULEGUY;2026-03-01;9.0;60.0;0.0;0.0;0.0;1.0;1.0;1.0;;;;3.0;1.0;1.0;2.0;1.0;1.0;2026-02-28 23:00:00+00:00
43.168;-1.303;-01.303_43.168;33.0;33.0;Irouléguy;MONTAGNE-BASQUE;IROULEGUY;2026-03-02;10.0;61.0;0.4;0.4;0.4;1.0;1.0;1.0;;;;1.0;4.0;2.0;1.0;1.0;2.0;2026-03-01 23:00:00+00:00
43.168;-1.303;-01.303_43.168;33.0;33.0;Irouléguy;MONTAGNE-BASQUE;IROULEGUY;2026-03-03;10.0;62.0;0.0;0.0;0.0;1.0;1.0;1.0;;;;1.0;1.0;3.0;1.0;2.0;1.0;2026-03-02 23:00:00+00:00
43.168;-1.303;-01.303_43.168;33.0;33.0;Irouléguy;MONTAGNE-BASQUE;IROULEGUY;2026-03-04;10.0;63.0;0.0;0.0;0.0;1.0;1.0;1.0;;;;3.0;1.0;1.0;2.0;3.0;1.0;2026-03-03 23:00:00+00:00
43.168;-1.303;-01.303_43.168;33.0;33.0;Irouléguy;MONTAGNE-BASQUE;IROULEGUY;2026-03-05;10.0;64.0;8.5;8.5;8.5;1.0;1.0;1.0;;;;3.0;1.0;1.0;2.0;1.0;2.0;2026-03-04 23:00:00+00:00
43.168;-1.303;-01.303_43.168;33.0;33.0;Irouléguy;MONTAGNE-BASQUE;IROULEGUY;2026-03-06;10.0;65.0;5.4;5.4;5.4;1.0;1.0;1.0;;;;1.0;2.0;3.0;1.0;2.0;1.0;2026-03-05 23:00:00+00:00
43.168;-1.303;-01.303_43.168;33.0;33.0;Irouléguy;MONTAGNE-BASQUE;IROULEGUY;2026-03-07;10.0;66.0;0.7000000000000001;0.7000000000000001;0.7000000000000001;1.0;1.0;1.0;;;;3.0;1.0;1.0;1.0;2.0;3.0;2026-03-06 23:00:00+00:00
43.168;-1.303;-01.303_43.168;33.0;33.0;Irouléguy;MONTAGNE-BASQUE;IROULEGUY;2026-03-08;10.0;67.0;12.2;12.2;12.2;1.0;1.0;1.0;;;;1.0;2.0;2.0;3.0;1.0;2.0;2026-03-07 23:00:00+00:00
43.168;-1.303;-01.303_43.168;33.0;33.0;Irouléguy;MONTAGNE-BASQUE;IROULEGUY;2026-03-09;11.0;68.0;0.4;0.4;0.4;1.0;1.0;1.0;;;;1.0;1.0;3.0;2.0;2.0;2.0;2026-03-08 23:00:00+00:00
43.168;-1.303;-01.303_43.168;33.0;33.0;Irouléguy;MONTAGNE-BASQUE;IROULEGUY;2026-03-10;11.0;69.0;0.4;0.4;0.4;1.0;1.0;1.0;;;;2.0;1.0;1.0;1.0;3.0;1.0;2026-03-09 23:00:00+00:00
43.168;-1.303;-01.303_43.168;33.0;33.0;Irouléguy;MONTAGNE-BASQUE;IROULEGUY;2026-03-11;11.0;70.0;1.6;1.6;1.6;1.0;1.0;1.0;;;;4.0;3.0;4.0;1.0;2.0;2.0;2026-03-10 23:00:00+00:00
43.168;-1.303;-01.303_43.168;33.0;33.0;Irouléguy;MONTAGNE-BASQUE;IROULEGUY;2026-03-12;11.0;71.0;0.0;0.0;0.0;1.0;1.0;1.0;;;;1.0;2.0;1.0;1.0;1.0;1.0;2026-03-11 23:00:00+00:00
43.168;-1.303;-01.303_43.168;33.0;33.0;Irouléguy;MONTAGNE-BASQUE;IROULEGUY;2026-03-13;11.0;72.0;5.6000000000000005;5.6000000000000005;5.6000000000000005;1.0;1.0;1.0;;;;2.0;3.0;1.0;3.0;3.0;1.0;2026-03-12 23:00:00+00:00
43.168;-1.303;-01.303_43.168;33.0;33.0;Irouléguy;MONTAGNE-BASQUE;IROULEGUY;2026-03-14;11.0;73.0;34.5;34.5;34.5;1.0;1.0;1.0;;;;3.0;2.0;3.0;1.0;2.0;1.0;2026-03-13 23:00:00+00:00
43.168;-1.303;-01.303_43.168;33.0;33.0;Irouléguy;MONTAGNE-BASQUE;IROULEGUY;2026-03-15;11.0;74.0;8.6;8.6;8.6;1.0;1.0;1.0;;;;2.0;2.0;2.0;1.0;2.0;3.0;2026-03-14 23:00:00+00:00
43.168;-1.303;-01.303_43.168;33.0;33.0;Irouléguy;MONTAGNE-BASQUE;IROULEGUY;2026-03-16;12.0;75.0;0.0;0.0;0.0;1.0;1.0;1.0;;;;3.0;4.0;3.0;4.0;2.0;2.0;2026-03-15 23:00:00+00:00
43.168;-1.303;-01.303_43.168;33.0;33.0;Irouléguy;MONTAGNE-BASQUE;IROULEGUY;2026-03-17;12.0;76.0;0.0;0.0;0.0;1.0;1.0;1.0;;;;1.0;3.0;1.0;1.0;2.0;2.0;2026-03-16 23:00:00+00:00
43.168;-1.303;-01.303_43.168;33.0;33.0;Irouléguy;MONTAGNE-BASQUE;IROULEGUY;2026-03-18;12.0;77.0;0.0;0.0;0.0;1.0;1.0;1.0;;;;1.0;1.0;1.0;2.0;1.0;1.0;2026-03-17 23:00:00+00:00
43.168;-1.303;-01.303_43.168;33.0;33.0;Irouléguy;MONTAGNE-BASQUE;IROULEGUY;2026-03-19;12.0;78.0;0.0;0.0;0.0;1.0;1.0;1.0;;;;1.0;1.0;1.0;2.0;2.0;3.0;2026-03-18 23:00:00+00:00
43.168;-1.303;-01.303_43.168;33.0;33.0;Irouléguy;MONTAGNE-BASQUE;IROULEGUY;2026-03-20;12.0;79.0;0.0;0.0;0.0;1.0;1.0;1.0;;;;1.0;3.0;1.0;2.0;2.0;2.0;2026-03-19 23:00:00+00:00
43.168;-1.303;-01.303_43.168;33.0;33.0;Irouléguy;MONTAGNE-BASQUE;IROULEGUY;2026-03-21;12.0;80.0;0.0;0.0;0.0;1.0;1.0;1.0;;;;2.0;1.0;1.0;1.0;1.0;2.0;2026-03-20 23:00:00+00:00
43.168;-1.303;-01.303_43.168;33.0;33.0;Irouléguy;MONTAGNE-BASQUE;IROULEGUY;2026-03-22;12.0;81.0;0.0;0.0;0.0;1.0;1.0;1.0;;;;3.0;2.0;3.0;2.0;1.0;3.0;2026-03-21 23:00:00+00:00
43.168;-1.303;-01.303_43.168;33.0;33.0;Irouléguy;MONTAGNE-BASQUE;IROULEGUY;2026-03-23;13.0;82.0;0.0;0.0;0.0;1.0;1.0;1.0;;;;1.0;1.0;1.0;2.0;2.0;3.0;2026-03-22 23:00:00+00:00
43.168;-1.303;-01.303_43.168;33.0;33.0;Irouléguy;MONTAGNE-BASQUE;IROULEGUY;2026-03-24;13.0;83.0;0.0;0.0;0.0;1.0;1.0;1.0;;;;1.0;4.0;3.0;4.0;1.0;2.0;2026-03-23 23:00:00+00:00
43.168;-1.303;-01.303_43.168;33.0;33.0;Irouléguy;MONTAGNE-BASQUE;IROULEGUY;2026-03-25;13.0;84.0;4.1;4.1;4.1;1.0;1.0;1.0;;;;1.0;4.0;2.0;3.0;1.0;3.0;2026-03-24 23:00:00+00:00
43.168;-1.303;-01.303_43.168;33.0;33.0;Irouléguy;MONTAGNE-BASQUE;IROULEGUY;2026-03-26;13.0;85.0;1.1;1.1;1.1;1.0;1.0;1.0;;;;3.0;2.0;1.0;3.0;2.0;1.0;2026-03-25 23:00:00+00:00
43.168;-1.303;-01.303_43.168;33.0;33.0;Irouléguy;MONTAGNE-BASQUE;IROULEGUY;2026-03-27;13.0;86.0;0.0;0.0;0.0;1.0;1.0;1.0;;;;2.0;2.0;2.0;1.0;1.0;3.0;2026-03-26 23:00:00+00:00
43.168;-1.303;-01.303_43.168;33.0;33.0;Irouléguy;MONTAGNE-BASQUE;IROULEGUY;2026-03-28;13.0;87.0;9.0;9.0;9.0;1.0;1.0;1.0;;;;4.0;1.0;1.0;1.0;3.0;1.0;2026-03-27 23:00:00+00:00
43.168;-1.303;-01.303_43.168;33.0;33.0;Irouléguy;MONTAGNE-BASQUE;IROULEGUY;2026-03-29;13.0;88.0;2.4;2.4;2.4;1.0;1.0;1.0;;;;1.0;1.0;1.0;2.0;3.0;2.0;2026-03-28 23:00:00+00:00
43.168;-1.303;-01.303_43.168;33.0;33.0;Irouléguy;MONTAGNE-BASQUE;IROULEGUY;2026-03-30;14.0;89.0;5.2;5.2;5.2;1.0;1.0;1.0;;;;3.0;1.0;2.0;2.0;1.0;3.0;2026-03-29 22:00:00+00:00
43.168;-1.303;-01.303_43.168;33.0;33.0;Irouléguy;MONTAGNE-BASQUE;IROULEGUY;2026-03-31;14.0;90.0;0.9;0.9;0.9;1.0;1.0;1.0;3.0;3.0;3.0;4.0;2.0;1.0;3.0;1.0;1.0;2026-03-30 22:00:00+00:00
43.168;-1.303;-01.303_43.168;33.0;33.0;Irouléguy;MONTAGNE-BASQUE;IROULEGUY;2026-04-01;14.0;91.0;11.5;11.5;11.5;1.0;1.0;1.0;3.0;3.0;3.0;1.0;2.0;2.0;3.0;3.0;2.0;2026-03-31 22:00:00+00:00
43.168;-1.303;-01.303_43.168;33.0;33.0;Irouléguy;MONTAGNE-BASQUE;IROULEGUY;2026-04-02;14.0;92.0;8.9;8.9;8.9;1.0;1.0;1.0;3.0;3.0;3.0;3.0;4.0;3.0;1.0;2.0;1.0;2026-04-01 22:00:00+00:00
43.168;-1.303;-01.303_43.168;33.0;33.0;Irouléguy;MONTAGNE-BASQUE;IROULEGUY;2026-04-03;14.0;93.0;0.3;0.3;0.3;1.0;1.0;1.0;3.0;3.0;3.0;3.0;2.0;3.0;3.0;2.0;4.0;2026-04-02 22:00:00+00:00
43.168;-1.303;-01.303_43.168;33.0;33.0;Irouléguy;MONTAGNE-BASQUE;IROULEGUY;2026-04-04;14.0;94.0;0.0;0.0;0.0;1.0;1.0;1.0;3.0;3.0;3.0;1.0;3.0;1.0;1.0;1.0;1.0;2026-04-03 22:00:00+00:00
43.168;-1.303;-01.303_43.168;33.0;33.0;Irouléguy;MONTAGNE-BASQUE;IROULEGUY;2026-04-05;14.0;95.0;0.0;0.0;0.0;1.0;1.0;1.0;3.0;3.0;3.0;2.0;1.0;2.0;2.0;2.0;1.0;2026-04-04 22:00:00+00:00
43.168;-1.303;-01.303_43.168;33.0;33.0;Irouléguy;MONTAGNE-BASQUE;IROULEGUY;2026-04-06;15.0;96.0;0.0;0.0;0.0;1.0;1.0;1.0;3.0;3.0;3.0;1.0;1.0;1.0;2.0;1.0;1.0;2026-04-05 22:00:00+00:00
43.168;-1.303;-01.303_43.168;33.0;33.0;Irouléguy;MONTAGNE-BASQUE;IROULEGUY;2026-04-07;15.0;97.0;0.0;0.0;0.0;1.0;1.0;1.0;3.0;3.0;3.0;3.0;2.0;2.0;1.0;1.0;2.0;2026-04-06 22:00:00+00:00
43.168;-1.303;-01.303_43.168;33.0;33.0;Irouléguy;MONTAGNE-BASQUE;IROULEGUY;2026-04-08;15.0;98.0;0.0;0.0;0.0;1.0;1.0;1.0;3.0;3.0;3.0;2.0;1.0;2.0;3.0;1.0;2.0;2026-04-07 22:00:00+00:00
43.168;-1.303;-01.303_43.168;33.0;33.0;Irouléguy;MONTAGNE-BASQUE;IROULEGUY;2026-04-09;15.0;99.0;0.0;0.0;0.0;1.0;1.0;1.0;3.0;3.0;3.0;1.0;2.0;1.0;2.0;2.0;1.0;2026-04-08 22:00:00+00:00
43.168;-1.303;-01.303_43.168;33.0;33.0;Irouléguy;MONTAGNE-BASQUE;IROULEGUY;2026-04-10;15.0;100.0;0.0;0.0;0.0;1.0;1.0;1.0;3.0;3.0;3.0;1.0;4.0;1.0;2.0;2.0;2.0;2026-04-09 22:00:00+00:00
43.168;-1.303;-01.303_43.168;33.0;33.0;Irouléguy;MONTAGNE-BASQUE;IROULEGUY;2026-04-11;15.0;101.0;17.5;17.5;17.5;1.0;1.0;1.0;3.0;3.0;3.0;3.0;2.0;3.0;2.0;3.0;2.0;2026-04-10 22:00:00+00:00
43.168;-1.303;-01.303_43.168;33.0;33.0;Irouléguy;MONTAGNE-BASQUE;IROULEGUY;2026-04-12;15.0;102.0;12.3;12.3;12.3;1.0;1.0;1.0;;3.0;;1.0;2.0;4.0;1.0;2.0;1.0;2026-04-11 22:00:00+00:00
43.168;-1.303;-01.303_43.168;33.0;33.0;Irouléguy;MONTAGNE-BASQUE;IROULEGUY;2026-04-13;16.0;103.0;9.0;9.0;9.0;1.0;1.0;1.0;;3.0;;2.0;2.0;1.0;1.0;1.0;2.0;2026-04-12 22:00:00+00:00
43.168;-1.303;-01.303_43.168;33.0;33.0;Irouléguy;MONTAGNE-BASQUE;IROULEGUY;2026-04-14;16.0;104.0;0.0;0.0;0.0;1.0;1.0;1.0;;3.0;;2.0;3.0;1.0;2.0;1.0;1.0;2026-04-13 22:00:00+00:00
43.168;-1.303;-01.303_43.168;33.0;33.0;Irouléguy;MONTAGNE-BASQUE;IROULEGUY;2026-04-15;16.0;105.0;0.0;0.0;0.0;1.0;1.0;1.0;;3.0;;1.0;1.0;2.0;1.0;3.0;1.0;2026-04-14 22:00:00+00:00
43.168;-1.303;-01.303_43.168;33.0;33.0;Irouléguy;MONTAGNE-BASQUE;IROULEGUY;2026-04-16;16.0;106.0;0.0;0.0;0.0;1.0;1.0;1.0;;3.0;;1.0;2.0;2.0;2.0;2.0;1.0;2026-04-15 22:00:00+00:00
43.168;-1.303;-01.303_43.168;33.0;33.0;Irouléguy;MONTAGNE-BASQUE;IROULEGUY;2026-04-17;16.0;107.0;0.0;0.0;0.0;1.0;1.0;1.0;;3.0;;3.0;3.0;2.0;1.0;1.0;1.0;2026-04-16 22:00:00+00:00
43.168;-1.303;-01.303_43.168;33.0;33.0;Irouléguy;MONTAGNE-BASQUE;IROULEGUY;2026-04-18;16.0;108.0;0.0;0.0;0.0;1.0;1.0;1.0;;3.0;;1.0;2.0;2.0;1.0;1.0;3.0;2026-04-17 22:00:00+00:00
43.168;-1.303;-01.303_43.168;33.0;33.0;Irouléguy;MONTAGNE-BASQUE;IROULEGUY;2026-04-19;16.0;109.0;1.8;1.8;1.8;1.0;1.0;1.0;;3.0;;2.0;2.0;3.0;1.0;2.0;2.0;2026-04-18 22:00:00+00:00
43.168;-1.303;-01.303_43.168;33.0;33.0;Irouléguy;MONTAGNE-BASQUE;IROULEGUY;2026-04-20;17.0;110.0;0.0;0.0;0.0;1.0;1.0;1.0;;3.0;;2.0;3.0;1.0;2.0;2.0;1.0;2026-04-19 22:00:00+00:00
43.168;-1.303;-01.303_43.168;33.0;33.0;Irouléguy;MONTAGNE-BASQUE;IROULEGUY;2026-04-21;17.0;111.0;0.8999999999999999;0.8999999999999999;0.8999999999999999;1.0;1.0;1.0;;2.0;;1.0;2.0;4.0;1.0;1.0;1.0;2026-04-20 22:00:00+00:00
43.168;-1.303;-01.303_43.168;33.0;33.0;Irouléguy;MONTAGNE-BASQUE;IROULEGUY;2026-04-22;17.0;112.0;0.3;0.3;0.3;1.0;1.0;1.0;;2.0;;1.0;3.0;1.0;1.0;1.0;1.0;2026-04-21 22:00:00+00:00
43.168;-1.303;-01.303_43.168;33.0;33.0;Irouléguy;MONTAGNE-BASQUE;IROULEGUY;2026-04-23;17.0;113.0;0.0;0.0;0.0;1.0;1.0;1.0;;2.0;;1.0;1.0;1.0;1.0;2.0;1.0;2026-04-22 22:00:00+00:00
43.168;-1.303;-01.303_43.168;33.0;33.0;Irouléguy;MONTAGNE-BASQUE;IROULEGUY;2026-04-24;17.0;114.0;0.0;0.0;0.0;1.0;1.0;1.0;;2.0;;3.0;1.0;2.0;2.0;1.0;1.0;2026-04-23 22:00:00+00:00
43.168;-1.303;-01.303_43.168;33.0;33.0;Irouléguy;MONTAGNE-BASQUE;IROULEGUY;2026-04-25;17.0;115.0;0.0;0.0;0.0;1.0;1.0;1.0;;2.0;;1.0;1.0;2.0;2.0;1.0;1.0;2026-04-24 22:00:00+00:00
43.168;-1.303;-01.303_43.168;33.0;33.0;Irouléguy;MONTAGNE-BASQUE;IROULEGUY;2026-04-26;17.0;116.0;0.0;0.0;0.0;1.0;1.0;1.0;;2.0;;2.0;2.0;1.0;1.0;2.0;3.0;2026-04-25 22:00:00+00:00
43.168;-1.303;-01.303_43.168;33.0;33.0;Irouléguy;MONTAGNE-BASQUE;IROULEGUY;2026-04-27;18.0;117.0;0.3;0.3;0.3;1.0;1.0;1.0;;2.0;;1.0;4.0;2.0;1.0;1.0;1.0;2026-04-26 22:00:00+00:00
43.168;-1.303;-01.303_43.168;33.0;33.0;Irouléguy;MONTAGNE-BASQUE;IROULEGUY;2026-04-28;18.0;118.0;1.3;1.3;1.3;1.0;1.0;1.0;;2.0;;1.0;1.0;2.0;1.0;2.0;1.0;2026-04-27 22:00:00+00:00
43.168;-1.303;-01.303_43.168;33.0;33.0;Irouléguy;MONTAGNE-BASQUE;IROULEGUY;2026-04-29;18.0;119.0;0.7;0.7;0.7;2.0;2.0;2.0;;2.0;;2.0;1.0;1.0;4.0;1.0;2.0;2026-04-28 22:00:00+00:00
43.168;-1.303;-01.303_43.168;33.0;33.0;Irouléguy;MONTAGNE-BASQUE;IROULEGUY;2026-04-30;18.0;120.0;12.6;12.6;12.6;1.0;1.0;1.0;;2.0;;3.0;2.0;1.0;2.0;1.0;2.0;2026-04-29 22:00:00+00:00
43.168;-1.303;-01.303_43.168;33.0;33.0;Irouléguy;MONTAGNE-BASQUE;IROULEGUY;2026-05-01;18.0;121.0;0.1;0.1;0.1;1.0;1.0;1.0;;2.0;;1.0;1.0;3.0;2.0;1.0;1.0;2026-04-30 22:00:00+00:00
43.168;-1.303;-01.303_43.168;33.0;33.0;Irouléguy;MONTAGNE-BASQUE;IROULEGUY;2026-05-02;18.0;122.0;20.8;20.8;20.8;1.0;1.0;1.0;;2.0;;1.0;1.0;3.0;3.0;1.0;3.0;2026-05-01 22:00:00+00:00
43.168;-1.303;-01.303_43.168;33.0;33.0;Irouléguy;MONTAGNE-BASQUE;IROULEGUY;2026-05-03;18.0;123.0;1.4;1.4;1.4;1.0;1.0;1.0;;2.0;;1.0;1.0;1.0;1.0;1.0;2.0;2026-05-02 22:00:00+00:00
43.168;-1.303;-01.303_43.168;33.0;33.0;Irouléguy;MONTAGNE-BASQUE;IROULEGUY;2026-05-04;19.0;124.0;18.7;18.7;18.7;1.0;1.0;1.0;;2.0;;1.0;1.0;2.0;2.0;4.0;2.0;2026-05-03 22:00:00+00:00
43.168;-1.303;-01.303_43.168;33.0;33.0;Irouléguy;MONTAGNE-BASQUE;IROULEGUY;2026-05-05;19.0;125.0;2.4000000000000004;2.4000000000000004;2.4000000000000004;1.0;1.0;1.0;;2.0;;3.0;2.0;1.0;3.0;1.0;1.0;2026-05-04 22:00:00+00:00
43.168;-1.303;-01.303_43.168;33.0;33.0;Irouléguy;MONTAGNE-BASQUE;IROULEGUY;2026-05-06;19.0;126.0;0.3;0.3;0.3;1.0;1.0;1.0;;2.0;;3.0;1.0;4.0;1.0;1.0;1.0;2026-05-05 22:00:00+00:00
43.168;-1.303;-01.303_43.168;33.0;33.0;Irouléguy;MONTAGNE-BASQUE;IROULEGUY;2026-05-07;19.0;127.0;12.8;12.8;12.8;1.0;1.0;1.0;;3.0;;2.0;2.0;3.0;1.0;1.0;1.0;2026-05-06 22:00:00+00:00
43.168;-1.303;-01.303_43.168;33.0;33.0;Irouléguy;MONTAGNE-BASQUE;IROULEGUY;2026-05-08;19.0;128.0;0.3999999999999999;0.3999999999999999;0.3999999999999999;1.0;1.0;1.0;;3.0;;1.0;1.0;3.0;1.0;1.0;2.0;2026-05-07 22:00:00+00:00
43.168;-1.303;-01.303_43.168;33.0;33.0;Irouléguy;MONTAGNE-BASQUE;IROULEGUY;2026-05-09;19.0;129.0;0.4;0.4;0.4;1.0;1.0;1.0;;3.0;;2.0;1.0;1.0;1.0;1.0;3.0;2026-05-08 22:00:00+00:00
43.168;-1.303;-01.303_43.168;33.0;33.0;Irouléguy;MONTAGNE-BASQUE;IROULEGUY;2026-05-10;19.0;130.0;4.7;4.7;4.7;1.0;1.0;1.0;;3.0;;1.0;1.0;1.0;3.0;1.0;1.0;2026-05-09 22:00:00+00:00
43.168;-1.303;-01.303_43.168;33.0;33.0;Irouléguy;MONTAGNE-BASQUE;IROULEGUY;2026-05-11;20.0;131.0;0.9;0.9;0.9;1.0;1.0;1.0;;3.0;;2.0;2.0;2.0;3.0;2.0;4.0;2026-05-10 22:00:00+00:00
43.168;-1.303;-01.303_43.168;33.0;33.0;Irouléguy;MONTAGNE-BASQUE;IROULEGUY;2026-05-12;20.0;132.0;0.6;0.6;0.6;1.0;1.0;1.0;;3.0;;3.0;1.0;3.0;2.0;1.0;1.0;2026-05-11 22:00:00+00:00
43.168;-1.303;-01.303_43.168;33.0;33.0;Irouléguy;MONTAGNE-BASQUE;IROULEGUY;2026-05-13;20.0;133.0;4.8;4.8;4.8;1.0;1.0;1.0;;3.0;;1.0;2.0;4.0;4.0;1.0;2.0;2026-05-12 22:00:00+00:00
43.168;-1.303;-01.303_43.168;33.0;33.0;Irouléguy;MONTAGNE-BASQUE;IROULEGUY;2026-05-14;20.0;134.0;28.1;28.1;28.1;1.0;1.0;1.0;;4.0;;1.0;1.0;3.0;1.0;1.0;3.0;2026-05-13 22:00:00+00:00
43.168;-1.303;-01.303_43.168;33.0;33.0;Irouléguy;MONTAGNE-BASQUE;IROULEGUY;2026-05-15;20.0;135.0;32.0;32.0;32.0;1.0;1.0;1.0;;4.0;;2.0;2.0;1.0;1.0;4.0;2.0;2026-05-14 22:00:00+00:00
43.168;-1.303;-01.303_43.168;33.0;33.0;Irouléguy;MONTAGNE-BASQUE;IROULEGUY;2026-05-16;20.0;136.0;5.4;5.4;5.4;1.0;1.0;1.0;;4.0;;2.0;4.0;2.0;3.0;3.0;1.0;2026-05-15 22:00:00+00:00
43.168;-1.303;-01.303_43.168;33.0;33.0;Irouléguy;MONTAGNE-BASQUE;IROULEGUY;2026-05-17;20.0;137.0;0.0;0.0;0.0;1.0;1.0;1.0;;4.0;;3.0;2.0;1.0;1.0;3.0;1.0;2026-05-16 22:00:00+00:00
43.168;-1.303;-01.303_43.168;33.0;33.0;Irouléguy;MONTAGNE-BASQUE;IROULEGUY;2026-05-18;21.0;138.0;0.0;0.0;0.0;1.0;1.0;1.0;;4.0;;2.0;2.0;1.0;1.0;4.0;2.0;2026-05-17 22:00:00+00:00
43.168;-1.303;-01.303_43.168;33.0;33.0;Irouléguy;MONTAGNE-BASQUE;IROULEGUY;2026-05-19;21.0;139.0;0.0;0.0;0.0;1.0;1.0;1.0;;4.0;;2.0;1.0;2.0;1.0;3.0;4.0;2026-05-18 22:00:00+00:00
43.168;-1.303;-01.303_43.168;33.0;33.0;Irouléguy;MONTAGNE-BASQUE;IROULEGUY;2026-05-20;21.0;140.0;0.0;0.0;0.0;1.0;1.0;1.0;;4.0;;2.0;1.0;1.0;2.0;1.0;1.0;2026-05-19 22:00:00+00:00
43.168;-1.303;-01.303_43.168;33.0;33.0;Irouléguy;MONTAGNE-BASQUE;IROULEGUY;2026-05-21;21.0;141.0;0.0;0.0;0.0;1.0;1.0;1.0;;4.0;;1.0;1.0;3.0;1.0;1.0;1.0;2026-05-20 22:00:00+00:00
43.168;-1.303;-01.303_43.168;33.0;33.0;Irouléguy;MONTAGNE-BASQUE;IROULEGUY;2026-05-22;21.0;142.0;0.0;0.0;0.0;1.0;1.0;1.0;;4.0;;1.0;2.0;3.0;1.0;3.0;1.0;2026-05-21 22:00:00+00:00
43.168;-1.303;-01.303_43.168;33.0;33.0;Irouléguy;MONTAGNE-BASQUE;IROULEGUY;2026-05-23;21.0;143.0;0.0;0.0;0.0;1.0;1.0;1.0;;4.0;;3.0;1.0;2.0;1.0;1.0;2.0;2026-05-22 22:00:00+00:00
43.168;-1.303;-01.303_43.168;33.0;33.0;Irouléguy;MONTAGNE-BASQUE;IROULEGUY;2026-05-24;21.0;144.0;0.0;0.0;0.0;1.0;1.0;1.0;;4.0;;1.0;2.0;1.0;2.0;2.0;1.0;2026-05-23 22:00:00+00:00
43.168;-1.303;-01.303_43.168;33.0;33.0;Irouléguy;MONTAGNE-BASQUE;IROULEGUY;2026-05-25;22.0;145.0;0.0;0.0;0.0;1.0;1.0;1.0;;4.0;;1.0;4.0;2.0;2.0;2.0;2.0;2026-05-24 22:00:00+00:00
43.168;-1.303;-01.303_43.168;33.0;33.0;Irouléguy;MONTAGNE-BASQUE;IROULEGUY;2026-05-26;22.0;146.0;0.0;0.0;0.0;1.0;1.0;1.0;;4.0;;1.0;1.0;2.0;1.0;1.0;1.0;2026-05-25 22:00:00+00:00
43.168;-1.303;-01.303_43.168;33.0;33.0;Irouléguy;MONTAGNE-BASQUE;IROULEGUY;2026-05-27;22.0;147.0;0.0;0.0;0.0;1.0;1.0;1.0;;4.0;;3.0;1.0;1.0;1.0;2.0;1.0;2026-05-26 22:00:00+00:00
43.168;-1.303;-01.303_43.168;33.0;33.0;Irouléguy;MONTAGNE-BASQUE;IROULEGUY;2026-05-28;22.0;148.0;0.0;0.0;0.0;1.0;1.0;1.0;;4.0;;1.0;1.0;1.0;2.0;1.0;2.0;2026-05-27 22:00:00+00:00
43.168;-1.303;-01.303_43.168;33.0;33.0;Irouléguy;MONTAGNE-BASQUE;IROULEGUY;2026-05-29;22.0;149.0;0.0;0.0;0.0;1.0;1.0;1.0;;4.0;;2.0;3.0;1.0;2.0;1.0;3.0;2026-05-28 22:00:00+00:00
43.168;-1.303;-01.303_43.168;33.0;33.0;Irouléguy;MONTAGNE-BASQUE;IROULEGUY;2026-05-30;22.0;150.0;0.0;0.0;0.0;1.0;1.0;1.0;;4.0;;4.0;1.0;1.0;1.0;1.0;1.0;2026-05-29 22:00:00+00:00
43.168;-1.303;-01.303_43.168;33.0;33.0;Irouléguy;MONTAGNE-BASQUE;IROULEGUY;2026-05-31;22.0;151.0;0.0;0.0;0.0;1.0;1.0;1.0;4.0;4.0;4.0;1.0;1.0;2.0;2.0;4.0;1.0;2026-05-30 22:00:00+00:00
43.168;-1.303;-01.303_43.168;33.0;33.0;Irouléguy;MONTAGNE-BASQUE;IROULEGUY;2026-06-01;23.0;152.0;0.0;0.0;0.0;1.0;1.0;1.0;3.0;3.0;3.0;1.0;1.0;2.0;1.0;1.0;1.0;2026-05-31 22:00:00+00:00
43.168;-1.303;-01.303_43.168;33.0;33.0;Irouléguy;MONTAGNE-BASQUE;IROULEGUY;2026-06-02;23.0;153.0;0.6000000000000001;0.6000000000000001;0.6000000000000001;1.0;1.0;1.0;3.0;3.0;3.0;1.0;1.0;1.0;1.0;2.0;3.0;2026-06-01 22:00:00+00:00
43.168;-1.303;-01.303_43.168;33.0;33.0;Irouléguy;MONTAGNE-BASQUE;IROULEGUY;2026-06-03;23.0;154.0;0.3;0.3;0.3;1.0;1.0;1.0;3.0;3.0;3.0;1.0;2.0;1.0;1.0;1.0;4.0;2026-06-02 22:00:00+00:00
43.168;-1.303;-01.303_43.168;33.0;33.0;Irouléguy;MONTAGNE-BASQUE;IROULEGUY;2026-06-04;23.0;155.0;2.9;2.9;2.9;1.0;1.0;1.0;2.0;2.0;2.0;1.0;1.0;1.0;3.0;1.0;1.0;2026-06-03 22:00:00+00:00
43.168;-1.303;-01.303_43.168;33.0;33.0;Irouléguy;MONTAGNE-BASQUE;IROULEGUY;2026-06-05;23.0;156.0;0.3;0.3;0.3;1.0;1.0;1.0;2.0;2.0;2.0;1.0;2.0;1.0;2.0;1.0;2.0;2026-06-04 22:00:00+00:00
43.168;-1.303;-01.303_43.168;33.0;33.0;Irouléguy;MONTAGNE-BASQUE;IROULEGUY;2026-06-06;23.0;157.0;0.2;0.2;0.2;1.0;1.0;1.0;2.0;2.0;2.0;3.0;2.0;1.0;2.0;2.0;2.0;2026-06-05 22:00:00+00:00
43.168;-1.303;-01.303_43.168;33.0;33.0;Irouléguy;MONTAGNE-BASQUE;IROULEGUY;2026-06-07;23.0;158.0;0.0;0.0;0.0;1.0;1.0;1.0;2.0;2.0;2.0;1.0;1.0;1.0;2.0;2.0;1.0;2026-06-06 22:00:00+00:00
43.168;-1.303;-01.303_43.168;33.0;33.0;Irouléguy;MONTAGNE-BASQUE;IROULEGUY;2026-06-08;24.0;159.0;0.5;0.5;0.5;1.0;1.0;1.0;2.0;2.0;2.0;2.0;1.0;2.0;2.0;2.0;3.0;2026-06-07 22:00:00+00:00
43.168;-1.303;-01.303_43.168;33.0;33.0;Irouléguy;MONTAGNE-BASQUE;IROULEGUY;2026-06-09;24.0;160.0;3.3;3.3;3.3;1.0;1.0;1.0;2.0;2.0;2.0;1.0;2.0;1.0;3.0;1.0;2.0;2026-06-08 22:00:00+00:00
43.168;-1.303;-01.303_43.168;33.0;33.0;Irouléguy;MONTAGNE-BASQUE;IROULEGUY;2026-06-10;24.0;161.0;0.0;0.0;0.0;1.0;1.0;1.0;2.0;2.0;2.0;3.0;2.0;2.0;2.0;2.0;4.0;2026-06-09 22:00:00+00:00
43.168;-1.303;-01.303_43.168;33.0;33.0;Irouléguy;MONTAGNE-BASQUE;IROULEGUY;2026-06-11;24.0;162.0;0.0;0.0;0.0;1.0;1.0;1.0;2.0;2.0;2.0;1.0;2.0;1.0;2.0;3.0;1.0;2026-06-10 22:00:00+00:00
43.168;-1.303;-01.303_43.168;33.0;33.0;Irouléguy;MONTAGNE-BASQUE;IROULEGUY;2026-06-12;24.0;163.0;0.0;0.0;0.0;1.0;1.0;1.0;2.0;2.0;2.0;1.0;2.0;2.0;2.0;3.0;1.0;2026-06-11 22:00:00+00:00
43.168;-1.303;-01.303_43.168;33.0;33.0;Irouléguy;MONTAGNE-BASQUE;IROULEGUY;2026-06-13;24.0;164.0;0.0;0.0;0.0;1.0;1.0;1.0;2.0;2.0;2.0;1.0;3.0;2.0;3.0;1.0;2.0;2026-06-12 22:00:00+00:00
43.168;-1.303;-01.303_43.168;33.0;33.0;Irouléguy;MONTAGNE-BASQUE;IROULEGUY;2026-06-14;24.0;165.0;0.0;0.0;0.0;1.0;1.0;1.0;2.0;2.0;2.0;4.0;3.0;3.0;1.0;1.0;1.0;2026-06-13 22:00:00+00:00
43.168;-1.303;-01.303_43.168;33.0;33.0;Irouléguy;MONTAGNE-BASQUE;IROULEGUY;2026-06-15;25.0;166.0;0.0;0.0;0.0;1.0;1.0;1.0;2.0;2.0;2.0;3.0;1.0;1.0;2.0;1.0;3.0;2026-06-14 22:00:00+00:00
43.168;-1.303;-01.303_43.168;33.0;33.0;Irouléguy;MONTAGNE-BASQUE;IROULEGUY;2026-06-16;25.0;167.0;0.0;0.0;0.0;1.0;1.0;1.0;2.0;2.0;2.0;1.0;3.0;2.0;1.0;2.0;4.0;2026-06-15 22:00:00+00:00
43.168;-1.303;-01.303_43.168;33.0;33.0;Irouléguy;MONTAGNE-BASQUE;IROULEGUY;2026-06-17;25.0;168.0;0.0;0.0;0.0;1.0;1.0;1.0;2.0;2.0;2.0;4.0;3.0;1.0;2.0;1.0;1.0;2026-06-16 22:00:00+00:00
43.168;-1.303;-01.303_43.168;33.0;33.0;Irouléguy;MONTAGNE-BASQUE;IROULEGUY;2026-06-18;25.0;169.0;0.0;0.0;0.0;1.0;1.0;1.0;2.0;2.0;2.0;3.0;3.0;1.0;1.0;1.0;4.0;2026-06-17 22:00:00+00:00
43.168;-1.303;-01.303_43.168;33.0;33.0;Irouléguy;MONTAGNE-BASQUE;IROULEGUY;2026-06-19;25.0;170.0;1.1;1.1;1.1;1.0;1.0;1.0;2.0;2.0;2.0;2.0;1.0;2.0;3.0;1.0;1.0;2026-06-18 22:00:00+00:00
43.168;-1.303;-01.303_43.168;33.0;33.0;Irouléguy;MONTAGNE-BASQUE;IROULEGUY;2026-06-20;25.0;171.0;4.3;4.3;4.3;1.0;1.0;1.0;2.0;2.0;2.0;1.0;1.0;2.0;2.0;2.0;1.0;2026-06-19 22:00:00+00:00
43.168;-1.303;-01.303_43.168;33.0;33.0;Irouléguy;MONTAGNE-BASQUE;IROULEGUY;2026-06-21;25.0;172.0;0.0;0.0;0.0;1.0;1.0;1.0;2.0;2.0;2.0;2.0;1.0;1.0;2.0;2.0;2.0;2026-06-20 22:00:00+00:00
43.168;-1.303;-01.303_43.168;33.0;33.0;Irouléguy;MONTAGNE-BASQUE;IROULEGUY;2026-06-22;26.0;173.0;0.0;0.0;0.0;1.0;1.0;1.0;2.0;2.0;2.0;1.0;2.0;1.0;3.0;2.0;2.0;2026-06-21 22:00:00+00:00
43.168;-1.303;-01.303_43.168;33.0;33.0;Irouléguy;MONTAGNE-BASQUE;IROULEGUY;2026-06-23;26.0;174.0;0.0;0.0;0.0;1.0;1.0;1.0;1.0;1.0;1.0;1.0;2.0;2.0;2.0;1.0;3.0;2026-06-22 22:00:00+00:00
43.168;-1.303;-01.303_43.168;33.0;33.0;Irouléguy;MONTAGNE-BASQUE;IROULEGUY;2026-06-24;26.0;175.0;0.0;0.0;0.0;1.0;1.0;1.0;1.0;1.0;1.0;2.0;4.0;1.0;2.0;1.0;2.0;2026-06-23 22:00:00+00:00
43.168;-1.303;-01.303_43.168;33.0;33.0;Irouléguy;MONTAGNE-BASQUE;IROULEGUY;2026-06-25;26.0;176.0;0.1;0.1;0.1;1.0;1.0;1.0;1.0;1.0;1.0;1.0;1.0;3.0;1.0;2.0;1.0;2026-06-24 22:00:00+00:00
43.168;-1.303;-01.303_43.168;33.0;33.0;Irouléguy;MONTAGNE-BASQUE;IROULEGUY;2026-06-26;26.0;177.0;0.0;0.0;0.0;1.0;1.0;1.0;1.0;1.0;1.0;1.0;2.0;2.0;3.0;3.0;1.0;2026-06-25 22:00:00+00:00
43.168;-1.303;-01.303_43.168;33.0;33.0;Irouléguy;MONTAGNE-BASQUE;IROULEGUY;2026-06-27;26.0;178.0;4.6;4.6;4.6;1.0;1.0;1.0;1.0;1.0;1.0;1.0;3.0;4.0;1.0;4.0;3.0;2026-06-26 22:00:00+00:00
43.168;-1.303;-01.303_43.168;33.0;33.0;Irouléguy;MONTAGNE-BASQUE;IROULEGUY;2026-06-28;26.0;179.0;2.8000000000000003;2.8000000000000003;2.8000000000000003;1.0;1.0;1.0;1.0;1.0;1.0;3.0;1.0;1.0;1.0;2.0;1.0;2026-06-27 22:00:00+00:00
43.168;-1.303;-01.303_43.168;33.0;33.0;Irouléguy;MONTAGNE-BASQUE;IROULEGUY;2026-06-29;27.0;180.0;1.8;1.8;1.8;1.0;1.0;1.0;1.0;1.0;1.0;2.0;3.0;2.0;1.0;1.0;2.0;2026-06-28 22:00:00+00:00
43.168;-1.303;-01.303_43.168;33.0;33.0;Irouléguy;MONTAGNE-BASQUE;IROULEGUY;2026-06-30;27.0;181.0;0.0;0.0;0.0;1.0;1.0;1.0;1.0;1.0;1.0;2.0;1.0;1.0;2.0;2.0;1.0;2026-06-29 22:00:00+00:00
43.168;-1.303;-01.303_43.168;33.0;33.0;Irouléguy;MONTAGNE-BASQUE;IROULEGUY;2026-07-01;27.0;182.0;0.0;0.0;0.0;1.0;1.0;1.0;1.0;1.0;1.0;1.0;1.0;1.0;4.0;2.0;2.0;2026-06-30 22:00:00+00:00
43.168;-1.303;-01.303_43.168;33.0;33.0;Irouléguy;MONTAGNE-BASQUE;IROULEGUY;2026-07-02;27.0;183.0;0.0;0.0;0.0;1.0;1.0;1.0;1.0;1.0;1.0;2.0;1.0;1.0;1.0;3.0;1.0;2026-07-01 22:00:00+00:00
43.168;-1.303;-01.303_43.168;33.0;33.0;Irouléguy;MONTAGNE-BASQUE;IROULEGUY;2026-07-03;27.0;184.0;0.0;0.0;0.0;1.0;1.0;1.0;1.0;1.0;1.0;1.0;3.0;3.0;1.0;2.0;1.0;2026-07-02 22:00:00+00:00
43.168;-1.303;-01.303_43.168;33.0;33.0;Irouléguy;MONTAGNE-BASQUE;IROULEGUY;2026-07-04;27.0;185.0;0.0;0.0;0.0;1.0;1.0;1.0;1.0;1.0;1.0;2.0;1.0;1.0;1.0;1.0;2.0;2026-07-03 22:00:00+00:00
43.168;-1.303;-01.303_43.168;33.0;33.0;Irouléguy;MONTAGNE-BASQUE;IROULEGUY;2026-07-05;27.0;186.0;0.0;0.0;0.0;1.0;1.0;1.0;1.0;1.0;1.0;1.0;1.0;1.0;3.0;1.0;1.0;2026-07-04 22:00:00+00:00
43.168;-1.303;-01.303_43.168;33.0;33.0;Irouléguy;MONTAGNE-BASQUE;IROULEGUY;2026-07-06;28.0;187.0;0.0;0.0;0.0;1.0;1.0;1.0;1.0;1.0;1.0;3.0;2.0;2.0;1.0;4.0;1.0;2026-07-05 22:00:00+00:00
43.168;-1.303;-01.303_43.168;33.0;33.0;Irouléguy;MONTAGNE-BASQUE;IROULEGUY;2026-07-07;28.0;188.0;0.0;0.0;0.0;1.0;1.0;1.0;1.0;1.0;1.0;2.0;3.0;1.0;3.0;1.0;1.0;2026-07-06 22:00:00+00:00
43.168;-1.303;-01.303_43.168;33.0;33.0;Irouléguy;MONTAGNE-BASQUE;IROULEGUY;2026-07-08;28.0;189.0;0.0;0.0;0.0;1.0;1.0;1.0;1.0;1.0;1.0;1.0;1.0;1.0;1.0;1.0;2.0;2026-07-07 22:00:00+00:00
43.168;-1.303;-01.303_43.168;33.0;33.0;Irouléguy;MONTAGNE-BASQUE;IROULEGUY;2026-07-09;28.0;190.0;57.0;57.0;57.0;1.0;1.0;1.0;2.0;2.0;2.0;3.0;1.0;1.0;2.0;3.0;2.0;2026-07-08 22:00:00+00:00
43.168;-1.303;-01.303_43.168;33.0;33.0;Irouléguy;MONTAGNE-BASQUE;IROULEGUY;2026-07-10;28.0;191.0;2.6;2.6;2.6;1.0;1.0;1.0;1.0;1.0;1.0;2.0;1.0;1.0;4.0;1.0;3.0;2026-07-09 22:00:00+00:00
43.168;-1.303;-01.303_43.168;33.0;33.0;Irouléguy;MONTAGNE-BASQUE;IROULEGUY;2026-07-11;28.0;192.0;0.0;0.0;0.0;1.0;1.0;1.0;1.0;1.0;1.0;4.0;1.0;2.0;3.0;3.0;1.0;2026-07-10 22:00:00+00:00
43.168;-1.303;-01.303_43.168;33.0;33.0;Irouléguy;MONTAGNE-BASQUE;IROULEGUY;2026-07-12;28.0;193.0;0.0;0.0;0.0;1.0;1.0;1.0;1.0;1.0;1.0;1.0;1.0;2.0;1.0;1.0;2.0;2026-07-11 22:00:00+00:00
43.168;-1.303;-01.303_43.168;33.0;33.0;Irouléguy;MONTAGNE-BASQUE;IROULEGUY;2026-07-13;29.0;194.0;0.0;0.0;0.0;1.0;1.0;1.0;1.0;1.0;1.0;3.0;2.0;1.0;1.0;3.0;1.0;2026-07-12 22:00:00+00:00
43.168;-1.303;-01.303_43.168;33.0;33.0;Irouléguy;MONTAGNE-BASQUE;IROULEGUY;2026-07-14;29.0;195.0;0.0;0.0;0.0;1.0;1.0;1.0;1.0;1.0;1.0;3.0;3.0;1.0;1.0;1.0;4.0;2026-07-13 22:00:00+00:00
43.168;-1.303;-01.303_43.168;33.0;33.0;Irouléguy;MONTAGNE-BASQUE;IROULEGUY;2026-07-15;29.0;196.0;0.0;0.0;0.0;1.0;1.0;1.0;1.0;1.0;1.0;1.0;2.0;1.0;3.0;2.0;2.0;2026-07-14 22:00:00+00:00
43.168;-1.303;-01.303_43.168;33.0;33.0;Irouléguy;MONTAGNE-BASQUE;IROULEGUY;2026-07-16;29.0;197.0;4.3;4.3;4.3;1.0;1.0;1.0;1.0;1.0;1.0;1.0;2.0;4.0;3.0;2.0;3.0;2026-07-15 22:00:00+00:00
43.168;-1.303;-01.303_43.168;33.0;33.0;Irouléguy;MONTAGNE-BASQUE;IROULEGUY;2026-07-17;29.0;198.0;0.7;0.7;0.7;1.0;1.0;1.0;1.0;1.0;1.0;2.0;1.0;1.0;2.0;1.0;1.0;2026-07-16 22:00:00+00:00
43.168;-1.303;-01.303_43.168;33.0;33.0;Irouléguy;MONTAGNE-BASQUE;IROULEGUY;2026-07-18;29.0;199.0;0.0;0.0;0.0;1.0;1.0;1.0;1.0;1.0;1.0;2.0;1.0;3.0;1.0;1.0;1.0;2026-07-17 22:00:00+00:00
43.168;-1.303;-01.303_43.168;33.0;33.0;Irouléguy;MONTAGNE-BASQUE;IROULEGUY;2026-07-19;29.0;200.0;0.0;0.0;0.0;1.0;1.0;1.0;1.0;1.0;1.0;3.0;1.0;2.0;1.0;1.0;3.0;2026-07-18 22:00:00+00:00
43.168;-1.303;-01.303_43.168;33.0;33.0;Irouléguy;MONTAGNE-BASQUE;IROULEGUY;2026-07-20;30.0;201.0;0.0;0.0;0.0;1.0;1.0;1.0;1.0;1.0;1.0;2.0;1.0;3.0;1.0;2.0;2.0;2026-07-19 22:00:00+00:00
43.168;-1.303;-01.303_43.168;33.0;33.0;Irouléguy;MONTAGNE-BASQUE;IROULEGUY;2026-07-21;30.0;202.0;0.0;0.0;0.0;1.0;1.0;1.0;1.0;1.0;1.0;1.0;3.0;2.0;2.0;3.0;2.0;2026-07-20 22:00:00+00:00
43.168;-1.303;-01.303_43.168;33.0;33.0;Irouléguy;MONTAGNE-BASQUE;IROULEGUY;2026-07-22;30.0;203.0;0.0;0.0;0.0;1.0;1.0;1.0;1.0;1.0;1.0;2.0;1.0;1.0;4.0;2.0;1.0;2026-07-21 22:00:00+00:00
43.168;-1.303;-01.303_43.168;33.0;33.0;Irouléguy;MONTAGNE-BASQUE;IROULEGUY;2026-07-23;30.0;204.0;0.0;0.0;0.0;1.0;1.0;1.0;1.0;1.0;1.0;1.0;2.0;4.0;1.0;1.0;1.0;2026-07-22 22:00:00+00:00
43.168;-1.303;-01.303_43.168;33.0;33.0;Irouléguy;MONTAGNE-BASQUE;IROULEGUY;2026-07-24;30.0;205.0;0.0;0.0;0.0;1.0;1.0;1.0;1.0;1.0;1.0;2.0;1.0;1.0;1.0;1.0;1.0;2026-07-23 22:00:00+00:00
43.168;-1.303;-01.303_43.168;33.0;33.0;Irouléguy;MONTAGNE-BASQUE;IROULEGUY;2026-07-25;30.0;206.0;31.3;31.3;31.3;1.0;1.0;1.0;1.0;1.0;1.0;1.0;1.0;1.0;3.0;1.0;2.0;2026-07-24 22:00:00+00:00
43.168;-1.303;-01.303_43.168;33.0;33.0;Irouléguy;MONTAGNE-BASQUE;IROULEGUY;2026-07-26;30.0;207.0;1.2000000000000002;1.2000000000000002;1.2000000000000002;1.0;1.0;1.0;1.0;1.0;1.0;3.0;2.0;2.0;1.0;1.0;2.0;2026-07-25 22:00:00+00:00
43.168;-1.303;-01.303_43.168;33.0;33.0;Irouléguy;MONTAGNE-BASQUE;IROULEGUY;2026-07-27;31.0;208.0;0.5;0.5;0.5;1.0;1.0;1.0;1.0;1.0;1.0;2.0;2.0;1.0;3.0;3.0;1.0;2026-07-26 22:00:00+00:00
43.168;-1.303;-01.303_43.168;33.0;33.0;Irouléguy;MONTAGNE-BASQUE;IROULEGUY;2026-07-28;31.0;209.0;0.0;0.0;0.0;1.0;1.0;1.0;1.0;1.0;1.0;1.0;2.0;1.0;1.0;1.0;2.0;2026-07-27 22:00:00+00:00
43.168;-1.303;-01.303_43.168;33.0;33.0;Irouléguy;MONTAGNE-BASQUE;IROULEGUY;2026-07-29;31.0;210.0;0.0;0.0;0.0;1.0;1.0;1.0;1.0;1.0;1.0;2.0;2.0;1.0;1.0;2.0;2.0;2026-07-28 22:00:00+00:00
43.168;-1.303;-01.303_43.168;33.0;33.0;Irouléguy;MONTAGNE-BASQUE;IROULEGUY;2026-07-30;31.0;211.0;0.0;0.0;0.0;1.0;1.0;1.0;1.0;1.0;1.0;3.0;3.0;1.0;1.0;1.0;1.0;2026-07-29 22:00:00+00:00
43.168;-1.303;-01.303_43.168;33.0;33.0;Irouléguy;MONTAGNE-BASQUE;IROULEGUY;2026-07-31;31.0;212.0;0.3;0.3;0.3;1.0;1.0;1.0;1.0;1.0;1.0;2.0;2.0;3.0;2.0;1.0;1.0;2026-07-30 22:00:00+00:00
43.168;-1.303;-01.303_43.168;33.0;33.0;Irouléguy;MONTAGNE-BASQUE;IROULEGUY;2026-08-01;31.0;213.0;0.0;0.0;0.0;1.0;1.0;1.0;1.0;1.0;1.0;2.0;1.0;1.0;2.0;2.0;4.0;2026-07-31 22:00:00+00:00
43.168;-1.303;-01.303_43.168;33.0;33.0;Irouléguy;MONTAGNE-BASQUE;IROULEGUY;2026-08-02;31.0;214.0;0.0;0.0;0.0;1.0;1.0;1.0;1.0;1.0;1.0;1.0;1.0;3.0;1.0;3.0;1.0;2026-08-01 22:00:00+00:00
43.168;-1.303;-01.303_43.168;33.0;33.0;Irouléguy;MONTAGNE-BASQUE;IROULEGUY;2026-08-03;32.0;215.0;1.5;1.5;1.5;1.0;1.0;1.0;;;;2.0;4.0;2.0;2.0;1.0;2.0;2026-08-02 22:00:00+00:00
43.168;-1.303;-01.303_43.168;33.0;33.0;Irouléguy;MONTAGNE-BASQUE;IROULEGUY;2026-08-04;32.0;216.0;0.0;0.0;0.0;1.0;1.0;1.0;;;;2.0;2.0;4.0;1.0;2.0;1.0;2026-08-03 22:00:00+00:00
43.168;-1.303;-01.303_43.168;33.0;33.0;Irouléguy;MONTAGNE-BASQUE;IROULEGUY;2026-08-05;32.0;217.0;0.0;0.0;0.0;1.0;1.0;1.0;1.0;1.0;1.0;4.0;1.0;1.0;4.0;2.0;1.0;2026-08-04 22:00:00+00:00
43.168;-1.303;-01.303_43.168;33.0;33.0;Irouléguy;MONTAGNE-BASQUE;IROULEGUY;2026-08-06;32.0;218.0;0.0;0.0;0.0;1.0;1.0;1.0;1.0;1.0;1.0;1.0;1.0;4.0;2.0;4.0;1.0;2026-08-05 22:00:00+00:00
43.168;-1.303;-01.303_43.168;33.0;33.0;Irouléguy;MONTAGNE-BASQUE;IROULEGUY;2026-08-07;32.0;219.0;0.0;0.0;0.0;1.0;1.0;1.0;1.0;1.0;1.0;2.0;4.0;1.0;1.0;3.0;2.0;2026-08-06 22:00:00+00:00
43.168;-1.303;-01.303_43.168;33.0;33.0;Irouléguy;MONTAGNE-BASQUE;IROULEGUY;2026-08-08;32.0;220.0;7.3;7.3;7.3;1.0;1.0;1.0;1.0;1.0;1.0;2.0;1.0;2.0;2.0;1.0;1.0;2026-08-07 22:00:00+00:00
43.168;-1.303;-01.303_43.168;33.0;33.0;Irouléguy;MONTAGNE-BASQUE;IROULEGUY;2026-08-09;32.0;221.0;26.300000000000004;26.300000000000004;26.300000000000004;1.0;1.0;1.0;2.0;2.0;2.0;2.0;1.0;2.0;1.0;1.0;3.0;2026-08-08 22:00:00+00:00
43.168;-1.303;-01.303_43.168;33.0;33.0;Irouléguy;MONTAGNE-BASQUE;IROULEGUY;2026-08-10;33.0;222.0;0.0;0.0;0.0;1.0;1.0;1.0;;;;3.0;1.0;1.0;1.0;2.0;1.0;2026-08-09 22:00:00+00:00
43.168;-1.303;-01.303_43.168;33.0;33.0;Irouléguy;MONTAGNE-BASQUE;IROULEGUY;2026-08-11;33.0;223.0;0.0;0.0;0.0;1.0;1.0;1.0;2.0;2.0;2.0;1.0;2.0;2.0;1.0;2.0;1.0;2026-08-10 22:00:00+00:00
43.168;-1.303;-01.303_43.168;33.0;33.0;Irouléguy;MONTAGNE-BASQUE;IROULEGUY;2026-08-12;33.0;224.0;0.0;0.0;0.0;1.0;1.0;1.0;2.0;2.0;2.0;1.0;1.0;3.0;4.0;1.0;2.0;2026-08-11 22:00:00+00:00
43.168;-1.303;-01.303_43.168;33.0;33.0;Irouléguy;MONTAGNE-BASQUE;IROULEGUY;2026-08-13;33.0;225.0;0.0;0.0;0.0;1.0;1.0;1.0;2.0;2.0;2.0;3.0;3.0;1.0;1.0;1.0;1.0;2026-08-12 22:00:00+00:00
43.168;-1.303;-01.303_43.168;33.0;33.0;Irouléguy;MONTAGNE-BASQUE;IROULEGUY;2026-08-14;33.0;226.0;0.0;0.0;0.0;1.0;1.0;1.0;2.0;2.0;2.0;2.0;1.0;2.0;1.0;2.0;2.0;2026-08-13 22:00:00+00:00
43.168;-1.303;-01.303_43.168;33.0;33.0;Irouléguy;MONTAGNE-BASQUE;IROULEGUY;2026-08-15;33.0;227.0;0.0;0.0;0.0;1.0;1.0;1.0;;;;1.0;2.0;4.0;4.0;1.0;2.0;2026-08-14 22:00:00+00:00
43.168;-1.303;-01.303_43.168;33.0;33.0;Irouléguy;MONTAGNE-BASQUE;IROULEGUY;2026-08-16;33.0;228.0;0.5;0.5;0.5;1.0;1.0;1.0;;;;4.0;2.0;1.0;2.0;2.0;3.0;2026-08-15 22:00:00+00:00
43.168;-1.303;-01.303_43.168;33.0;33.0;Irouléguy;MONTAGNE-BASQUE;IROULEGUY;2026-08-17;34.0;229.0;0.0;0.0;0.0;1.0;1.0;1.0;2.0;2.0;2.0;2.0;1.0;1.0;1.0;2.0;1.0;2026-08-16 22:00:00+00:00
43.168;-1.303;-01.303_43.168;33.0;33.0;Irouléguy;MONTAGNE-BASQUE;IROULEGUY;2026-08-18;34.0;230.0;0.0;0.0;0.0;1.0;1.0;1.0;2.0;2.0;2.0;1.0;1.0;1.0;3.0;1.0;1.0;2026-08-17 22:00:00+00:00
43.168;-1.303;-01.303_43.168;33.0;33.0;Irouléguy;MONTAGNE-BASQUE;IROULEGUY;2026-08-19;34.0;231.0;0.0;0.0;0.0;1.0;1.0;1.0;;;;2.0;1.0;1.0;1.0;2.0;2.0;2026-08-18 22:00:00+00:00
43.168;-1.303;-01.303_43.168;33.0;33.0;Irouléguy;MONTAGNE-BASQUE;IROULEGUY;2026-08-20;34.0;232.0;2.2;2.2;2.2;1.0;1.0;1.0;2.0;2.0;2.0;1.0;1.0;1.0;1.0;1.0;2.0;2026-08-19 22:00:00+00:00
43.168;-1.303;-01.303_43.168;33.0;33.0;Irouléguy;MONTAGNE-BASQUE;IROULEGUY;2026-08-21;34.0;233.0;2.4;2.4;2.4;1.0;1.0;1.0;2.0;2.0;2.0;1.0;3.0;1.0;3.0;1.0;2.0;2026-08-20 22:00:00+00:00
43.168;-1.303;-01.303_43.168;33.0;33.0;Irouléguy;MONTAGNE-BASQUE;IROULEGUY;2026-08-22;34.0;234.0;0.0;0.0;0.0;1.0;1.0;1.0;2.0;2.0;2.0;1.0;1.0;1.0;2.0;3.0;1.0;2026-08-21 22:00:00+00:00
43.168;-1.303;-01.303_43.168;33.0;33.0;Irouléguy;MONTAGNE-BASQUE;IROULEGUY;2026-08-23;34.0;235.0;5.9;5.9;5.9;1.0;1.0;1.0;2.0;2.0;2.0;2.0;2.0;2.0;1.0;1.0;2.0;2026-08-22 22:00:00+00:00
43.168;-1.303;-01.303_43.168;33.0;33.0;Irouléguy;MONTAGNE-BASQUE;IROULEGUY;2026-08-24;35.0;236.0;0.1;0.1;0.1;1.0;1.0;1.0;;;;1.0;1.0;2.0;1.0;1.0;2.0;2026-08-23 22:00:00+00:00
43.192;-1.339;-01.339_43.192;33.0;33.0;Irouléguy;MONTAGNE-BASQUE;SAINT-ETIENNE-DE-BAIGORRY;2026-01-01;1.0;1.0;0.0;0.0;0.0;1.0;1.0;1.0;;;;1.0;2.0;4.0;1.0;2.0;1.0;2025-12-31 23:00:00+00:00
43.192;-1.339;-01.339_43.192;33.0;33.0;Irouléguy;MONTAGNE-BASQUE;SAINT-ETIENNE-DE-BAIGORRY;2026-01-02;1.0;2.0;0.5;0.5;0.5;1.0;1.0;1.0;;;;3.0;2.0;2.0;1.0;3.0;2.0;2026-01-01 23:00:00+00:00
43.192;-1.339;-01.339_43.192;33.0;33.0;Irouléguy;MONTAGNE-BASQUE;SAINT-ETIENNE-DE-BAIGORRY;2026-01-03;1.0;3.0;5.0;5.0;5.0;1.0;1.0;1.0;;;;3.0;3.0;2.0;2.0;1.0;1.0;2026-01-02 23:00:00+00:00
43.192;-1.339;-01.339_43.192;33.0;33.0;Irouléguy;MONTAGNE-BASQUE;SAINT-ETIENNE-DE-BAIGORRY;2026-01-04;1.0;4.0;0.0;0.0;0.0;1.0;1.0;1.0;;;;1.0;1.0;1.0;2.0;1.0;4.0;2026-01-03 23:00:00+00:00
43.192;-1.339;-01.339_43.192;33.0;33.0;Irouléguy;MONTAGNE-BASQUE;SAINT-ETIENNE-DE-BAIGORRY;2026-01-05;2.0;5.0;0.0;0.0;0.0;1.0;1.0;1.0;;;;3.0;3.0;1.0;1.0;1.0;2.0;2026-01-04 23:00:00+00:00
43.192;-1.339;-01.339_43.192;33.0;33.0;Irouléguy;MONTAGNE-BASQUE;SAINT-ETIENNE-DE-BAIGORRY;2026-01-06;2.0;6.0;3.1;3.1;3.1;1.0;1.0;1.0;;;;3.0;3.0;1.0;1.0;1.0;2.0;2026-01-05 23:00:00+00:00
43.192;-1.339;-01.339_43.192;33.0;33.0;Irouléguy;MONTAGNE-BASQUE;SAINT-ETIENNE-DE-BAIGORRY;2026-01-07;2.0;7.0;11.9;11.9;11.9;1.0;1.0;1.0;;;;1.0;1.0;2.0;2.0;2.0;2.0;2026-01-06 23:00:00+00:00
43.192;-1.339;-01.339_43.192;33.0;33.0;Irouléguy;MONTAGNE-BASQUE;SAINT-ETIENNE-DE-BAIGORRY;2026-01-08;2.0;8.0;5.1000000000000005;5.1000000000000005;5.1000000000000005;1.0;1.0;1.0;;;;1.0;1.0;3.0;2.0;1.0;2.0;2026-01-07 23:00:00+00:00
43.192;-1.339;-01.339_43.192;33.0;33.0;Irouléguy;MONTAGNE-BASQUE;SAINT-ETIENNE-DE-BAIGORRY;2026-01-09;2.0;9.0;31.8;31.8;31.8;1.0;1.0;1.0;;;;1.0;2.0;1.0;1.0;2.0;2.0;2026-01-08 23:00:00+00:00
43.192;-1.339;-01.339_43.192;33.0;33.0;Irouléguy;MONTAGNE-BASQUE;SAINT-ETIENNE-DE-BAIGORRY;2026-01-10;2.0;10.0;22.0;22.0;22.0;1.0;1.0;1.0;;;;2.0;2.0;2.0;1.0;3.0;1.0;2026-01-09 23:00:00+00:00
43.192;-1.339;-01.339_43.192;33.0;33.0;Irouléguy;MONTAGNE-BASQUE;SAINT-ETIENNE-DE-BAIGORRY;2026-01-11;2.0;11.0;0.1;0.1;0.1;1.0;1.0;1.0;;;;4.0;2.0;1.0;2.0;4.0;2.0;2026-01-10 23:00:00+00:00
43.192;-1.339;-01.339_43.192;33.0;33.0;Irouléguy;MONTAGNE-BASQUE;SAINT-ETIENNE-DE-BAIGORRY;2026-01-12;3.0;12.0;0.0;0.0;0.0;1.0;1.0;1.0;;;;1.0;3.0;3.0;2.0;1.0;1.0;2026-01-11 23:00:00+00:00
43.192;-1.339;-01.339_43.192;33.0;33.0;Irouléguy;MONTAGNE-BASQUE;SAINT-ETIENNE-DE-BAIGORRY;2026-01-13;3.0;13.0;0.0;0.0;0.0;1.0;1.0;1.0;;;;2.0;2.0;1.0;1.0;1.0;1.0;2026-01-12 23:00:00+00:00
43.192;-1.339;-01.339_43.192;33.0;33.0;Irouléguy;MONTAGNE-BASQUE;SAINT-ETIENNE-DE-BAIGORRY;2026-01-14;3.0;14.0;0.1;0.1;0.1;1.0;1.0;1.0;;;;1.0;1.0;1.0;3.0;1.0;2.0;2026-01-13 23:00:00+00:00
43.192;-1.339;-01.339_43.192;33.0;33.0;Irouléguy;MONTAGNE-BASQUE;SAINT-ETIENNE-DE-BAIGORRY;2026-01-15;3.0;15.0;1.8;1.8;1.8;1.0;1.0;1.0;;;;1.0;1.0;4.0;1.0;1.0;1.0;2026-01-14 23:00:00+00:00
43.192;-1.339;-01.339_43.192;33.0;33.0;Irouléguy;MONTAGNE-BASQUE;SAINT-ETIENNE-DE-BAIGORRY;2026-01-16;3.0;16.0;1.9;1.9;1.9;1.0;1.0;1.0;;;;3.0;1.0;3.0;3.0;1.0;2.0;2026-01-15 23:00:00+00:00
43.192;-1.339;-01.339_43.192;33.0;33.0;Irouléguy;MONTAGNE-BASQUE;SAINT-ETIENNE-DE-BAIGORRY;2026-01-17;3.0;17.0;6.4;6.4;6.4;1.0;1.0;1.0;;;;3.0;4.0;2.0;1.0;2.0;1.0;2026-01-16 23:00:00+00:00
43.192;-1.339;-01.339_43.192;33.0;33.0;Irouléguy;MONTAGNE-BASQUE;SAINT-ETIENNE-DE-BAIGORRY;2026-01-18;3.0;18.0;4.1;4.1;4.1;1.0;1.0;1.0;;;;1.0;3.0;1.0;2.0;3.0;2.0;2026-01-17 23:00:00+00:00
43.192;-1.339;-01.339_43.192;33.0;33.0;Irouléguy;MONTAGNE-BASQUE;SAINT-ETIENNE-DE-BAIGORRY;2026-01-19;4.0;19.0;1.0;1.0;1.0;1.0;1.0;1.0;;;;2.0;2.0;3.0;1.0;1.0;1.0;2026-01-18 23:00:00+00:00
43.192;-1.339;-01.339_43.192;33.0;33.0;Irouléguy;MONTAGNE-BASQUE;SAINT-ETIENNE-DE-BAIGORRY;2026-01-20;4.0;20.0;0.1;0.1;0.1;1.0;1.0;1.0;;;;1.0;1.0;1.0;1.0;2.0;3.0;2026-01-19 23:00:00+00:00
43.192;-1.339;-01.339_43.192;33.0;33.0;Irouléguy;MONTAGNE-BASQUE;SAINT-ETIENNE-DE-BAIGORRY;2026-01-21;4.0;21.0;5.9;5.9;5.9;1.0;1.0;1.0;;;;2.0;4.0;2.0;3.0;3.0;2.0;2026-01-20 23:00:00+00:00
43.192;-1.339;-01.339_43.192;33.0;33.0;Irouléguy;MONTAGNE-BASQUE;SAINT-ETIENNE-DE-BAIGORRY;2026-01-22;4.0;22.0;3.7;3.7;3.7;1.0;1.0;1.0;;;;1.0;1.0;3.0;4.0;3.0;2.0;2026-01-21 23:00:00+00:00
43.192;-1.339;-01.339_43.192;33.0;33.0;Irouléguy;MONTAGNE-BASQUE;SAINT-ETIENNE-DE-BAIGORRY;2026-01-23;4.0;23.0;0.4;0.4;0.4;1.0;1.0;1.0;;;;1.0;1.0;1.0;2.0;3.0;1.0;2026-01-22 23:00:00+00:00
43.192;-1.339;-01.339_43.192;33.0;33.0;Irouléguy;MONTAGNE-BASQUE;SAINT-ETIENNE-DE-BAIGORRY;2026-01-24;4.0;24.0;12.2;12.2;12.2;1.0;1.0;1.0;;;;3.0;1.0;4.0;1.0;3.0;2.0;2026-01-23 23:00:00+00:00
43.192;-1.339;-01.339_43.192;33.0;33.0;Irouléguy;MONTAGNE-BASQUE;SAINT-ETIENNE-DE-BAIGORRY;2026-01-25;4.0;25.0;17.8;17.8;17.8;1.0;1.0;1.0;;;;1.0;1.0;4.0;4.0;4.0;2.0;2026-01-24 23:00:00+00:00
43.192;-1.339;-01.339_43.192;33.0;33.0;Irouléguy;MONTAGNE-BASQUE;SAINT-ETIENNE-DE-BAIGORRY;2026-01-26;5.0;26.0;25.5;25.5;25.5;1.0;1.0;1.0;;;;1.0;2.0;2.0;1.0;3.0;3.0;2026-01-25 23:00:00+00:00
43.192;-1.339;-01.339_43.192;33.0;33.0;Irouléguy;MONTAGNE-BASQUE;SAINT-ETIENNE-DE-BAIGORRY;2026-01-27;5.0;27.0;8.6;8.6;8.6;1.0;1.0;1.0;;;;1.0;2.0;4.0;3.0;1.0;2.0;2026-01-26 23:00:00+00:00
43.192;-1.339;-01.339_43.192;33.0;33.0;Irouléguy;MONTAGNE-BASQUE;SAINT-ETIENNE-DE-BAIGORRY;2026-01-28;5.0;28.0;0.4;0.4;0.4;1.0;1.0;1.0;;;;1.0;1.0;1.0;1.0;1.0;2.0;2026-01-27 23:00:00+00:00
43.192;-1.339;-01.339_43.192;33.0;33.0;Irouléguy;MONTAGNE-BASQUE;SAINT-ETIENNE-DE-BAIGORRY;2026-01-29;5.0;29.0;8.8;8.8;8.8;1.0;1.0;1.0;;;;1.0;1.0;3.0;2.0;1.0;1.0;2026-01-28 23:00:00+00:00
43.192;-1.339;-01.339_43.192;33.0;33.0;Irouléguy;MONTAGNE-BASQUE;SAINT-ETIENNE-DE-BAIGORRY;2026-01-30;5.0;30.0;2.4;2.4;2.4;1.0;1.0;1.0;;;;3.0;1.0;1.0;1.0;2.0;1.0;2026-01-29 23:00:00+00:00
43.192;-1.339;-01.339_43.192;33.0;33.0;Irouléguy;MONTAGNE-BASQUE;SAINT-ETIENNE-DE-BAIGORRY;2026-01-31;5.0;31.0;39.9;39.9;39.9;1.0;1.0;1.0;;;;2.0;1.0;1.0;4.0;1.0;1.0;2026-01-30 23:00:00+00:00
43.192;-1.339;-01.339_43.192;33.0;33.0;Irouléguy;MONTAGNE-BASQUE;SAINT-ETIENNE-DE-BAIGORRY;2026-02-01;5.0;32.0;0.2;0.2;0.2;1.0;1.0;1.0;;;;1.0;2.0;1.0;1.0;1.0;1.0;2026-01-31 23:00:00+00:00
43.192;-1.339;-01.339_43.192;33.0;33.0;Irouléguy;MONTAGNE-BASQUE;SAINT-ETIENNE-DE-BAIGORRY;2026-02-02;6.0;33.0;1.7000000000000002;1.7000000000000002;1.7000000000000002;1.0;1.0;1.0;;;;1.0;1.0;2.0;1.0;3.0;2.0;2026-02-01 23:00:00+00:00
43.192;-1.339;-01.339_43.192;33.0;33.0;Irouléguy;MONTAGNE-BASQUE;SAINT-ETIENNE-DE-BAIGORRY;2026-02-03;6.0;34.0;0.0;0.0;0.0;1.0;1.0;1.0;;;;3.0;1.0;2.0;1.0;1.0;1.0;2026-02-02 23:00:00+00:00
43.192;-1.339;-01.339_43.192;33.0;33.0;Irouléguy;MONTAGNE-BASQUE;SAINT-ETIENNE-DE-BAIGORRY;2026-02-04;6.0;35.0;0.7000000000000001;0.7000000000000001;0.7000000000000001;1.0;1.0;1.0;;;;1.0;3.0;4.0;2.0;3.0;1.0;2026-02-03 23:00:00+00:00
43.192;-1.339;-01.339_43.192;33.0;33.0;Irouléguy;MONTAGNE-BASQUE;SAINT-ETIENNE-DE-BAIGORRY;2026-02-05;6.0;36.0;4.5;4.5;4.5;1.0;1.0;1.0;;;;1.0;1.0;1.0;3.0;2.0;2.0;2026-02-04 23:00:00+00:00
43.192;-1.339;-01.339_43.192;33.0;33.0;Irouléguy;MONTAGNE-BASQUE;SAINT-ETIENNE-DE-BAIGORRY;2026-02-06;6.0;37.0;1.8;1.8;1.8;1.0;1.0;1.0;;;;1.0;2.0;1.0;1.0;1.0;1.0;2026-02-05 23:00:00+00:00
43.192;-1.339;-01.339_43.192;33.0;33.0;Irouléguy;MONTAGNE-BASQUE;SAINT-ETIENNE-DE-BAIGORRY;2026-02-07;6.0;38.0;0.4;0.4;0.4;1.0;1.0;1.0;;;;2.0;3.0;1.0;2.0;1.0;1.0;2026-02-06 23:00:00+00:00
43.192;-1.339;-01.339_43.192;33.0;33.0;Irouléguy;MONTAGNE-BASQUE;SAINT-ETIENNE-DE-BAIGORRY;2026-02-08;6.0;39.0;9.9;9.9;9.9;1.0;1.0;1.0;;;;2.0;2.0;2.0;2.0;1.0;3.0;2026-02-07 23:00:00+00:00
43.192;-1.339;-01.339_43.192;33.0;33.0;Irouléguy;MONTAGNE-BASQUE;SAINT-ETIENNE-DE-BAIGORRY;2026-02-09;7.0;40.0;16.7;16.7;16.7;1.0;1.0;1.0;;;;1.0;2.0;2.0;1.0;1.0;4.0;2026-02-08 23:00:00+00:00
43.192;-1.339;-01.339_43.192;33.0;33.0;Irouléguy;MONTAGNE-BASQUE;SAINT-ETIENNE-DE-BAIGORRY;2026-02-10;7.0;41.0;61.8;61.8;61.8;1.0;1.0;1.0;;;;1.0;2.0;1.0;1.0;2.0;1.0;2026-02-09 23:00:00+00:00
43.192;-1.339;-01.339_43.192;33.0;33.0;Irouléguy;MONTAGNE-BASQUE;SAINT-ETIENNE-DE-BAIGORRY;2026-02-11;7.0;42.0;14.3;14.3;14.3;1.0;1.0;1.0;;;;2.0;2.0;3.0;3.0;3.0;2.0;2026-02-10 23:00:00+00:00
43.192;-1.339;-01.339_43.192;33.0;33.0;Irouléguy;MONTAGNE-BASQUE;SAINT-ETIENNE-DE-BAIGORRY;2026-02-12;7.0;43.0;0.1;0.1;0.1;1.0;1.0;1.0;;;;2.0;1.0;3.0;2.0;1.0;2.0;2026-02-11 23:00:00+00:00
43.192;-1.339;-01.339_43.192;33.0;33.0;Irouléguy;MONTAGNE-BASQUE;SAINT-ETIENNE-DE-BAIGORRY;2026-02-13;7.0;44.0;29.0;29.0;29.0;1.0;1.0;1.0;;;;1.0;3.0;1.0;1.0;1.0;1.0;2026-02-12 23:00:00+00:00
43.192;-1.339;-01.339_43.192;33.0;33.0;Irouléguy;MONTAGNE-BASQUE;SAINT-ETIENNE-DE-BAIGORRY;2026-02-14;7.0;45.0;30.9;30.9;30.9;1.0;1.0;1.0;;;;1.0;1.0;1.0;1.0;1.0;2.0;2026-02-13 23:00:00+00:00
43.192;-1.339;-01.339_43.192;33.0;33.0;Irouléguy;MONTAGNE-BASQUE;SAINT-ETIENNE-DE-BAIGORRY;2026-02-15;7.0;46.0;3.8;3.8;3.8;1.0;1.0;1.0;;;;1.0;1.0;2.0;2.0;1.0;3.0;2026-02-14 23:00:00+00:00
43.192;-1.339;-01.339_43.192;33.0;33.0;Irouléguy;MONTAGNE-BASQUE;SAINT-ETIENNE-DE-BAIGORRY;2026-02-16;8.0;47.0;47.0;47.0;47.0;1.0;1.0;1.0;;;;3.0;2.0;2.0;1.0;2.0;3.0;2026-02-15 23:00:00+00:00
43.192;-1.339;-01.339_43.192;33.0;33.0;Irouléguy;MONTAGNE-BASQUE;SAINT-ETIENNE-DE-BAIGORRY;2026-02-17;8.0;48.0;0.6;0.6;0.6;1.0;1.0;1.0;;;;1.0;4.0;2.0;2.0;1.0;1.0;2026-02-16 23:00:00+00:00
43.192;-1.339;-01.339_43.192;33.0;33.0;Irouléguy;MONTAGNE-BASQUE;SAINT-ETIENNE-DE-BAIGORRY;2026-02-18;8.0;49.0;13.6;13.6;13.6;1.0;1.0;1.0;;;;2.0;1.0;2.0;4.0;3.0;3.0;2026-02-17 23:00:00+00:00
43.192;-1.339;-01.339_43.192;33.0;33.0;Irouléguy;MONTAGNE-BASQUE;SAINT-ETIENNE-DE-BAIGORRY;2026-02-19;8.0;50.0;16.4;16.4;16.4;1.0;1.0;1.0;;;;1.0;2.0;4.0;1.0;1.0;1.0;2026-02-18 23:00:00+00:00
43.192;-1.339;-01.339_43.192;33.0;33.0;Irouléguy;MONTAGNE-BASQUE;SAINT-ETIENNE-DE-BAIGORRY;2026-02-20;8.0;51.0;4.2;4.2;4.2;1.0;1.0;1.0;;;;4.0;2.0;1.0;2.0;1.0;3.0;2026-02-19 23:00:00+00:00
43.192;-1.339;-01.339_43.192;33.0;33.0;Irouléguy;MONTAGNE-BASQUE;SAINT-ETIENNE-DE-BAIGORRY;2026-02-21;8.0;52.0;0.0;0.0;0.0;1.0;1.0;1.0;;;;1.0;1.0;1.0;2.0;1.0;1.0;2026-02-20 23:00:00+00:00
43.192;-1.339;-01.339_43.192;33.0;33.0;Irouléguy;MONTAGNE-BASQUE;SAINT-ETIENNE-DE-BAIGORRY;2026-02-22;8.0;53.0;0.0;0.0;0.0;1.0;1.0;1.0;;;;3.0;1.0;2.0;1.0;2.0;4.0;2026-02-21 23:00:00+00:00
43.192;-1.339;-01.339_43.192;33.0;33.0;Irouléguy;MONTAGNE-BASQUE;SAINT-ETIENNE-DE-BAIGORRY;2026-02-23;9.0;54.0;0.0;0.0;0.0;1.0;1.0;1.0;;;;2.0;3.0;2.0;1.0;2.0;2.0;2026-02-22 23:00:00+00:00
43.192;-1.339;-01.339_43.192;33.0;33.0;Irouléguy;MONTAGNE-BASQUE;SAINT-ETIENNE-DE-BAIGORRY;2026-02-24;9.0;55.0;0.0;0.0;0.0;1.0;1.0;1.0;;;;2.0;1.0;2.0;3.0;2.0;4.0;2026-02-23 23:00:00+00:00
43.192;-1.339;-01.339_43.192;33.0;33.0;Irouléguy;MONTAGNE-BASQUE;SAINT-ETIENNE-DE-BAIGORRY;2026-02-25;9.0;56.0;0.0;0.0;0.0;1.0;1.0;1.0;;;;3.0;1.0;2.0;2.0;2.0;1.0;2026-02-24 23:00:00+00:00
43.192;-1.339;-01.339_43.192;33.0;33.0;Irouléguy;MONTAGNE-BASQUE;SAINT-ETIENNE-DE-BAIGORRY;2026-02-26;9.0;57.0;0.0;0.0;0.0;1.0;1.0;1.0;;;;2.0;1.0;2.0;1.0;2.0;1.0;2026-02-25 23:00:00+00:00
43.192;-1.339;-01.339_43.192;33.0;33.0;Irouléguy;MONTAGNE-BASQUE;SAINT-ETIENNE-DE-BAIGORRY;2026-02-27;9.0;58.0;0.1;0.1;0.1;1.0;1.0;1.0;;;;1.0;4.0;1.0;1.0;1.0;2.0;2026-02-26 23:00:00+00:00
43.192;-1.339;-01.339_43.192;33.0;33.0;Irouléguy;MONTAGNE-BASQUE;SAINT-ETIENNE-DE-BAIGORRY;2026-02-28;9.0;59.0;1.3;1.3;1.3;1.0;1.0;1.0;;;;4.0;1.0;3.0;1.0;1.0;2.0;2026-02-27 23:00:00+00:00
43.192;-1.339;-01.339_43.192;33.0;33.0;Irouléguy;MONTAGNE-BASQUE;SAINT-ETIENNE-DE-BAIGORRY;2026-03-01;9.0;60.0;0.0;0.0;0.0;1.0;1.0;1.0;;;;1.0;1.0;2.0;3.0;2.0;1.0;2026-02-28 23:00:00+00:00
43.192;-1.339;-01.339_43.192;33.0;33.0;Irouléguy;MONTAGNE-BASQUE;SAINT-ETIENNE-DE-BAIGORRY;2026-03-02;10.0;61.0;0.4;0.4;0.4;1.0;1.0;1.0;;;;1.0;1.0;1.0;1.0;1.0;2.0;2026-03-01 23:00:00+00:00
43.192;-1.339;-01.339_43.192;33.0;33.0;Irouléguy;MONTAGNE-BASQUE;SAINT-ETIENNE-DE-BAIGORRY;2026-03-03;10.0;62.0;0.0;0.0;0.0;1.0;1.0;1.0;;;;3.0;2.0;2.0;1.0;1.0;2.0;2026-03-02 23:00:00+00:00
43.192;-1.339;-01.339_43.192;33.0;33.0;Irouléguy;MONTAGNE-BASQUE;SAINT-ETIENNE-DE-BAIGORRY;2026-03-04;10.0;63.0;0.0;0.0;0.0;1.0;1.0;1.0;;;;1.0;2.0;3.0;1.0;2.0;1.0;2026-03-03 23:00:00+00:00
43.192;-1.339;-01.339_43.192;33.0;33.0;Irouléguy;MONTAGNE-BASQUE;SAINT-ETIENNE-DE-BAIGORRY;2026-03-05;10.0;64.0;10.4;10.4;10.4;1.0;1.0;1.0;;;;2.0;1.0;1.0;1.0;1.0;2.0;2026-03-04 23:00:00+00:00
43.192;-1.339;-01.339_43.192;33.0;33.0;Irouléguy;MONTAGNE-BASQUE;SAINT-ETIENNE-DE-BAIGORRY;2026-03-06;10.0;65.0;6.9;6.9;6.9;1.0;1.0;1.0;;;;1.0;1.0;3.0;1.0;2.0;1.0;2026-03-05 23:00:00+00:00
43.192;-1.339;-01.339_43.192;33.0;33.0;Irouléguy;MONTAGNE-BASQUE;SAINT-ETIENNE-DE-BAIGORRY;2026-03-07;10.0;66.0;0.7000000000000001;0.7000000000000001;0.7000000000000001;1.0;1.0;1.0;;;;2.0;1.0;1.0;3.0;2.0;1.0;2026-03-06 23:00:00+00:00
43.192;-1.339;-01.339_43.192;33.0;33.0;Irouléguy;MONTAGNE-BASQUE;SAINT-ETIENNE-DE-BAIGORRY;2026-03-08;10.0;67.0;3.2;3.2;3.2;1.0;1.0;1.0;;;;1.0;1.0;1.0;2.0;1.0;1.0;2026-03-07 23:00:00+00:00
43.192;-1.339;-01.339_43.192;33.0;33.0;Irouléguy;MONTAGNE-BASQUE;SAINT-ETIENNE-DE-BAIGORRY;2026-03-09;11.0;68.0;1.5;1.5;1.5;1.0;1.0;1.0;;;;3.0;1.0;3.0;2.0;1.0;1.0;2026-03-08 23:00:00+00:00
43.192;-1.339;-01.339_43.192;33.0;33.0;Irouléguy;MONTAGNE-BASQUE;SAINT-ETIENNE-DE-BAIGORRY;2026-03-10;11.0;69.0;0.0;0.0;0.0;1.0;1.0;1.0;;;;3.0;1.0;2.0;3.0;1.0;2.0;2026-03-09 23:00:00+00:00
43.192;-1.339;-01.339_43.192;33.0;33.0;Irouléguy;MONTAGNE-BASQUE;SAINT-ETIENNE-DE-BAIGORRY;2026-03-11;11.0;70.0;2.3;2.3;2.3;1.0;1.0;1.0;;;;1.0;1.0;1.0;1.0;1.0;3.0;2026-03-10 23:00:00+00:00
43.192;-1.339;-01.339_43.192;33.0;33.0;Irouléguy;MONTAGNE-BASQUE;SAINT-ETIENNE-DE-BAIGORRY;2026-03-12;11.0;71.0;0.0;0.0;0.0;1.0;1.0;1.0;;;;2.0;2.0;1.0;2.0;1.0;4.0;2026-03-11 23:00:00+00:00
43.192;-1.339;-01.339_43.192;33.0;33.0;Irouléguy;MONTAGNE-BASQUE;SAINT-ETIENNE-DE-BAIGORRY;2026-03-13;11.0;72.0;4.9;4.9;4.9;1.0;1.0;1.0;;;;1.0;2.0;2.0;2.0;2.0;2.0;2026-03-12 23:00:00+00:00
43.192;-1.339;-01.339_43.192;33.0;33.0;Irouléguy;MONTAGNE-BASQUE;SAINT-ETIENNE-DE-BAIGORRY;2026-03-14;11.0;73.0;31.4;31.4;31.4;1.0;1.0;1.0;;;;1.0;1.0;2.0;3.0;2.0;2.0;2026-03-13 23:00:00+00:00
43.192;-1.339;-01.339_43.192;33.0;33.0;Irouléguy;MONTAGNE-BASQUE;SAINT-ETIENNE-DE-BAIGORRY;2026-03-15;11.0;74.0;7.3;7.3;7.3;1.0;1.0;1.0;;;;2.0;1.0;4.0;2.0;2.0;1.0;2026-03-14 23:00:00+00:00
43.192;-1.339;-01.339_43.192;33.0;33.0;Irouléguy;MONTAGNE-BASQUE;SAINT-ETIENNE-DE-BAIGORRY;2026-03-16;12.0;75.0;0.0;0.0;0.0;1.0;1.0;1.0;;;;2.0;2.0;1.0;1.0;3.0;1.0;2026-03-15 23:00:00+00:00
43.192;-1.339;-01.339_43.192;33.0;33.0;Irouléguy;MONTAGNE-BASQUE;SAINT-ETIENNE-DE-BAIGORRY;2026-03-17;12.0;76.0;0.0;0.0;0.0;1.0;1.0;1.0;;;;2.0;1.0;1.0;2.0;3.0;1.0;2026-03-16 23:00:00+00:00
43.192;-1.339;-01.339_43.192;33.0;33.0;Irouléguy;MONTAGNE-BASQUE;SAINT-ETIENNE-DE-BAIGORRY;2026-03-18;12.0;77.0;0.0;0.0;0.0;1.0;1.0;1.0;;;;2.0;2.0;1.0;4.0;1.0;1.0;2026-03-17 23:00:00+00:00
43.192;-1.339;-01.339_43.192;33.0;33.0;Irouléguy;MONTAGNE-BASQUE;SAINT-ETIENNE-DE-BAIGORRY;2026-03-19;12.0;78.0;0.0;0.0;0.0;1.0;1.0;1.0;;;;3.0;2.0;2.0;1.0;1.0;2.0;2026-03-18 23:00:00+00:00
43.192;-1.339;-01.339_43.192;33.0;33.0;Irouléguy;MONTAGNE-BASQUE;SAINT-ETIENNE-DE-BAIGORRY;2026-03-20;12.0;79.0;0.0;0.0;0.0;1.0;1.0;1.0;;;;2.0;1.0;2.0;1.0;2.0;1.0;2026-03-19 23:00:00+00:00
43.192;-1.339;-01.339_43.192;33.0;33.0;Irouléguy;MONTAGNE-BASQUE;SAINT-ETIENNE-DE-BAIGORRY;2026-03-21;12.0;80.0;0.0;0.0;0.0;1.0;1.0;1.0;;;;1.0;3.0;2.0;1.0;1.0;1.0;2026-03-20 23:00:00+00:00
43.192;-1.339;-01.339_43.192;33.0;33.0;Irouléguy;MONTAGNE-BASQUE;SAINT-ETIENNE-DE-BAIGORRY;2026-03-22;12.0;81.0;0.0;0.0;0.0;1.0;1.0;1.0;;;;1.0;1.0;1.0;1.0;2.0;2.0;2026-03-21 23:00:00+00:00
43.192;-1.339;-01.339_43.192;33.0;33.0;Irouléguy;MONTAGNE-BASQUE;SAINT-ETIENNE-DE-BAIGORRY;2026-03-23;13.0;82.0;0.0;0.0;0.0;1.0;1.0;1.0;;;;1.0;1.0;1.0;2.0;4.0;1.0;2026-03-22 23:00:00+00:00
43.192;-1.339;-01.339_43.192;33.0;33.0;Irouléguy;MONTAGNE-BASQUE;SAINT-ETIENNE-DE-BAIGORRY;2026-03-24;13.0;83.0;0.0;0.0;0.0;1.0;1.0;1.0;;;;2.0;2.0;3.0;1.0;3.0;1.0;2026-03-23 23:00:00+00:00
43.192;-1.339;-01.339_43.192;33.0;33.0;Irouléguy;MONTAGNE-BASQUE;SAINT-ETIENNE-DE-BAIGORRY;2026-03-25;13.0;84.0;2.9;2.9;2.9;1.0;1.0;1.0;;;;2.0;1.0;2.0;1.0;3.0;2.0;2026-03-24 23:00:00+00:00
43.192;-1.339;-01.339_43.192;33.0;33.0;Irouléguy;MONTAGNE-BASQUE;SAINT-ETIENNE-DE-BAIGORRY;2026-03-26;13.0;85.0;1.1;1.1;1.1;1.0;1.0;1.0;;;;1.0;2.0;1.0;1.0;2.0;2.0;2026-03-25 23:00:00+00:00
43.192;-1.339;-01.339_43.192;33.0;33.0;Irouléguy;MONTAGNE-BASQUE;SAINT-ETIENNE-DE-BAIGORRY;2026-03-27;13.0;86.0;0.0;0.0;0.0;1.0;1.0;1.0;;;;3.0;2.0;2.0;1.0;1.0;2.0;2026-03-26 23:00:00+00:00
43.192;-1.339;-01.339_43.192;33.0;33.0;Irouléguy;MONTAGNE-BASQUE;SAINT-ETIENNE-DE-BAIGORRY;2026-03-28;13.0;87.0;7.8;7.8;7.8;1.0;1.0;1.0;;;;2.0;1.0;3.0;1.0;3.0;3.0;2026-03-27 23:00:00+00:00
43.192;-1.339;-01.339_43.192;33.0;33.0;Irouléguy;MONTAGNE-BASQUE;SAINT-ETIENNE-DE-BAIGORRY;2026-03-29;13.0;88.0;1.5;1.5;1.5;1.0;1.0;1.0;;;;2.0;2.0;1.0;1.0;1.0;1.0;2026-03-28 23:00:00+00:00
43.192;-1.339;-01.339_43.192;33.0;33.0;Irouléguy;MONTAGNE-BASQUE;SAINT-ETIENNE-DE-BAIGORRY;2026-03-30;14.0;89.0;3.9;3.9;3.9;1.0;1.0;1.0;;;;2.0;2.0;1.0;1.0;1.0;1.0;2026-03-29 22:00:00+00:00
43.192;-1.339;-01.339_43.192;33.0;33.0;Irouléguy;MONTAGNE-BASQUE;SAINT-ETIENNE-DE-BAIGORRY;2026-03-31;14.0;90.0;0.2;0.2;0.2;1.0;1.0;1.0;3.0;3.0;3.0;2.0;3.0;3.0;2.0;1.0;3.0;2026-03-30 22:00:00+00:00
43.192;-1.339;-01.339_43.192;33.0;33.0;Irouléguy;MONTAGNE-BASQUE;SAINT-ETIENNE-DE-BAIGORRY;2026-04-01;14.0;91.0;6.7;6.7;6.7;1.0;1.0;1.0;3.0;3.0;3.0;2.0;1.0;3.0;1.0;1.0;2.0;2026-03-31 22:00:00+00:00
43.192;-1.339;-01.339_43.192;33.0;33.0;Irouléguy;MONTAGNE-BASQUE;SAINT-ETIENNE-DE-BAIGORRY;2026-04-02;14.0;92.0;9.8;9.8;9.8;1.0;1.0;1.0;3.0;3.0;3.0;3.0;1.0;3.0;3.0;1.0;1.0;2026-04-01 22:00:00+00:00
43.192;-1.339;-01.339_43.192;33.0;33.0;Irouléguy;MONTAGNE-BASQUE;SAINT-ETIENNE-DE-BAIGORRY;2026-04-03;14.0;93.0;0.2;0.2;0.2;1.0;1.0;1.0;3.0;3.0;3.0;1.0;2.0;1.0;1.0;1.0;1.0;2026-04-02 22:00:00+00:00
43.192;-1.339;-01.339_43.192;33.0;33.0;Irouléguy;MONTAGNE-BASQUE;SAINT-ETIENNE-DE-BAIGORRY;2026-04-04;14.0;94.0;0.0;0.0;0.0;1.0;1.0;1.0;3.0;3.0;3.0;1.0;1.0;1.0;2.0;1.0;3.0;2026-04-03 22:00:00+00:00
43.192;-1.339;-01.339_43.192;33.0;33.0;Irouléguy;MONTAGNE-BASQUE;SAINT-ETIENNE-DE-BAIGORRY;2026-04-05;14.0;95.0;0.0;0.0;0.0;1.0;1.0;1.0;3.0;3.0;3.0;1.0;1.0;4.0;1.0;1.0;3.0;2026-04-04 22:00:00+00:00
43.192;-1.339;-01.339_43.192;33.0;33.0;Irouléguy;MONTAGNE-BASQUE;SAINT-ETIENNE-DE-BAIGORRY;2026-04-06;15.0;96.0;0.0;0.0;0.0;1.0;1.0;1.0;3.0;3.0;3.0;1.0;3.0;2.0;1.0;1.0;2.0;2026-04-05 22:00:00+00:00
43.192;-1.339;-01.339_43.192;33.0;33.0;Irouléguy;MONTAGNE-BASQUE;SAINT-ETIENNE-DE-BAIGORRY;2026-04-07;15.0;97.0;0.0;0.0;0.0;1.0;1.0;1.0;3.0;3.0;3.0;1.0;2.0;1.0;3.0;2.0;1.0;2026-04-06 22:00:00+00:00
43.192;-1.339;-01.339_43.192;33.0;33.0;Irouléguy;MONTAGNE-BASQUE;SAINT-ETIENNE-DE-BAIGORRY;2026-04-08;15.0;98.0;0.0;0.0;0.0;1.0;1.0;1.0;3.0;3.0;3.0;3.0;2.0;1.0;2.0;2.0;2.0;2026-04-07 22:00:00+00:00
43.192;-1.339;-01.339_43.192;33.0;33.0;Irouléguy;MONTAGNE-BASQUE;SAINT-ETIENNE-DE-BAIGORRY;2026-04-09;15.0;99.0;0.0;0.0;0.0;1.0;1.0;1.0;3.0;3.0;3.0;1.0;2.0;2.0;2.0;1.0;3.0;2026-04-08 22:00:00+00:00
43.192;-1.339;-01.339_43.192;33.0;33.0;Irouléguy;MONTAGNE-BASQUE;SAINT-ETIENNE-DE-BAIGORRY;2026-04-10;15.0;100.0;0.0;0.0;0.0;1.0;1.0;1.0;3.0;3.0;3.0;2.0;2.0;1.0;1.0;2.0;1.0;2026-04-09 22:00:00+00:00
43.192;-1.339;-01.339_43.192;33.0;33.0;Irouléguy;MONTAGNE-BASQUE;SAINT-ETIENNE-DE-BAIGORRY;2026-04-11;15.0;101.0;17.9;17.9;17.9;1.0;1.0;1.0;3.0;3.0;3.0;2.0;1.0;2.0;1.0;1.0;1.0;2026-04-10 22:00:00+00:00
43.192;-1.339;-01.339_43.192;33.0;33.0;Irouléguy;MONTAGNE-BASQUE;SAINT-ETIENNE-DE-BAIGORRY;2026-04-12;15.0;102.0;12.9;12.9;12.9;1.0;1.0;1.0;;3.0;;1.0;1.0;1.0;1.0;1.0;1.0;2026-04-11 22:00:00+00:00
43.192;-1.339;-01.339_43.192;33.0;33.0;Irouléguy;MONTAGNE-BASQUE;SAINT-ETIENNE-DE-BAIGORRY;2026-04-13;16.0;103.0;8.3;8.3;8.3;1.0;1.0;1.0;;3.0;;1.0;2.0;2.0;3.0;3.0;1.0;2026-04-12 22:00:00+00:00
43.192;-1.339;-01.339_43.192;33.0;33.0;Irouléguy;MONTAGNE-BASQUE;SAINT-ETIENNE-DE-BAIGORRY;2026-04-14;16.0;104.0;0.0;0.0;0.0;1.0;1.0;1.0;;3.0;;2.0;1.0;1.0;1.0;2.0;3.0;2026-04-13 22:00:00+00:00
43.192;-1.339;-01.339_43.192;33.0;33.0;Irouléguy;MONTAGNE-BASQUE;SAINT-ETIENNE-DE-BAIGORRY;2026-04-15;16.0;105.0;0.0;0.0;0.0;1.0;1.0;1.0;;3.0;;2.0;2.0;3.0;1.0;1.0;1.0;2026-04-14 22:00:00+00:00
43.192;-1.339;-01.339_43.192;33.0;33.0;Irouléguy;MONTAGNE-BASQUE;SAINT-ETIENNE-DE-BAIGORRY;2026-04-16;16.0;106.0;0.0;0.0;0.0;1.0;1.0;1.0;;3.0;;1.0;1.0;1.0;2.0;3.0;1.0;2026-04-15 22:00:00+00:00
43.192;-1.339;-01.339_43.192;33.0;33.0;Irouléguy;MONTAGNE-BASQUE;SAINT-ETIENNE-DE-BAIGORRY;2026-04-17;16.0;107.0;0.0;0.0;0.0;1.0;1.0;1.0;;3.0;;4.0;3.0;1.0;1.0;1.0;1.0;2026-04-16 22:00:00+00:00
43.192;-1.339;-01.339_43.192;33.0;33.0;Irouléguy;MONTAGNE-BASQUE;SAINT-ETIENNE-DE-BAIGORRY;2026-04-18;16.0;108.0;0.0;0.0;0.0;1.0;1.0;1.0;;3.0;;2.0;4.0;2.0;1.0;1.0;2.0;2026-04-17 22:00:00+00:00
43.192;-1.339;-01.339_43.192;33.0;33.0;Irouléguy;MONTAGNE-BASQUE;SAINT-ETIENNE-DE-BAIGORRY;2026-04-19;16.0;109.0;3.3;3.3;3.3;1.0;1.0;1.0;;2.0;;1.0;1.0;3.0;3.0;1.0;1.0;2026-04-18 22:00:00+00:00
43.192;-1.339;-01.339_43.192;33.0;33.0;Irouléguy;MONTAGNE-BASQUE;SAINT-ETIENNE-DE-BAIGORRY;2026-04-20;17.0;110.0;0.0;0.0;0.0;1.0;1.0;1.0;;2.0;;2.0;1.0;1.0;2.0;2.0;4.0;2026-04-19 22:00:00+00:00
43.192;-1.339;-01.339_43.192;33.0;33.0;Irouléguy;MONTAGNE-BASQUE;SAINT-ETIENNE-DE-BAIGORRY;2026-04-21;17.0;111.0;0.5;0.5;0.5;1.0;1.0;1.0;;2.0;;1.0;1.0;1.0;2.0;1.0;3.0;2026-04-20 22:00:00+00:00
43.192;-1.339;-01.339_43.192;33.0;33.0;Irouléguy;MONTAGNE-BASQUE;SAINT-ETIENNE-DE-BAIGORRY;2026-04-22;17.0;112.0;0.2;0.2;0.2;1.0;1.0;1.0;;2.0;;1.0;2.0;1.0;2.0;1.0;2.0;2026-04-21 22:00:00+00:00
43.192;-1.339;-01.339_43.192;33.0;33.0;Irouléguy;MONTAGNE-BASQUE;SAINT-ETIENNE-DE-BAIGORRY;2026-04-23;17.0;113.0;0.0;0.0;0.0;1.0;1.0;1.0;;2.0;;2.0;1.0;2.0;2.0;3.0;3.0;2026-04-22 22:00:00+00:00
43.192;-1.339;-01.339_43.192;33.0;33.0;Irouléguy;MONTAGNE-BASQUE;SAINT-ETIENNE-DE-BAIGORRY;2026-04-24;17.0;114.0;0.0;0.0;0.0;1.0;1.0;1.0;;2.0;;1.0;2.0;1.0;1.0;1.0;2.0;2026-04-23 22:00:00+00:00
43.192;-1.339;-01.339_43.192;33.0;33.0;Irouléguy;MONTAGNE-BASQUE;SAINT-ETIENNE-DE-BAIGORRY;2026-04-25;17.0;115.0;0.0;0.0;0.0;1.0;1.0;1.0;;2.0;;2.0;1.0;2.0;1.0;1.0;2.0;2026-04-24 22:00:00+00:00
43.192;-1.339;-01.339_43.192;33.0;33.0;Irouléguy;MONTAGNE-BASQUE;SAINT-ETIENNE-DE-BAIGORRY;2026-04-26;17.0;116.0;0.0;0.0;0.0;1.0;1.0;1.0;;2.0;;2.0;1.0;1.0;3.0;2.0;1.0;2026-04-25 22:00:00+00:00
43.192;-1.339;-01.339_43.192;33.0;33.0;Irouléguy;MONTAGNE-BASQUE;SAINT-ETIENNE-DE-BAIGORRY;2026-04-27;18.0;117.0;0.2;0.2;0.2;1.0;1.0;1.0;;2.0;;3.0;1.0;2.0;1.0;1.0;1.0;2026-04-26 22:00:00+00:00
43.192;-1.339;-01.339_43.192;33.0;33.0;Irouléguy;MONTAGNE-BASQUE;SAINT-ETIENNE-DE-BAIGORRY;2026-04-28;18.0;118.0;2.5;2.5;2.5;1.0;1.0;1.0;;2.0;;1.0;1.0;3.0;2.0;2.0;1.0;2026-04-27 22:00:00+00:00
43.192;-1.339;-01.339_43.192;33.0;33.0;Irouléguy;MONTAGNE-BASQUE;SAINT-ETIENNE-DE-BAIGORRY;2026-04-29;18.0;119.0;0.1;0.1;0.1;2.0;2.0;2.0;;2.0;;1.0;1.0;1.0;1.0;1.0;4.0;2026-04-28 22:00:00+00:00
43.192;-1.339;-01.339_43.192;33.0;33.0;Irouléguy;MONTAGNE-BASQUE;SAINT-ETIENNE-DE-BAIGORRY;2026-04-30;18.0;120.0;2.9000000000000004;2.9000000000000004;2.9000000000000004;1.0;1.0;1.0;;2.0;;1.0;1.0;2.0;1.0;2.0;3.0;2026-04-29 22:00:00+00:00
43.192;-1.339;-01.339_43.192;33.0;33.0;Irouléguy;MONTAGNE-BASQUE;SAINT-ETIENNE-DE-BAIGORRY;2026-05-01;18.0;121.0;0.0;0.0;0.0;1.0;1.0;1.0;;2.0;;1.0;1.0;2.0;2.0;1.0;3.0;2026-04-30 22:00:00+00:00
43.192;-1.339;-01.339_43.192;33.0;33.0;Irouléguy;MONTAGNE-BASQUE;SAINT-ETIENNE-DE-BAIGORRY;2026-05-02;18.0;122.0;15.8;15.8;15.8;1.0;1.0;1.0;;2.0;;1.0;1.0;2.0;1.0;4.0;2.0;2026-05-01 22:00:00+00:00
43.192;-1.339;-01.339_43.192;33.0;33.0;Irouléguy;MONTAGNE-BASQUE;SAINT-ETIENNE-DE-BAIGORRY;2026-05-03;18.0;123.0;4.1000000000000005;4.1000000000000005;4.1000000000000005;1.0;1.0;1.0;;2.0;;3.0;2.0;3.0;1.0;4.0;3.0;2026-05-02 22:00:00+00:00
43.192;-1.339;-01.339_43.192;33.0;33.0;Irouléguy;MONTAGNE-BASQUE;SAINT-ETIENNE-DE-BAIGORRY;2026-05-04;19.0;124.0;33.6;33.6;33.6;4.0;4.0;4.0;;3.0;;3.0;2.0;4.0;2.0;2.0;1.0;2026-05-03 22:00:00+00:00
43.192;-1.339;-01.339_43.192;33.0;33.0;Irouléguy;MONTAGNE-BASQUE;SAINT-ETIENNE-DE-BAIGORRY;2026-05-05;19.0;125.0;2.1;2.1;2.1;1.0;1.0;1.0;;2.0;;1.0;3.0;2.0;1.0;2.0;2.0;2026-05-04 22:00:00+00:00
43.192;-1.339;-01.339_43.192;33.0;33.0;Irouléguy;MONTAGNE-BASQUE;SAINT-ETIENNE-DE-BAIGORRY;2026-05-06;19.0;126.0;1.0;1.0;1.0;1.0;1.0;1.0;;2.0;;1.0;1.0;2.0;1.0;3.0;2.0;2026-05-05 22:00:00+00:00
43.192;-1.339;-01.339_43.192;33.0;33.0;Irouléguy;MONTAGNE-BASQUE;SAINT-ETIENNE-DE-BAIGORRY;2026-05-07;19.0;127.0;3.7;3.7;3.7;1.0;1.0;1.0;;2.0;;1.0;3.0;1.0;2.0;2.0;2.0;2026-05-06 22:00:00+00:00
43.192;-1.339;-01.339_43.192;33.0;33.0;Irouléguy;MONTAGNE-BASQUE;SAINT-ETIENNE-DE-BAIGORRY;2026-05-08;19.0;128.0;0.6;0.6;0.6;1.0;1.0;1.0;;2.0;;3.0;4.0;2.0;1.0;3.0;1.0;2026-05-07 22:00:00+00:00
43.192;-1.339;-01.339_43.192;33.0;33.0;Irouléguy;MONTAGNE-BASQUE;SAINT-ETIENNE-DE-BAIGORRY;2026-05-09;19.0;129.0;0.0;0.0;0.0;1.0;1.0;1.0;;2.0;;1.0;1.0;2.0;3.0;4.0;1.0;2026-05-08 22:00:00+00:00
43.192;-1.339;-01.339_43.192;33.0;33.0;Irouléguy;MONTAGNE-BASQUE;SAINT-ETIENNE-DE-BAIGORRY;2026-05-10;19.0;130.0;5.9;5.9;5.9;1.0;1.0;1.0;;2.0;;3.0;3.0;1.0;1.0;2.0;2.0;2026-05-09 22:00:00+00:00
43.192;-1.339;-01.339_43.192;33.0;33.0;Irouléguy;MONTAGNE-BASQUE;SAINT-ETIENNE-DE-BAIGORRY;2026-05-11;20.0;131.0;0.1;0.1;0.1;1.0;1.0;1.0;;2.0;;1.0;1.0;3.0;2.0;1.0;1.0;2026-05-10 22:00:00+00:00
43.192;-1.339;-01.339_43.192;33.0;33.0;Irouléguy;MONTAGNE-BASQUE;SAINT-ETIENNE-DE-BAIGORRY;2026-05-12;20.0;132.0;0.3;0.3;0.3;1.0;1.0;1.0;;2.0;;1.0;1.0;3.0;1.0;1.0;2.0;2026-05-11 22:00:00+00:00
43.192;-1.339;-01.339_43.192;33.0;33.0;Irouléguy;MONTAGNE-BASQUE;SAINT-ETIENNE-DE-BAIGORRY;2026-05-13;20.0;133.0;4.3;4.3;4.3;1.0;1.0;1.0;;2.0;;3.0;2.0;1.0;1.0;1.0;1.0;2026-05-12 22:00:00+00:00
43.192;-1.339;-01.339_43.192;33.0;33.0;Irouléguy;MONTAGNE-BASQUE;SAINT-ETIENNE-DE-BAIGORRY;2026-05-14;20.0;134.0;30.6;30.6;30.6;1.0;1.0;1.0;;4.0;;3.0;2.0;2.0;3.0;1.0;2.0;2026-05-13 22:00:00+00:00
43.192;-1.339;-01.339_43.192;33.0;33.0;Irouléguy;MONTAGNE-BASQUE;SAINT-ETIENNE-DE-BAIGORRY;2026-05-15;20.0;135.0;32.0;32.0;32.0;1.0;1.0;1.0;;3.0;;1.0;2.0;4.0;2.0;1.0;1.0;2026-05-14 22:00:00+00:00
43.192;-1.339;-01.339_43.192;33.0;33.0;Irouléguy;MONTAGNE-BASQUE;SAINT-ETIENNE-DE-BAIGORRY;2026-05-16;20.0;136.0;6.0;6.0;6.0;1.0;1.0;1.0;;3.0;;2.0;2.0;2.0;1.0;1.0;1.0;2026-05-15 22:00:00+00:00
43.192;-1.339;-01.339_43.192;33.0;33.0;Irouléguy;MONTAGNE-BASQUE;SAINT-ETIENNE-DE-BAIGORRY;2026-05-17;20.0;137.0;0.1;0.1;0.1;1.0;1.0;1.0;;3.0;;1.0;1.0;3.0;1.0;3.0;2.0;2026-05-16 22:00:00+00:00
43.192;-1.339;-01.339_43.192;33.0;33.0;Irouléguy;MONTAGNE-BASQUE;SAINT-ETIENNE-DE-BAIGORRY;2026-05-18;21.0;138.0;0.0;0.0;0.0;1.0;1.0;1.0;;3.0;;2.0;2.0;2.0;1.0;2.0;1.0;2026-05-17 22:00:00+00:00
43.192;-1.339;-01.339_43.192;33.0;33.0;Irouléguy;MONTAGNE-BASQUE;SAINT-ETIENNE-DE-BAIGORRY;2026-05-19;21.0;139.0;0.1;0.1;0.1;1.0;1.0;1.0;;3.0;;1.0;1.0;1.0;1.0;1.0;2.0;2026-05-18 22:00:00+00:00
43.192;-1.339;-01.339_43.192;33.0;33.0;Irouléguy;MONTAGNE-BASQUE;SAINT-ETIENNE-DE-BAIGORRY;2026-05-20;21.0;140.0;0.0;0.0;0.0;1.0;1.0;1.0;;3.0;;1.0;3.0;1.0;1.0;3.0;2.0;2026-05-19 22:00:00+00:00
43.192;-1.339;-01.339_43.192;33.0;33.0;Irouléguy;MONTAGNE-BASQUE;SAINT-ETIENNE-DE-BAIGORRY;2026-05-21;21.0;141.0;0.0;0.0;0.0;1.0;1.0;1.0;;3.0;;2.0;3.0;1.0;1.0;2.0;1.0;2026-05-20 22:00:00+00:00
43.192;-1.339;-01.339_43.192;33.0;33.0;Irouléguy;MONTAGNE-BASQUE;SAINT-ETIENNE-DE-BAIGORRY;2026-05-22;21.0;142.0;0.0;0.0;0.0;1.0;1.0;1.0;;3.0;;2.0;2.0;1.0;2.0;1.0;2.0;2026-05-21 22:00:00+00:00
43.192;-1.339;-01.339_43.192;33.0;33.0;Irouléguy;MONTAGNE-BASQUE;SAINT-ETIENNE-DE-BAIGORRY;2026-05-23;21.0;143.0;0.0;0.0;0.0;1.0;1.0;1.0;;3.0;;1.0;1.0;3.0;1.0;2.0;1.0;2026-05-22 22:00:00+00:00
43.192;-1.339;-01.339_43.192;33.0;33.0;Irouléguy;MONTAGNE-BASQUE;SAINT-ETIENNE-DE-BAIGORRY;2026-05-24;21.0;144.0;0.0;0.0;0.0;1.0;1.0;1.0;;3.0;;1.0;2.0;2.0;1.0;1.0;1.0;2026-05-23 22:00:00+00:00
43.192;-1.339;-01.339_43.192;33.0;33.0;Irouléguy;MONTAGNE-BASQUE;SAINT-ETIENNE-DE-BAIGORRY;2026-05-25;22.0;145.0;0.0;0.0;0.0;1.0;1.0;1.0;;3.0;;3.0;1.0;2.0;1.0;1.0;4.0;2026-05-24 22:00:00+00:00
43.192;-1.339;-01.339_43.192;33.0;33.0;Irouléguy;MONTAGNE-BASQUE;SAINT-ETIENNE-DE-BAIGORRY;2026-05-26;22.0;146.0;0.0;0.0;0.0;1.0;1.0;1.0;;3.0;;3.0;1.0;2.0;1.0;2.0;1.0;2026-05-25 22:00:00+00:00
43.192;-1.339;-01.339_43.192;33.0;33.0;Irouléguy;MONTAGNE-BASQUE;SAINT-ETIENNE-DE-BAIGORRY;2026-05-27;22.0;147.0;0.0;0.0;0.0;1.0;1.0;1.0;;3.0;;3.0;1.0;1.0;2.0;1.0;4.0;2026-05-26 22:00:00+00:00
43.192;-1.339;-01.339_43.192;33.0;33.0;Irouléguy;MONTAGNE-BASQUE;SAINT-ETIENNE-DE-BAIGORRY;2026-05-28;22.0;148.0;0.0;0.0;0.0;1.0;1.0;1.0;;3.0;;2.0;3.0;3.0;1.0;1.0;2.0;2026-05-27 22:00:00+00:00
43.192;-1.339;-01.339_43.192;33.0;33.0;Irouléguy;MONTAGNE-BASQUE;SAINT-ETIENNE-DE-BAIGORRY;2026-05-29;22.0;149.0;0.0;0.0;0.0;1.0;1.0;1.0;;2.0;;1.0;3.0;2.0;1.0;1.0;2.0;2026-05-28 22:00:00+00:00
43.192;-1.339;-01.339_43.192;33.0;33.0;Irouléguy;MONTAGNE-BASQUE;SAINT-ETIENNE-DE-BAIGORRY;2026-05-30;22.0;150.0;0.0;0.0;0.0;1.0;1.0;1.0;;2.0;;1.0;3.0;2.0;2.0;2.0;1.0;2026-05-29 22:00:00+00:00
43.192;-1.339;-01.339_43.192;33.0;33.0;Irouléguy;MONTAGNE-BASQUE;SAINT-ETIENNE-DE-BAIGORRY;2026-05-31;22.0;151.0;0.0;0.0;0.0;1.0;1.0;1.0;2.0;2.0;2.0;1.0;4.0;1.0;1.0;1.0;1.0;2026-05-30 22:00:00+00:00
43.192;-1.339;-01.339_43.192;33.0;33.0;Irouléguy;MONTAGNE-BASQUE;SAINT-ETIENNE-DE-BAIGORRY;2026-06-01;23.0;152.0;0.0;0.0;0.0;1.0;1.0;1.0;2.0;2.0;2.0;3.0;3.0;1.0;1.0;1.0;1.0;2026-05-31 22:00:00+00:00
43.192;-1.339;-01.339_43.192;33.0;33.0;Irouléguy;MONTAGNE-BASQUE;SAINT-ETIENNE-DE-BAIGORRY;2026-06-02;23.0;153.0;0.7;0.7;0.7;1.0;1.0;1.0;2.0;2.0;2.0;1.0;1.0;2.0;1.0;3.0;1.0;2026-06-01 22:00:00+00:00
43.192;-1.339;-01.339_43.192;33.0;33.0;Irouléguy;MONTAGNE-BASQUE;SAINT-ETIENNE-DE-BAIGORRY;2026-06-03;23.0;154.0;0.2;0.2;0.2;1.0;1.0;1.0;2.0;2.0;2.0;3.0;2.0;1.0;1.0;1.0;1.0;2026-06-02 22:00:00+00:00
43.192;-1.339;-01.339_43.192;33.0;33.0;Irouléguy;MONTAGNE-BASQUE;SAINT-ETIENNE-DE-BAIGORRY;2026-06-04;23.0;155.0;3.2;3.2;3.2;1.0;1.0;1.0;2.0;2.0;2.0;2.0;1.0;3.0;2.0;2.0;2.0;2026-06-03 22:00:00+00:00
43.192;-1.339;-01.339_43.192;33.0;33.0;Irouléguy;MONTAGNE-BASQUE;SAINT-ETIENNE-DE-BAIGORRY;2026-06-05;23.0;156.0;0.1;0.1;0.1;1.0;1.0;1.0;2.0;2.0;2.0;2.0;1.0;2.0;1.0;1.0;2.0;2026-06-04 22:00:00+00:00
43.192;-1.339;-01.339_43.192;33.0;33.0;Irouléguy;MONTAGNE-BASQUE;SAINT-ETIENNE-DE-BAIGORRY;2026-06-06;23.0;157.0;0.2;0.2;0.2;1.0;1.0;1.0;2.0;2.0;2.0;1.0;1.0;2.0;1.0;3.0;2.0;2026-06-05 22:00:00+00:00
43.192;-1.339;-01.339_43.192;33.0;33.0;Irouléguy;MONTAGNE-BASQUE;SAINT-ETIENNE-DE-BAIGORRY;2026-06-07;23.0;158.0;0.0;0.0;0.0;1.0;1.0;1.0;2.0;2.0;2.0;1.0;1.0;1.0;3.0;4.0;3.0;2026-06-06 22:00:00+00:00
43.192;-1.339;-01.339_43.192;33.0;33.0;Irouléguy;MONTAGNE-BASQUE;SAINT-ETIENNE-DE-BAIGORRY;2026-06-08;24.0;159.0;0.5;0.5;0.5;1.0;1.0;1.0;2.0;2.0;2.0;1.0;2.0;2.0;1.0;1.0;2.0;2026-06-07 22:00:00+00:00
43.192;-1.339;-01.339_43.192;33.0;33.0;Irouléguy;MONTAGNE-BASQUE;SAINT-ETIENNE-DE-BAIGORRY;2026-06-09;24.0;160.0;1.6;1.6;1.6;1.0;1.0;1.0;2.0;2.0;2.0;3.0;2.0;1.0;2.0;2.0;1.0;2026-06-08 22:00:00+00:00
43.192;-1.339;-01.339_43.192;33.0;33.0;Irouléguy;MONTAGNE-BASQUE;SAINT-ETIENNE-DE-BAIGORRY;2026-06-10;24.0;161.0;0.0;0.0;0.0;1.0;1.0;1.0;2.0;2.0;2.0;4.0;1.0;1.0;2.0;2.0;1.0;2026-06-09 22:00:00+00:00
43.192;-1.339;-01.339_43.192;33.0;33.0;Irouléguy;MONTAGNE-BASQUE;SAINT-ETIENNE-DE-BAIGORRY;2026-06-11;24.0;162.0;0.0;0.0;0.0;1.0;1.0;1.0;2.0;2.0;2.0;3.0;3.0;1.0;3.0;1.0;1.0;2026-06-10 22:00:00+00:00
43.192;-1.339;-01.339_43.192;33.0;33.0;Irouléguy;MONTAGNE-BASQUE;SAINT-ETIENNE-DE-BAIGORRY;2026-06-12;24.0;163.0;0.0;0.0;0.0;1.0;1.0;1.0;2.0;2.0;2.0;2.0;2.0;1.0;1.0;2.0;2.0;2026-06-11 22:00:00+00:00
43.192;-1.339;-01.339_43.192;33.0;33.0;Irouléguy;MONTAGNE-BASQUE;SAINT-ETIENNE-DE-BAIGORRY;2026-06-13;24.0;164.0;0.0;0.0;0.0;1.0;1.0;1.0;2.0;2.0;2.0;3.0;1.0;1.0;1.0;1.0;2.0;2026-06-12 22:00:00+00:00
43.192;-1.339;-01.339_43.192;33.0;33.0;Irouléguy;MONTAGNE-BASQUE;SAINT-ETIENNE-DE-BAIGORRY;2026-06-14;24.0;165.0;0.0;0.0;0.0;1.0;1.0;1.0;2.0;2.0;2.0;2.0;1.0;2.0;2.0;1.0;1.0;2026-06-13 22:00:00+00:00
43.192;-1.339;-01.339_43.192;33.0;33.0;Irouléguy;MONTAGNE-BASQUE;SAINT-ETIENNE-DE-BAIGORRY;2026-06-15;25.0;166.0;0.0;0.0;0.0;1.0;1.0;1.0;2.0;2.0;2.0;2.0;1.0;1.0;1.0;2.0;3.0;2026-06-14 22:00:00+00:00
43.192;-1.339;-01.339_43.192;33.0;33.0;Irouléguy;MONTAGNE-BASQUE;SAINT-ETIENNE-DE-BAIGORRY;2026-06-16;25.0;167.0;0.0;0.0;0.0;1.0;1.0;1.0;2.0;2.0;2.0;1.0;2.0;1.0;1.0;2.0;2.0;2026-06-15 22:00:00+00:00
43.192;-1.339;-01.339_43.192;33.0;33.0;Irouléguy;MONTAGNE-BASQUE;SAINT-ETIENNE-DE-BAIGORRY;2026-06-17;25.0;168.0;0.0;0.0;0.0;1.0;1.0;1.0;2.0;2.0;2.0;3.0;2.0;4.0;1.0;3.0;1.0;2026-06-16 22:00:00+00:00
43.192;-1.339;-01.339_43.192;33.0;33.0;Irouléguy;MONTAGNE-BASQUE;SAINT-ETIENNE-DE-BAIGORRY;2026-06-18;25.0;169.0;0.0;0.0;0.0;1.0;1.0;1.0;1.0;1.0;1.0;1.0;1.0;1.0;1.0;1.0;1.0;2026-06-17 22:00:00+00:00
43.192;-1.339;-01.339_43.192;33.0;33.0;Irouléguy;MONTAGNE-BASQUE;SAINT-ETIENNE-DE-BAIGORRY;2026-06-19;25.0;170.0;0.5;0.5;0.5;1.0;1.0;1.0;1.0;1.0;1.0;1.0;3.0;2.0;1.0;3.0;1.0;2026-06-18 22:00:00+00:00
43.192;-1.339;-01.339_43.192;33.0;33.0;Irouléguy;MONTAGNE-BASQUE;SAINT-ETIENNE-DE-BAIGORRY;2026-06-20;25.0;171.0;0.4;0.4;0.4;1.0;1.0;1.0;1.0;1.0;1.0;2.0;3.0;1.0;2.0;3.0;2.0;2026-06-19 22:00:00+00:00
43.192;-1.339;-01.339_43.192;33.0;33.0;Irouléguy;MONTAGNE-BASQUE;SAINT-ETIENNE-DE-BAIGORRY;2026-06-21;25.0;172.0;0.0;0.0;0.0;1.0;1.0;1.0;1.0;1.0;1.0;4.0;2.0;3.0;2.0;2.0;3.0;2026-06-20 22:00:00+00:00
43.192;-1.339;-01.339_43.192;33.0;33.0;Irouléguy;MONTAGNE-BASQUE;SAINT-ETIENNE-DE-BAIGORRY;2026-06-22;26.0;173.0;0.0;0.0;0.0;1.0;1.0;1.0;1.0;1.0;1.0;1.0;1.0;2.0;1.0;2.0;2.0;2026-06-21 22:00:00+00:00
43.192;-1.339;-01.339_43.192;33.0;33.0;Irouléguy;MONTAGNE-BASQUE;SAINT-ETIENNE-DE-BAIGORRY;2026-06-23;26.0;174.0;0.0;0.0;0.0;1.0;1.0;1.0;1.0;1.0;1.0;1.0;1.0;3.0;4.0;1.0;1.0;2026-06-22 22:00:00+00:00
43.192;-1.339;-01.339_43.192;33.0;33.0;Irouléguy;MONTAGNE-BASQUE;SAINT-ETIENNE-DE-BAIGORRY;2026-06-24;26.0;175.0;0.0;0.0;0.0;1.0;1.0;1.0;1.0;1.0;1.0;3.0;2.0;3.0;2.0;2.0;1.0;2026-06-23 22:00:00+00:00
43.192;-1.339;-01.339_43.192;33.0;33.0;Irouléguy;MONTAGNE-BASQUE;SAINT-ETIENNE-DE-BAIGORRY;2026-06-25;26.0;176.0;0.2;0.2;0.2;1.0;1.0;1.0;1.0;1.0;1.0;2.0;2.0;1.0;4.0;1.0;3.0;2026-06-24 22:00:00+00:00
43.192;-1.339;-01.339_43.192;33.0;33.0;Irouléguy;MONTAGNE-BASQUE;SAINT-ETIENNE-DE-BAIGORRY;2026-06-26;26.0;177.0;0.0;0.0;0.0;1.0;1.0;1.0;1.0;1.0;1.0;1.0;2.0;2.0;1.0;1.0;3.0;2026-06-25 22:00:00+00:00
43.192;-1.339;-01.339_43.192;33.0;33.0;Irouléguy;MONTAGNE-BASQUE;SAINT-ETIENNE-DE-BAIGORRY;2026-06-27;26.0;178.0;18.4;18.4;18.4;1.0;1.0;1.0;1.0;1.0;1.0;1.0;2.0;1.0;1.0;3.0;3.0;2026-06-26 22:00:00+00:00
43.192;-1.339;-01.339_43.192;33.0;33.0;Irouléguy;MONTAGNE-BASQUE;SAINT-ETIENNE-DE-BAIGORRY;2026-06-28;26.0;179.0;4.2;4.2;4.2;1.0;1.0;1.0;1.0;1.0;1.0;2.0;1.0;2.0;1.0;1.0;1.0;2026-06-27 22:00:00+00:00
43.192;-1.339;-01.339_43.192;33.0;33.0;Irouléguy;MONTAGNE-BASQUE;SAINT-ETIENNE-DE-BAIGORRY;2026-06-29;27.0;180.0;2.9000000000000004;2.9000000000000004;2.9000000000000004;1.0;1.0;1.0;1.0;1.0;1.0;1.0;2.0;1.0;2.0;4.0;2.0;2026-06-28 22:00:00+00:00
43.192;-1.339;-01.339_43.192;33.0;33.0;Irouléguy;MONTAGNE-BASQUE;SAINT-ETIENNE-DE-BAIGORRY;2026-06-30;27.0;181.0;0.0;0.0;0.0;1.0;1.0;1.0;1.0;1.0;1.0;2.0;1.0;1.0;1.0;1.0;2.0;2026-06-29 22:00:00+00:00
43.192;-1.339;-01.339_43.192;33.0;33.0;Irouléguy;MONTAGNE-BASQUE;SAINT-ETIENNE-DE-BAIGORRY;2026-07-01;27.0;182.0;0.0;0.0;0.0;1.0;1.0;1.0;1.0;1.0;1.0;1.0;1.0;3.0;2.0;1.0;2.0;2026-06-30 22:00:00+00:00
43.192;-1.339;-01.339_43.192;33.0;33.0;Irouléguy;MONTAGNE-BASQUE;SAINT-ETIENNE-DE-BAIGORRY;2026-07-02;27.0;183.0;0.0;0.0;0.0;1.0;1.0;1.0;1.0;1.0;1.0;1.0;3.0;1.0;1.0;1.0;1.0;2026-07-01 22:00:00+00:00
43.192;-1.339;-01.339_43.192;33.0;33.0;Irouléguy;MONTAGNE-BASQUE;SAINT-ETIENNE-DE-BAIGORRY;2026-07-03;27.0;184.0;0.0;0.0;0.0;1.0;1.0;1.0;1.0;1.0;1.0;1.0;2.0;1.0;3.0;2.0;1.0;2026-07-02 22:00:00+00:00
43.192;-1.339;-01.339_43.192;33.0;33.0;Irouléguy;MONTAGNE-BASQUE;SAINT-ETIENNE-DE-BAIGORRY;2026-07-04;27.0;185.0;0.0;0.0;0.0;1.0;1.0;1.0;1.0;1.0;1.0;1.0;1.0;3.0;1.0;1.0;2.0;2026-07-03 22:00:00+00:00
43.192;-1.339;-01.339_43.192;33.0;33.0;Irouléguy;MONTAGNE-BASQUE;SAINT-ETIENNE-DE-BAIGORRY;2026-07-05;27.0;186.0;0.0;0.0;0.0;1.0;1.0;1.0;1.0;1.0;1.0;1.0;3.0;2.0;1.0;2.0;1.0;2026-07-04 22:00:00+00:00
43.192;-1.339;-01.339_43.192;33.0;33.0;Irouléguy;MONTAGNE-BASQUE;SAINT-ETIENNE-DE-BAIGORRY;2026-07-06;28.0;187.0;0.0;0.0;0.0;1.0;1.0;1.0;1.0;1.0;1.0;1.0;2.0;1.0;2.0;2.0;3.0;2026-07-05 22:00:00+00:00
43.192;-1.339;-01.339_43.192;33.0;33.0;Irouléguy;MONTAGNE-BASQUE;SAINT-ETIENNE-DE-BAIGORRY;2026-07-07;28.0;188.0;0.0;0.0;0.0;1.0;1.0;1.0;1.0;1.0;1.0;2.0;1.0;1.0;1.0;3.0;2.0;2026-07-06 22:00:00+00:00
43.192;-1.339;-01.339_43.192;33.0;33.0;Irouléguy;MONTAGNE-BASQUE;SAINT-ETIENNE-DE-BAIGORRY;2026-07-08;28.0;189.0;0.0;0.0;0.0;1.0;1.0;1.0;1.0;1.0;1.0;2.0;4.0;3.0;1.0;1.0;2.0;2026-07-07 22:00:00+00:00
43.192;-1.339;-01.339_43.192;33.0;33.0;Irouléguy;MONTAGNE-BASQUE;SAINT-ETIENNE-DE-BAIGORRY;2026-07-09;28.0;190.0;9.5;9.5;9.5;1.0;1.0;1.0;1.0;1.0;1.0;1.0;2.0;1.0;1.0;4.0;4.0;2026-07-08 22:00:00+00:00
43.192;-1.339;-01.339_43.192;33.0;33.0;Irouléguy;MONTAGNE-BASQUE;SAINT-ETIENNE-DE-BAIGORRY;2026-07-10;28.0;191.0;1.6;1.6;1.6;1.0;1.0;1.0;1.0;1.0;1.0;2.0;2.0;2.0;3.0;3.0;2.0;2026-07-09 22:00:00+00:00
43.192;-1.339;-01.339_43.192;33.0;33.0;Irouléguy;MONTAGNE-BASQUE;SAINT-ETIENNE-DE-BAIGORRY;2026-07-11;28.0;192.0;0.0;0.0;0.0;1.0;1.0;1.0;1.0;1.0;1.0;1.0;1.0;3.0;4.0;1.0;3.0;2026-07-10 22:00:00+00:00
43.192;-1.339;-01.339_43.192;33.0;33.0;Irouléguy;MONTAGNE-BASQUE;SAINT-ETIENNE-DE-BAIGORRY;2026-07-12;28.0;193.0;0.0;0.0;0.0;1.0;1.0;1.0;1.0;1.0;1.0;1.0;3.0;1.0;3.0;4.0;1.0;2026-07-11 22:00:00+00:00
43.192;-1.339;-01.339_43.192;33.0;33.0;Irouléguy;MONTAGNE-BASQUE;SAINT-ETIENNE-DE-BAIGORRY;2026-07-13;29.0;194.0;0.0;0.0;0.0;1.0;1.0;1.0;1.0;1.0;1.0;2.0;1.0;4.0;1.0;3.0;2.0;2026-07-12 22:00:00+00:00
43.192;-1.339;-01.339_43.192;33.0;33.0;Irouléguy;MONTAGNE-BASQUE;SAINT-ETIENNE-DE-BAIGORRY;2026-07-14;29.0;195.0;0.0;0.0;0.0;1.0;1.0;1.0;1.0;1.0;1.0;3.0;1.0;3.0;1.0;1.0;1.0;2026-07-13 22:00:00+00:00
43.192;-1.339;-01.339_43.192;33.0;33.0;Irouléguy;MONTAGNE-BASQUE;SAINT-ETIENNE-DE-BAIGORRY;2026-07-15;29.0;196.0;0.0;0.0;0.0;1.0;1.0;1.0;1.0;1.0;1.0;2.0;3.0;2.0;2.0;2.0;2.0;2026-07-14 22:00:00+00:00
43.192;-1.339;-01.339_43.192;33.0;33.0;Irouléguy;MONTAGNE-BASQUE;SAINT-ETIENNE-DE-BAIGORRY;2026-07-16;29.0;197.0;8.4;8.4;8.4;1.0;1.0;1.0;1.0;1.0;1.0;1.0;3.0;2.0;1.0;2.0;1.0;2026-07-15 22:00:00+00:00
43.192;-1.339;-01.339_43.192;33.0;33.0;Irouléguy;MONTAGNE-BASQUE;SAINT-ETIENNE-DE-BAIGORRY;2026-07-17;29.0;198.0;0.6;0.6;0.6;1.0;1.0;1.0;1.0;1.0;1.0;2.0;1.0;1.0;2.0;4.0;1.0;2026-07-16 22:00:00+00:00
43.192;-1.339;-01.339_43.192;33.0;33.0;Irouléguy;MONTAGNE-BASQUE;SAINT-ETIENNE-DE-BAIGORRY;2026-07-18;29.0;199.0;0.0;0.0;0.0;1.0;1.0;1.0;1.0;1.0;1.0;1.0;4.0;1.0;1.0;4.0;1.0;2026-07-17 22:00:00+00:00
43.192;-1.339;-01.339_43.192;33.0;33.0;Irouléguy;MONTAGNE-BASQUE;SAINT-ETIENNE-DE-BAIGORRY;2026-07-19;29.0;200.0;0.0;0.0;0.0;1.0;1.0;1.0;1.0;1.0;1.0;1.0;1.0;1.0;2.0;2.0;1.0;2026-07-18 22:00:00+00:00
43.192;-1.339;-01.339_43.192;33.0;33.0;Irouléguy;MONTAGNE-BASQUE;SAINT-ETIENNE-DE-BAIGORRY;2026-07-20;30.0;201.0;0.0;0.0;0.0;1.0;1.0;1.0;1.0;1.0;1.0;2.0;2.0;1.0;1.0;1.0;1.0;2026-07-19 22:00:00+00:00
43.192;-1.339;-01.339_43.192;33.0;33.0;Irouléguy;MONTAGNE-BASQUE;SAINT-ETIENNE-DE-BAIGORRY;2026-07-21;30.0;202.0;0.0;0.0;0.0;1.0;1.0;1.0;1.0;1.0;1.0;1.0;2.0;3.0;2.0;1.0;3.0;2026-07-20 22:00:00+00:00
43.192;-1.339;-01.339_43.192;33.0;33.0;Irouléguy;MONTAGNE-BASQUE;SAINT-ETIENNE-DE-BAIGORRY;2026-07-22;30.0;203.0;0.0;0.0;0.0;1.0;1.0;1.0;1.0;1.0;1.0;1.0;3.0;1.0;1.0;3.0;3.0;2026-07-21 22:00:00+00:00
43.192;-1.339;-01.339_43.192;33.0;33.0;Irouléguy;MONTAGNE-BASQUE;SAINT-ETIENNE-DE-BAIGORRY;2026-07-23;30.0;204.0;0.0;0.0;0.0;1.0;1.0;1.0;1.0;1.0;1.0;1.0;1.0;2.0;1.0;1.0;1.0;2026-07-22 22:00:00+00:00
43.192;-1.339;-01.339_43.192;33.0;33.0;Irouléguy;MONTAGNE-BASQUE;SAINT-ETIENNE-DE-BAIGORRY;2026-07-24;30.0;205.0;0.0;0.0;0.0;1.0;1.0;1.0;1.0;1.0;1.0;2.0;1.0;2.0;1.0;4.0;1.0;2026-07-23 22:00:00+00:00
43.192;-1.339;-01.339_43.192;33.0;33.0;Irouléguy;MONTAGNE-BASQUE;SAINT-ETIENNE-DE-BAIGORRY;2026-07-25;30.0;206.0;21.7;21.7;21.7;1.0;1.0;1.0;1.0;1.0;1.0;2.0;1.0;1.0;2.0;2.0;2.0;2026-07-24 22:00:00+00:00
43.192;-1.339;-01.339_43.192;33.0;33.0;Irouléguy;MONTAGNE-BASQUE;SAINT-ETIENNE-DE-BAIGORRY;2026-07-26;30.0;207.0;0.5;0.5;0.5;1.0;1.0;1.0;1.0;1.0;1.0;3.0;2.0;1.0;1.0;1.0;2.0;2026-07-25 22:00:00+00:00
43.192;-1.339;-01.339_43.192;33.0;33.0;Irouléguy;MONTAGNE-BASQUE;SAINT-ETIENNE-DE-BAIGORRY;2026-07-27;31.0;208.0;0.5;0.5;0.5;1.0;1.0;1.0;1.0;1.0;1.0;2.0;2.0;4.0;4.0;3.0;2.0;2026-07-26 22:00:00+00:00
43.192;-1.339;-01.339_43.192;33.0;33.0;Irouléguy;MONTAGNE-BASQUE;SAINT-ETIENNE-DE-BAIGORRY;2026-07-28;31.0;209.0;0.0;0.0;0.0;1.0;1.0;1.0;1.0;1.0;1.0;2.0;2.0;1.0;2.0;1.0;1.0;2026-07-27 22:00:00+00:00
43.192;-1.339;-01.339_43.192;33.0;33.0;Irouléguy;MONTAGNE-BASQUE;SAINT-ETIENNE-DE-BAIGORRY;2026-07-29;31.0;210.0;0.0;0.0;0.0;1.0;1.0;1.0;1.0;1.0;1.0;3.0;1.0;1.0;1.0;3.0;2.0;2026-07-28 22:00:00+00:00
43.192;-1.339;-01.339_43.192;33.0;33.0;Irouléguy;MONTAGNE-BASQUE;SAINT-ETIENNE-DE-BAIGORRY;2026-07-30;31.0;211.0;0.0;0.0;0.0;1.0;1.0;1.0;2.0;2.0;2.0;2.0;1.0;2.0;1.0;1.0;3.0;2026-07-29 22:00:00+00:00
43.192;-1.339;-01.339_43.192;33.0;33.0;Irouléguy;MONTAGNE-BASQUE;SAINT-ETIENNE-DE-BAIGORRY;2026-07-31;31.0;212.0;0.5;0.5;0.5;1.0;1.0;1.0;2.0;2.0;2.0;3.0;1.0;1.0;3.0;1.0;3.0;2026-07-30 22:00:00+00:00
43.192;-1.339;-01.339_43.192;33.0;33.0;Irouléguy;MONTAGNE-BASQUE;SAINT-ETIENNE-DE-BAIGORRY;2026-08-01;31.0;213.0;0.0;0.0;0.0;1.0;1.0;1.0;2.0;2.0;2.0;4.0;2.0;4.0;2.0;1.0;1.0;2026-07-31 22:00:00+00:00
43.192;-1.339;-01.339_43.192;33.0;33.0;Irouléguy;MONTAGNE-BASQUE;SAINT-ETIENNE-DE-BAIGORRY;2026-08-02;31.0;214.0;0.0;0.0;0.0;1.0;1.0;1.0;2.0;2.0;2.0;1.0;2.0;1.0;1.0;1.0;2.0;2026-08-01 22:00:00+00:00
43.192;-1.339;-01.339_43.192;33.0;33.0;Irouléguy;MONTAGNE-BASQUE;SAINT-ETIENNE-DE-BAIGORRY;2026-08-03;32.0;215.0;0.1;0.1;0.1;1.0;1.0;1.0;;;;2.0;2.0;2.0;2.0;1.0;4.0;2026-08-02 22:00:00+00:00
43.192;-1.339;-01.339_43.192;33.0;33.0;Irouléguy;MONTAGNE-BASQUE;SAINT-ETIENNE-DE-BAIGORRY;2026-08-04;32.0;216.0;0.0;0.0;0.0;1.0;1.0;1.0;;;;2.0;1.0;1.0;1.0;3.0;1.0;2026-08-03 22:00:00+00:00
43.192;-1.339;-01.339_43.192;33.0;33.0;Irouléguy;MONTAGNE-BASQUE;SAINT-ETIENNE-DE-BAIGORRY;2026-08-05;32.0;217.0;0.0;0.0;0.0;1.0;1.0;1.0;2.0;2.0;2.0;2.0;1.0;1.0;2.0;4.0;1.0;2026-08-04 22:00:00+00:00
43.192;-1.339;-01.339_43.192;33.0;33.0;Irouléguy;MONTAGNE-BASQUE;SAINT-ETIENNE-DE-BAIGORRY;2026-08-06;32.0;218.0;0.0;0.0;0.0;1.0;1.0;1.0;2.0;2.0;2.0;2.0;1.0;1.0;1.0;2.0;2.0;2026-08-05 22:00:00+00:00
43.192;-1.339;-01.339_43.192;33.0;33.0;Irouléguy;MONTAGNE-BASQUE;SAINT-ETIENNE-DE-BAIGORRY;2026-08-07;32.0;219.0;0.0;0.0;0.0;1.0;1.0;1.0;1.0;1.0;1.0;2.0;3.0;2.0;2.0;3.0;1.0;2026-08-06 22:00:00+00:00
43.192;-1.339;-01.339_43.192;33.0;33.0;Irouléguy;MONTAGNE-BASQUE;SAINT-ETIENNE-DE-BAIGORRY;2026-08-08;32.0;220.0;2.3000000000000003;2.3000000000000003;2.3000000000000003;1.0;1.0;1.0;1.0;1.0;1.0;1.0;1.0;3.0;1.0;1.0;1.0;2026-08-07 22:00:00+00:00
43.192;-1.339;-01.339_43.192;33.0;33.0;Irouléguy;MONTAGNE-BASQUE;SAINT-ETIENNE-DE-BAIGORRY;2026-08-09;32.0;221.0;21.5;21.5;21.5;1.0;1.0;1.0;2.0;2.0;2.0;2.0;1.0;1.0;2.0;2.0;3.0;2026-08-08 22:00:00+00:00
43.192;-1.339;-01.339_43.192;33.0;33.0;Irouléguy;MONTAGNE-BASQUE;SAINT-ETIENNE-DE-BAIGORRY;2026-08-10;33.0;222.0;0.0;0.0;0.0;1.0;1.0;1.0;;;;2.0;1.0;1.0;3.0;2.0;1.0;2026-08-09 22:00:00+00:00
43.192;-1.339;-01.339_43.192;33.0;33.0;Irouléguy;MONTAGNE-BASQUE;SAINT-ETIENNE-DE-BAIGORRY;2026-08-11;33.0;223.0;0.0;0.0;0.0;1.0;1.0;1.0;2.0;2.0;2.0;1.0;3.0;4.0;1.0;1.0;2.0;2026-08-10 22:00:00+00:00
43.192;-1.339;-01.339_43.192;33.0;33.0;Irouléguy;MONTAGNE-BASQUE;SAINT-ETIENNE-DE-BAIGORRY;2026-08-12;33.0;224.0;0.0;0.0;0.0;1.0;1.0;1.0;2.0;2.0;2.0;4.0;3.0;3.0;2.0;3.0;1.0;2026-08-11 22:00:00+00:00
43.192;-1.339;-01.339_43.192;33.0;33.0;Irouléguy;MONTAGNE-BASQUE;SAINT-ETIENNE-DE-BAIGORRY;2026-08-13;33.0;225.0;0.0;0.0;0.0;1.0;1.0;1.0;2.0;2.0;2.0;2.0;4.0;1.0;3.0;2.0;4.0;2026-08-12 22:00:00+00:00
43.192;-1.339;-01.339_43.192;33.0;33.0;Irouléguy;MONTAGNE-BASQUE;SAINT-ETIENNE-DE-BAIGORRY;2026-08-14;33.0;226.0;0.0;0.0;0.0;1.0;1.0;1.0;2.0;2.0;2.0;2.0;3.0;2.0;2.0;1.0;1.0;2026-08-13 22:00:00+00:00
43.192;-1.339;-01.339_43.192;33.0;33.0;Irouléguy;MONTAGNE-BASQUE;SAINT-ETIENNE-DE-BAIGORRY;2026-08-15;33.0;227.0;0.0;0.0;0.0;1.0;1.0;1.0;;;;2.0;1.0;1.0;1.0;1.0;2.0;2026-08-14 22:00:00+00:00
43.192;-1.339;-01.339_43.192;33.0;33.0;Irouléguy;MONTAGNE-BASQUE;SAINT-ETIENNE-DE-BAIGORRY;2026-08-16;33.0;228.0;0.8;0.8;0.8;1.0;1.0;1.0;;;;3.0;1.0;1.0;2.0;2.0;2.0;2026-08-15 22:00:00+00:00
43.192;-1.339;-01.339_43.192;33.0;33.0;Irouléguy;MONTAGNE-BASQUE;SAINT-ETIENNE-DE-BAIGORRY;2026-08-17;34.0;229.0;0.0;0.0;0.0;1.0;1.0;1.0;2.0;2.0;2.0;1.0;1.0;2.0;1.0;1.0;1.0;2026-08-16 22:00:00+00:00
43.192;-1.339;-01.339_43.192;33.0;33.0;Irouléguy;MONTAGNE-BASQUE;SAINT-ETIENNE-DE-BAIGORRY;2026-08-18;34.0;230.0;0.0;0.0;0.0;1.0;1.0;1.0;2.0;2.0;2.0;2.0;1.0;1.0;1.0;2.0;1.0;2026-08-17 22:00:00+00:00
43.192;-1.339;-01.339_43.192;33.0;33.0;Irouléguy;MONTAGNE-BASQUE;SAINT-ETIENNE-DE-BAIGORRY;2026-08-19;34.0;231.0;0.0;0.0;0.0;1.0;1.0;1.0;;;;1.0;1.0;2.0;2.0;1.0;1.0;2026-08-18 22:00:00+00:00
43.192;-1.339;-01.339_43.192;33.0;33.0;Irouléguy;MONTAGNE-BASQUE;SAINT-ETIENNE-DE-BAIGORRY;2026-08-20;34.0;232.0;1.3;1.3;1.3;1.0;1.0;1.0;2.0;2.0;2.0;1.0;1.0;1.0;1.0;1.0;1.0;2026-08-19 22:00:00+00:00
43.192;-1.339;-01.339_43.192;33.0;33.0;Irouléguy;MONTAGNE-BASQUE;SAINT-ETIENNE-DE-BAIGORRY;2026-08-21;34.0;233.0;2.8000000000000003;2.8000000000000003;2.8000000000000003;1.0;1.0;1.0;2.0;2.0;2.0;1.0;2.0;1.0;3.0;1.0;2.0;2026-08-20 22:00:00+00:00
43.192;-1.339;-01.339_43.192;33.0;33.0;Irouléguy;MONTAGNE-BASQUE;SAINT-ETIENNE-DE-BAIGORRY;2026-08-22;34.0;234.0;0.0;0.0;0.0;1.0;1.0;1.0;2.0;2.0;2.0;1.0;4.0;4.0;3.0;3.0;1.0;2026-08-21 22:00:00+00:00
43.192;-1.339;-01.339_43.192;33.0;33.0;Irouléguy;MONTAGNE-BASQUE;SAINT-ETIENNE-DE-BAIGORRY;2026-08-23;34.0;235.0;13.2;13.2;13.2;1.0;1.0;1.0;2.0;2.0;2.0;4.0;1.0;1.0;2.0;2.0;2.0;2026-08-22 22:00:00+00:00
43.192;-1.339;-01.339_43.192;33.0;33.0;Irouléguy;MONTAGNE-BASQUE;SAINT-ETIENNE-DE-BAIGORRY;2026-08-24;35.0;236.0;0.3;0.3;0.3;1.0;1.0;1.0;;;;1.0;2.0;2.0;1.0;1.0;4.0;2026-08-23 22:00:00+00:00
44.452;0.029;00.029_44.452;33.0;33.0;Lot-et-Garonne;PETITES-LANDES;COCUMONT;2026-01-01;1.0;1.0;0.0;0.0;0.0;1.0;1.0;1.0;;;;1.0;3.0;4.0;2.0;3.0;3.0;2025-12-31 23:00:00+00:00
44.452;0.029;00.029_44.452;33.0;33.0;Lot-et-Garonne;PETITES-LANDES;COCUMONT;2026-01-02;1.0;2.0;0.0;0.0;0.0;1.0;1.0;1.0;;;;1.0;1.0;3.0;1.0;1.0;1.0;2026-01-01 23:00:00+00:00
44.452;0.029;00.029_44.452;33.0;33.0;Lot-et-Garonne;PETITES-LANDES;COCUMONT;2026-01-03;1.0;3.0;0.0;0.0;0.0;1.0;1.0;1.0;;;;2.0;2.0;2.0;2.0;2.0;1.0;2026-01-02 23:00:00+00:00
44.452;0.029;00.029_44.452;33.0;33.0;Lot-et-Garonne;PETITES-LANDES;COCUMONT;2026-01-04;1.0;4.0;0.0;0.0;0.0;1.0;1.0;1.0;;;;1.0;1.0;1.0;1.0;1.0;3.0;2026-01-03 23:00:00+00:00
44.452;0.029;00.029_44.452;33.0;33.0;Lot-et-Garonne;PETITES-LANDES;COCUMONT;2026-01-05;2.0;5.0;0.0;0.0;0.0;1.0;1.0;1.0;;;;1.0;4.0;3.0;1.0;1.0;1.0;2026-01-04 23:00:00+00:00
44.452;0.029;00.029_44.452;33.0;33.0;Lot-et-Garonne;PETITES-LANDES;COCUMONT;2026-01-06;2.0;6.0;0.0;0.0;0.0;1.0;1.0;1.0;;;;1.0;3.0;2.0;2.0;2.0;3.0;2026-01-05 23:00:00+00:00
44.452;0.029;00.029_44.452;33.0;33.0;Lot-et-Garonne;PETITES-LANDES;COCUMONT;2026-01-07;2.0;7.0;1.2;1.2;1.2;1.0;1.0;1.0;;;;2.0;1.0;2.0;2.0;3.0;1.0;2026-01-06 23:00:00+00:00
44.452;0.029;00.029_44.452;33.0;33.0;Lot-et-Garonne;PETITES-LANDES;COCUMONT;2026-01-08;2.0;8.0;12.8;12.8;12.8;1.0;1.0;1.0;;;;1.0;1.0;1.0;1.0;1.0;1.0;2026-01-07 23:00:00+00:00
44.452;0.029;00.029_44.452;33.0;33.0;Lot-et-Garonne;PETITES-LANDES;COCUMONT;2026-01-09;2.0;9.0;16.8;16.8;16.8;1.0;1.0;1.0;;;;1.0;2.0;2.0;2.0;1.0;1.0;2026-01-08 23:00:00+00:00
44.452;0.029;00.029_44.452;33.0;33.0;Lot-et-Garonne;PETITES-LANDES;COCUMONT;2026-01-10;2.0;10.0;8.4;8.4;8.4;1.0;1.0;1.0;;;;4.0;3.0;2.0;4.0;1.0;3.0;2026-01-09 23:00:00+00:00
44.452;0.029;00.029_44.452;33.0;33.0;Lot-et-Garonne;PETITES-LANDES;COCUMONT;2026-01-11;2.0;11.0;0.0;0.0;0.0;1.0;1.0;1.0;;;;2.0;3.0;1.0;1.0;2.0;3.0;2026-01-10 23:00:00+00:00
44.452;0.029;00.029_44.452;33.0;33.0;Lot-et-Garonne;PETITES-LANDES;COCUMONT;2026-01-12;3.0;12.0;0.0;0.0;0.0;1.0;1.0;1.0;;;;1.0;1.0;1.0;3.0;3.0;1.0;2026-01-11 23:00:00+00:00
44.452;0.029;00.029_44.452;33.0;33.0;Lot-et-Garonne;PETITES-LANDES;COCUMONT;2026-01-13;3.0;13.0;0.0;0.0;0.0;1.0;1.0;1.0;;;;3.0;2.0;2.0;2.0;1.0;1.0;2026-01-12 23:00:00+00:00
44.452;0.029;00.029_44.452;33.0;33.0;Lot-et-Garonne;PETITES-LANDES;COCUMONT;2026-01-14;3.0;14.0;0.5;0.5;0.5;1.0;1.0;1.0;;;;1.0;1.0;1.0;2.0;2.0;1.0;2026-01-13 23:00:00+00:00
44.452;0.029;00.029_44.452;33.0;33.0;Lot-et-Garonne;PETITES-LANDES;COCUMONT;2026-01-15;3.0;15.0;1.9;1.9;1.9;1.0;1.0;1.0;;;;2.0;1.0;3.0;4.0;1.0;2.0;2026-01-14 23:00:00+00:00
44.452;0.029;00.029_44.452;33.0;33.0;Lot-et-Garonne;PETITES-LANDES;COCUMONT;2026-01-16;3.0;16.0;4.5;4.5;4.5;1.0;1.0;1.0;;;;1.0;3.0;3.0;1.0;3.0;1.0;2026-01-15 23:00:00+00:00
44.452;0.029;00.029_44.452;33.0;33.0;Lot-et-Garonne;PETITES-LANDES;COCUMONT;2026-01-17;3.0;17.0;2.9;2.9;2.9;1.0;1.0;1.0;;;;3.0;1.0;4.0;1.0;2.0;1.0;2026-01-16 23:00:00+00:00
44.452;0.029;00.029_44.452;33.0;33.0;Lot-et-Garonne;PETITES-LANDES;COCUMONT;2026-01-18;3.0;18.0;1.4;1.4;1.4;1.0;1.0;1.0;;;;1.0;1.0;2.0;1.0;1.0;1.0;2026-01-17 23:00:00+00:00
44.452;0.029;00.029_44.452;33.0;33.0;Lot-et-Garonne;PETITES-LANDES;COCUMONT;2026-01-19;4.0;19.0;11.8;11.8;11.8;1.0;1.0;1.0;;;;2.0;1.0;1.0;1.0;1.0;3.0;2026-01-18 23:00:00+00:00
44.452;0.029;00.029_44.452;33.0;33.0;Lot-et-Garonne;PETITES-LANDES;COCUMONT;2026-01-20;4.0;20.0;0.0;0.0;0.0;1.0;1.0;1.0;;;;2.0;1.0;2.0;3.0;2.0;2.0;2026-01-19 23:00:00+00:00
44.452;0.029;00.029_44.452;33.0;33.0;Lot-et-Garonne;PETITES-LANDES;COCUMONT;2026-01-21;4.0;21.0;3.3;3.3;3.3;1.0;1.0;1.0;;;;2.0;1.0;1.0;2.0;2.0;2.0;2026-01-20 23:00:00+00:00
44.452;0.029;00.029_44.452;33.0;33.0;Lot-et-Garonne;PETITES-LANDES;COCUMONT;2026-01-22;4.0;22.0;1.9;1.9;1.9;1.0;1.0;1.0;;;;1.0;1.0;1.0;3.0;2.0;2.0;2026-01-21 23:00:00+00:00
44.452;0.029;00.029_44.452;33.0;33.0;Lot-et-Garonne;PETITES-LANDES;COCUMONT;2026-01-23;4.0;23.0;3.8;3.8;3.8;1.0;1.0;1.0;;;;1.0;1.0;1.0;3.0;2.0;3.0;2026-01-22 23:00:00+00:00
44.452;0.029;00.029_44.452;33.0;33.0;Lot-et-Garonne;PETITES-LANDES;COCUMONT;2026-01-24;4.0;24.0;3.4000000000000004;3.4000000000000004;3.4000000000000004;1.0;1.0;1.0;;;;1.0;1.0;3.0;2.0;4.0;1.0;2026-01-23 23:00:00+00:00
44.452;0.029;00.029_44.452;33.0;33.0;Lot-et-Garonne;PETITES-LANDES;COCUMONT;2026-01-25;4.0;25.0;19.5;19.5;19.5;1.0;1.0;1.0;;;;1.0;1.0;3.0;1.0;2.0;2.0;2026-01-24 23:00:00+00:00
44.452;0.029;00.029_44.452;33.0;33.0;Lot-et-Garonne;PETITES-LANDES;COCUMONT;2026-01-26;5.0;26.0;2.2;2.2;2.2;1.0;1.0;1.0;;;;2.0;2.0;4.0;1.0;1.0;1.0;2026-01-25 23:00:00+00:00
44.452;0.029;00.029_44.452;33.0;33.0;Lot-et-Garonne;PETITES-LANDES;COCUMONT;2026-01-27;5.0;27.0;4.5;4.5;4.5;1.0;1.0;1.0;;;;4.0;1.0;4.0;2.0;1.0;2.0;2026-01-26 23:00:00+00:00
44.452;0.029;00.029_44.452;33.0;33.0;Lot-et-Garonne;PETITES-LANDES;COCUMONT;2026-01-28;5.0;28.0;6.5;6.5;6.5;1.0;1.0;1.0;;;;1.0;1.0;1.0;1.0;2.0;1.0;2026-01-27 23:00:00+00:00
44.452;0.029;00.029_44.452;33.0;33.0;Lot-et-Garonne;PETITES-LANDES;COCUMONT;2026-01-29;5.0;29.0;11.9;11.9;11.9;1.0;1.0;1.0;;;;1.0;2.0;1.0;1.0;1.0;1.0;2026-01-28 23:00:00+00:00
44.452;0.029;00.029_44.452;33.0;33.0;Lot-et-Garonne;PETITES-LANDES;COCUMONT;2026-01-30;5.0;30.0;3.3;3.3;3.3;1.0;1.0;1.0;;;;1.0;2.0;1.0;1.0;1.0;1.0;2026-01-29 23:00:00+00:00
44.452;0.029;00.029_44.452;33.0;33.0;Lot-et-Garonne;PETITES-LANDES;COCUMONT;2026-01-31;5.0;31.0;7.0;7.0;7.0;1.0;1.0;1.0;;;;1.0;1.0;2.0;1.0;3.0;1.0;2026-01-30 23:00:00+00:00
44.452;0.029;00.029_44.452;33.0;33.0;Lot-et-Garonne;PETITES-LANDES;COCUMONT;2026-02-01;5.0;32.0;1.9;1.9;1.9;1.0;1.0;1.0;;;;2.0;2.0;1.0;1.0;4.0;1.0;2026-01-31 23:00:00+00:00
44.452;0.029;00.029_44.452;33.0;33.0;Lot-et-Garonne;PETITES-LANDES;COCUMONT;2026-02-02;6.0;33.0;4.5;4.5;4.5;1.0;1.0;1.0;;;;1.0;2.0;1.0;2.0;2.0;1.0;2026-02-01 23:00:00+00:00
44.452;0.029;00.029_44.452;33.0;33.0;Lot-et-Garonne;PETITES-LANDES;COCUMONT;2026-02-03;6.0;34.0;0.3;0.3;0.3;1.0;1.0;1.0;;;;1.0;2.0;1.0;3.0;1.0;1.0;2026-02-02 23:00:00+00:00
44.452;0.029;00.029_44.452;33.0;33.0;Lot-et-Garonne;PETITES-LANDES;COCUMONT;2026-02-04;6.0;35.0;3.3000000000000003;3.3000000000000003;3.3000000000000003;1.0;1.0;1.0;;;;1.0;2.0;1.0;2.0;2.0;1.0;2026-02-03 23:00:00+00:00
44.452;0.029;00.029_44.452;33.0;33.0;Lot-et-Garonne;PETITES-LANDES;COCUMONT;2026-02-05;6.0;36.0;8.3;8.3;8.3;1.0;1.0;1.0;;;;1.0;2.0;2.0;3.0;1.0;3.0;2026-02-04 23:00:00+00:00
44.452;0.029;00.029_44.452;33.0;33.0;Lot-et-Garonne;PETITES-LANDES;COCUMONT;2026-02-06;6.0;37.0;5.0;5.0;5.0;1.0;1.0;1.0;;;;1.0;1.0;3.0;2.0;1.0;1.0;2026-02-05 23:00:00+00:00
44.452;0.029;00.029_44.452;33.0;33.0;Lot-et-Garonne;PETITES-LANDES;COCUMONT;2026-02-07;6.0;38.0;0.9;0.9;0.9;1.0;1.0;1.0;;;;1.0;1.0;2.0;2.0;1.0;1.0;2026-02-06 23:00:00+00:00
44.452;0.029;00.029_44.452;33.0;33.0;Lot-et-Garonne;PETITES-LANDES;COCUMONT;2026-02-08;6.0;39.0;0.1;0.1;0.1;1.0;1.0;1.0;;;;2.0;3.0;4.0;3.0;1.0;1.0;2026-02-07 23:00:00+00:00
44.452;0.029;00.029_44.452;33.0;33.0;Lot-et-Garonne;PETITES-LANDES;COCUMONT;2026-02-09;7.0;40.0;4.1;4.1;4.1;1.0;1.0;1.0;;;;3.0;1.0;1.0;2.0;2.0;1.0;2026-02-08 23:00:00+00:00
44.452;0.029;00.029_44.452;33.0;33.0;Lot-et-Garonne;PETITES-LANDES;COCUMONT;2026-02-10;7.0;41.0;19.9;19.9;19.9;1.0;1.0;1.0;;;;1.0;2.0;2.0;2.0;2.0;1.0;2026-02-09 23:00:00+00:00
44.452;0.029;00.029_44.452;33.0;33.0;Lot-et-Garonne;PETITES-LANDES;COCUMONT;2026-02-11;7.0;42.0;11.6;11.6;11.6;1.0;1.0;1.0;;;;1.0;1.0;2.0;2.0;2.0;2.0;2026-02-10 23:00:00+00:00
44.452;0.029;00.029_44.452;33.0;33.0;Lot-et-Garonne;PETITES-LANDES;COCUMONT;2026-02-12;7.0;43.0;19.8;19.8;19.8;1.0;1.0;1.0;;;;1.0;1.0;1.0;3.0;3.0;2.0;2026-02-11 23:00:00+00:00
44.452;0.029;00.029_44.452;33.0;33.0;Lot-et-Garonne;PETITES-LANDES;COCUMONT;2026-02-13;7.0;44.0;3.5;3.5;3.5;1.0;1.0;1.0;;;;3.0;1.0;1.0;1.0;1.0;1.0;2026-02-12 23:00:00+00:00
44.452;0.029;00.029_44.452;33.0;33.0;Lot-et-Garonne;PETITES-LANDES;COCUMONT;2026-02-14;7.0;45.0;3.7;3.7;3.7;1.0;1.0;1.0;;;;3.0;1.0;3.0;3.0;4.0;1.0;2026-02-13 23:00:00+00:00
44.452;0.029;00.029_44.452;33.0;33.0;Lot-et-Garonne;PETITES-LANDES;COCUMONT;2026-02-15;7.0;46.0;11.0;11.0;11.0;1.0;1.0;1.0;;;;1.0;3.0;2.0;1.0;3.0;4.0;2026-02-14 23:00:00+00:00
44.452;0.029;00.029_44.452;33.0;33.0;Lot-et-Garonne;PETITES-LANDES;COCUMONT;2026-02-16;8.0;47.0;5.0;5.0;5.0;1.0;1.0;1.0;;;;1.0;1.0;1.0;2.0;1.0;1.0;2026-02-15 23:00:00+00:00
44.452;0.029;00.029_44.452;33.0;33.0;Lot-et-Garonne;PETITES-LANDES;COCUMONT;2026-02-17;8.0;48.0;1.1;1.1;1.1;1.0;1.0;1.0;;;;2.0;2.0;1.0;2.0;2.0;2.0;2026-02-16 23:00:00+00:00
44.452;0.029;00.029_44.452;33.0;33.0;Lot-et-Garonne;PETITES-LANDES;COCUMONT;2026-02-18;8.0;49.0;5.9;5.9;5.9;1.0;1.0;1.0;;;;1.0;1.0;1.0;1.0;3.0;2.0;2026-02-17 23:00:00+00:00
44.452;0.029;00.029_44.452;33.0;33.0;Lot-et-Garonne;PETITES-LANDES;COCUMONT;2026-02-19;8.0;50.0;13.3;13.3;13.3;1.0;1.0;1.0;;;;1.0;4.0;2.0;2.0;2.0;1.0;2026-02-18 23:00:00+00:00
44.452;0.029;00.029_44.452;33.0;33.0;Lot-et-Garonne;PETITES-LANDES;COCUMONT;2026-02-20;8.0;51.0;0.5;0.5;0.5;1.0;1.0;1.0;;;;2.0;1.0;2.0;3.0;2.0;2.0;2026-02-19 23:00:00+00:00
44.452;0.029;00.029_44.452;33.0;33.0;Lot-et-Garonne;PETITES-LANDES;COCUMONT;2026-02-21;8.0;52.0;0.0;0.0;0.0;1.0;1.0;1.0;;;;1.0;1.0;1.0;1.0;2.0;1.0;2026-02-20 23:00:00+00:00
44.452;0.029;00.029_44.452;33.0;33.0;Lot-et-Garonne;PETITES-LANDES;COCUMONT;2026-02-22;8.0;53.0;0.0;0.0;0.0;1.0;1.0;1.0;;;;1.0;2.0;2.0;2.0;1.0;1.0;2026-02-21 23:00:00+00:00
44.452;0.029;00.029_44.452;33.0;33.0;Lot-et-Garonne;PETITES-LANDES;COCUMONT;2026-02-23;9.0;54.0;0.0;0.0;0.0;1.0;1.0;1.0;;;;2.0;2.0;2.0;2.0;1.0;1.0;2026-02-22 23:00:00+00:00
44.452;0.029;00.029_44.452;33.0;33.0;Lot-et-Garonne;PETITES-LANDES;COCUMONT;2026-02-24;9.0;55.0;0.0;0.0;0.0;1.0;1.0;1.0;;;;1.0;1.0;2.0;3.0;1.0;2.0;2026-02-23 23:00:00+00:00
44.452;0.029;00.029_44.452;33.0;33.0;Lot-et-Garonne;PETITES-LANDES;COCUMONT;2026-02-25;9.0;56.0;0.0;0.0;0.0;1.0;1.0;1.0;;;;2.0;1.0;1.0;1.0;1.0;4.0;2026-02-24 23:00:00+00:00
44.452;0.029;00.029_44.452;33.0;33.0;Lot-et-Garonne;PETITES-LANDES;COCUMONT;2026-02-26;9.0;57.0;0.0;0.0;0.0;1.0;1.0;1.0;;;;1.0;1.0;2.0;2.0;1.0;1.0;2026-02-25 23:00:00+00:00
44.452;0.029;00.029_44.452;33.0;33.0;Lot-et-Garonne;PETITES-LANDES;COCUMONT;2026-02-27;9.0;58.0;0.0;0.0;0.0;1.0;1.0;1.0;;;;2.0;2.0;1.0;1.0;4.0;2.0;2026-02-26 23:00:00+00:00
44.452;0.029;00.029_44.452;33.0;33.0;Lot-et-Garonne;PETITES-LANDES;COCUMONT;2026-02-28;9.0;59.0;1.5;1.5;1.5;1.0;1.0;1.0;;;;3.0;1.0;2.0;1.0;1.0;1.0;2026-02-27 23:00:00+00:00
44.452;0.029;00.029_44.452;33.0;33.0;Lot-et-Garonne;PETITES-LANDES;COCUMONT;2026-03-01;9.0;60.0;0.0;0.0;0.0;1.0;1.0;1.0;;;;2.0;1.0;1.0;2.0;1.0;1.0;2026-02-28 23:00:00+00:00
44.452;0.029;00.029_44.452;33.0;33.0;Lot-et-Garonne;PETITES-LANDES;COCUMONT;2026-03-02;10.0;61.0;0.0;0.0;0.0;1.0;1.0;1.0;;;;1.0;1.0;3.0;1.0;2.0;2.0;2026-03-01 23:00:00+00:00
44.452;0.029;00.029_44.452;33.0;33.0;Lot-et-Garonne;PETITES-LANDES;COCUMONT;2026-03-03;10.0;62.0;0.0;0.0;0.0;1.0;1.0;1.0;;;;1.0;1.0;2.0;1.0;2.0;1.0;2026-03-02 23:00:00+00:00
44.452;0.029;00.029_44.452;33.0;33.0;Lot-et-Garonne;PETITES-LANDES;COCUMONT;2026-03-04;10.0;63.0;0.0;0.0;0.0;1.0;1.0;1.0;;;;1.0;3.0;3.0;1.0;1.0;2.0;2026-03-03 23:00:00+00:00
44.452;0.029;00.029_44.452;33.0;33.0;Lot-et-Garonne;PETITES-LANDES;COCUMONT;2026-03-05;10.0;64.0;1.2;1.2;1.2;1.0;1.0;1.0;;;;3.0;2.0;2.0;1.0;1.0;1.0;2026-03-04 23:00:00+00:00
44.452;0.029;00.029_44.452;33.0;33.0;Lot-et-Garonne;PETITES-LANDES;COCUMONT;2026-03-06;10.0;65.0;0.6;0.6;0.6;1.0;1.0;1.0;;;;1.0;3.0;2.0;1.0;2.0;2.0;2026-03-05 23:00:00+00:00
44.452;0.029;00.029_44.452;33.0;33.0;Lot-et-Garonne;PETITES-LANDES;COCUMONT;2026-03-07;10.0;66.0;0.3;0.3;0.3;1.0;1.0;1.0;;;;3.0;1.0;2.0;2.0;2.0;1.0;2026-03-06 23:00:00+00:00
44.452;0.029;00.029_44.452;33.0;33.0;Lot-et-Garonne;PETITES-LANDES;COCUMONT;2026-03-08;10.0;67.0;0.1;0.1;0.1;1.0;1.0;1.0;;;;2.0;1.0;2.0;3.0;2.0;4.0;2026-03-07 23:00:00+00:00
44.452;0.029;00.029_44.452;33.0;33.0;Lot-et-Garonne;PETITES-LANDES;COCUMONT;2026-03-09;11.0;68.0;0.0;0.0;0.0;1.0;1.0;1.0;;;;3.0;1.0;1.0;2.0;3.0;1.0;2026-03-08 23:00:00+00:00
44.452;0.029;00.029_44.452;33.0;33.0;Lot-et-Garonne;PETITES-LANDES;COCUMONT;2026-03-10;11.0;69.0;2.8;2.8;2.8;1.0;1.0;1.0;;;;1.0;1.0;1.0;1.0;4.0;1.0;2026-03-09 23:00:00+00:00
44.452;0.029;00.029_44.452;33.0;33.0;Lot-et-Garonne;PETITES-LANDES;COCUMONT;2026-03-11;11.0;70.0;6.3;6.3;6.3;1.0;1.0;1.0;;;;2.0;2.0;2.0;3.0;1.0;1.0;2026-03-10 23:00:00+00:00
44.452;0.029;00.029_44.452;33.0;33.0;Lot-et-Garonne;PETITES-LANDES;COCUMONT;2026-03-12;11.0;71.0;0.0;0.0;0.0;1.0;1.0;1.0;;;;1.0;2.0;1.0;1.0;1.0;1.0;2026-03-11 23:00:00+00:00
44.452;0.029;00.029_44.452;33.0;33.0;Lot-et-Garonne;PETITES-LANDES;COCUMONT;2026-03-13;11.0;72.0;10.3;10.3;10.3;1.0;1.0;1.0;;;;2.0;1.0;3.0;2.0;4.0;1.0;2026-03-12 23:00:00+00:00
44.452;0.029;00.029_44.452;33.0;33.0;Lot-et-Garonne;PETITES-LANDES;COCUMONT;2026-03-14;11.0;73.0;7.6;7.6;7.6;1.0;1.0;1.0;;;;2.0;1.0;1.0;1.0;1.0;1.0;2026-03-13 23:00:00+00:00
44.452;0.029;00.029_44.452;33.0;33.0;Lot-et-Garonne;PETITES-LANDES;COCUMONT;2026-03-15;11.0;74.0;0.0;0.0;0.0;1.0;1.0;1.0;;;;2.0;3.0;1.0;2.0;2.0;1.0;2026-03-14 23:00:00+00:00
44.452;0.029;00.029_44.452;33.0;33.0;Lot-et-Garonne;PETITES-LANDES;COCUMONT;2026-03-16;12.0;75.0;0.4;0.4;0.4;1.0;1.0;1.0;;;;2.0;1.0;2.0;1.0;2.0;1.0;2026-03-15 23:00:00+00:00
44.452;0.029;00.029_44.452;33.0;33.0;Lot-et-Garonne;PETITES-LANDES;COCUMONT;2026-03-17;12.0;76.0;0.0;0.0;0.0;1.0;1.0;1.0;;;;1.0;1.0;1.0;2.0;3.0;1.0;2026-03-16 23:00:00+00:00
44.452;0.029;00.029_44.452;33.0;33.0;Lot-et-Garonne;PETITES-LANDES;COCUMONT;2026-03-18;12.0;77.0;0.0;0.0;0.0;1.0;1.0;1.0;;;;3.0;1.0;1.0;3.0;1.0;2.0;2026-03-17 23:00:00+00:00
44.452;0.029;00.029_44.452;33.0;33.0;Lot-et-Garonne;PETITES-LANDES;COCUMONT;2026-03-19;12.0;78.0;0.0;0.0;0.0;1.0;1.0;1.0;;;;3.0;2.0;2.0;2.0;1.0;3.0;2026-03-18 23:00:00+00:00
44.452;0.029;00.029_44.452;33.0;33.0;Lot-et-Garonne;PETITES-LANDES;COCUMONT;2026-03-20;12.0;79.0;0.0;0.0;0.0;1.0;1.0;1.0;;;;1.0;2.0;1.0;3.0;1.0;1.0;2026-03-19 23:00:00+00:00
44.452;0.029;00.029_44.452;33.0;33.0;Lot-et-Garonne;PETITES-LANDES;COCUMONT;2026-03-21;12.0;80.0;0.0;0.0;0.0;1.0;1.0;1.0;;;;1.0;2.0;1.0;2.0;1.0;2.0;2026-03-20 23:00:00+00:00
44.452;0.029;00.029_44.452;33.0;33.0;Lot-et-Garonne;PETITES-LANDES;COCUMONT;2026-03-22;12.0;81.0;0.0;0.0;0.0;1.0;1.0;1.0;;;;1.0;1.0;1.0;1.0;2.0;1.0;2026-03-21 23:00:00+00:00
44.452;0.029;00.029_44.452;33.0;33.0;Lot-et-Garonne;PETITES-LANDES;COCUMONT;2026-03-23;13.0;82.0;0.0;0.0;0.0;1.0;1.0;1.0;;;;2.0;1.0;1.0;1.0;1.0;1.0;2026-03-22 23:00:00+00:00
44.452;0.029;00.029_44.452;33.0;33.0;Lot-et-Garonne;PETITES-LANDES;COCUMONT;2026-03-24;13.0;83.0;0.0;0.0;0.0;1.0;1.0;1.0;;;;1.0;4.0;1.0;1.0;4.0;1.0;2026-03-23 23:00:00+00:00
44.452;0.029;00.029_44.452;33.0;33.0;Lot-et-Garonne;PETITES-LANDES;COCUMONT;2026-03-25;13.0;84.0;0.5;0.5;0.5;1.0;1.0;1.0;;;;1.0;1.0;1.0;2.0;3.0;3.0;2026-03-24 23:00:00+00:00
44.452;0.029;00.029_44.452;33.0;33.0;Lot-et-Garonne;PETITES-LANDES;COCUMONT;2026-03-26;13.0;85.0;0.0;0.0;0.0;1.0;1.0;1.0;;;;1.0;1.0;2.0;2.0;1.0;2.0;2026-03-25 23:00:00+00:00
44.452;0.029;00.029_44.452;33.0;33.0;Lot-et-Garonne;PETITES-LANDES;COCUMONT;2026-03-27;13.0;86.0;0.0;0.0;0.0;1.0;1.0;1.0;;;;2.0;1.0;1.0;2.0;3.0;2.0;2026-03-26 23:00:00+00:00
44.452;0.029;00.029_44.452;33.0;33.0;Lot-et-Garonne;PETITES-LANDES;COCUMONT;2026-03-28;13.0;87.0;1.2;1.2;1.2;1.0;1.0;1.0;;;;2.0;1.0;2.0;2.0;1.0;1.0;2026-03-27 23:00:00+00:00
44.452;0.029;00.029_44.452;33.0;33.0;Lot-et-Garonne;PETITES-LANDES;COCUMONT;2026-03-29;13.0;88.0;0.0;0.0;0.0;1.0;1.0;1.0;;;;3.0;2.0;3.0;1.0;2.0;3.0;2026-03-28 23:00:00+00:00
44.452;0.029;00.029_44.452;33.0;33.0;Lot-et-Garonne;PETITES-LANDES;COCUMONT;2026-03-30;14.0;89.0;0.3;0.3;0.3;1.0;1.0;1.0;;;;2.0;1.0;1.0;1.0;2.0;3.0;2026-03-29 22:00:00+00:00
44.452;0.029;00.029_44.452;33.0;33.0;Lot-et-Garonne;PETITES-LANDES;COCUMONT;2026-03-31;14.0;90.0;0.2;0.2;0.2;1.0;1.0;1.0;3.0;3.0;3.0;1.0;1.0;3.0;3.0;4.0;1.0;2026-03-30 22:00:00+00:00
44.452;0.029;00.029_44.452;33.0;33.0;Lot-et-Garonne;PETITES-LANDES;COCUMONT;2026-04-01;14.0;91.0;0.5;0.5;0.5;1.0;1.0;1.0;3.0;3.0;3.0;1.0;1.0;1.0;1.0;1.0;2.0;2026-03-31 22:00:00+00:00
44.452;0.029;00.029_44.452;33.0;33.0;Lot-et-Garonne;PETITES-LANDES;COCUMONT;2026-04-02;14.0;92.0;0.8999999999999999;0.8999999999999999;0.8999999999999999;1.0;1.0;1.0;3.0;3.0;3.0;1.0;1.0;1.0;2.0;1.0;3.0;2026-04-01 22:00:00+00:00
44.452;0.029;00.029_44.452;33.0;33.0;Lot-et-Garonne;PETITES-LANDES;COCUMONT;2026-04-03;14.0;93.0;0.2;0.2;0.2;1.0;1.0;1.0;2.0;2.0;2.0;2.0;1.0;1.0;1.0;1.0;2.0;2026-04-02 22:00:00+00:00
44.452;0.029;00.029_44.452;33.0;33.0;Lot-et-Garonne;PETITES-LANDES;COCUMONT;2026-04-04;14.0;94.0;0.0;0.0;0.0;1.0;1.0;1.0;2.0;2.0;2.0;2.0;1.0;1.0;3.0;1.0;1.0;2026-04-03 22:00:00+00:00
44.452;0.029;00.029_44.452;33.0;33.0;Lot-et-Garonne;PETITES-LANDES;COCUMONT;2026-04-05;14.0;95.0;0.0;0.0;0.0;1.0;1.0;1.0;2.0;2.0;2.0;2.0;2.0;1.0;4.0;1.0;1.0;2026-04-04 22:00:00+00:00
44.452;0.029;00.029_44.452;33.0;33.0;Lot-et-Garonne;PETITES-LANDES;COCUMONT;2026-04-06;15.0;96.0;0.0;0.0;0.0;1.0;1.0;1.0;2.0;2.0;2.0;2.0;3.0;2.0;3.0;3.0;1.0;2026-04-05 22:00:00+00:00
44.452;0.029;00.029_44.452;33.0;33.0;Lot-et-Garonne;PETITES-LANDES;COCUMONT;2026-04-07;15.0;97.0;0.0;0.0;0.0;1.0;1.0;1.0;2.0;2.0;2.0;3.0;2.0;1.0;1.0;1.0;1.0;2026-04-06 22:00:00+00:00
44.452;0.029;00.029_44.452;33.0;33.0;Lot-et-Garonne;PETITES-LANDES;COCUMONT;2026-04-08;15.0;98.0;0.0;0.0;0.0;1.0;1.0;1.0;2.0;2.0;2.0;2.0;1.0;1.0;3.0;1.0;2.0;2026-04-07 22:00:00+00:00
44.452;0.029;00.029_44.452;33.0;33.0;Lot-et-Garonne;PETITES-LANDES;COCUMONT;2026-04-09;15.0;99.0;0.0;0.0;0.0;1.0;1.0;1.0;2.0;2.0;2.0;1.0;2.0;1.0;2.0;1.0;1.0;2026-04-08 22:00:00+00:00
44.452;0.029;00.029_44.452;33.0;33.0;Lot-et-Garonne;PETITES-LANDES;COCUMONT;2026-04-10;15.0;100.0;0.0;0.0;0.0;1.0;1.0;1.0;2.0;2.0;2.0;3.0;3.0;1.0;2.0;1.0;3.0;2026-04-09 22:00:00+00:00
44.452;0.029;00.029_44.452;33.0;33.0;Lot-et-Garonne;PETITES-LANDES;COCUMONT;2026-04-11;15.0;101.0;10.9;10.9;10.9;1.0;1.0;1.0;2.0;2.0;2.0;1.0;2.0;1.0;3.0;1.0;3.0;2026-04-10 22:00:00+00:00
44.452;0.029;00.029_44.452;33.0;33.0;Lot-et-Garonne;PETITES-LANDES;COCUMONT;2026-04-12;15.0;102.0;1.0;1.0;1.0;1.0;1.0;1.0;;2.0;;2.0;1.0;4.0;1.0;1.0;3.0;2026-04-11 22:00:00+00:00
44.452;0.029;00.029_44.452;33.0;33.0;Lot-et-Garonne;PETITES-LANDES;COCUMONT;2026-04-13;16.0;103.0;1.0;1.0;1.0;1.0;1.0;1.0;;2.0;;2.0;1.0;3.0;1.0;2.0;1.0;2026-04-12 22:00:00+00:00
44.452;0.029;00.029_44.452;33.0;33.0;Lot-et-Garonne;PETITES-LANDES;COCUMONT;2026-04-14;16.0;104.0;0.0;0.0;0.0;1.0;1.0;1.0;;2.0;;3.0;2.0;1.0;3.0;1.0;1.0;2026-04-13 22:00:00+00:00
44.452;0.029;00.029_44.452;33.0;33.0;Lot-et-Garonne;PETITES-LANDES;COCUMONT;2026-04-15;16.0;105.0;0.0;0.0;0.0;1.0;1.0;1.0;;2.0;;1.0;1.0;2.0;4.0;2.0;2.0;2026-04-14 22:00:00+00:00
44.452;0.029;00.029_44.452;33.0;33.0;Lot-et-Garonne;PETITES-LANDES;COCUMONT;2026-04-16;16.0;106.0;0.0;0.0;0.0;1.0;1.0;1.0;;2.0;;3.0;1.0;2.0;2.0;1.0;1.0;2026-04-15 22:00:00+00:00
44.452;0.029;00.029_44.452;33.0;33.0;Lot-et-Garonne;PETITES-LANDES;COCUMONT;2026-04-17;16.0;107.0;0.0;0.0;0.0;1.0;1.0;1.0;;2.0;;3.0;1.0;2.0;1.0;1.0;1.0;2026-04-16 22:00:00+00:00
44.452;0.029;00.029_44.452;33.0;33.0;Lot-et-Garonne;PETITES-LANDES;COCUMONT;2026-04-18;16.0;108.0;0.0;0.0;0.0;1.0;1.0;1.0;;2.0;;2.0;2.0;2.0;1.0;2.0;3.0;2026-04-17 22:00:00+00:00
44.452;0.029;00.029_44.452;33.0;33.0;Lot-et-Garonne;PETITES-LANDES;COCUMONT;2026-04-19;16.0;109.0;0.0;0.0;0.0;1.0;1.0;1.0;;2.0;;2.0;3.0;2.0;4.0;2.0;1.0;2026-04-18 22:00:00+00:00
44.452;0.029;00.029_44.452;33.0;33.0;Lot-et-Garonne;PETITES-LANDES;COCUMONT;2026-04-20;17.0;110.0;0.0;0.0;0.0;1.0;1.0;1.0;;2.0;;1.0;4.0;2.0;2.0;1.0;1.0;2026-04-19 22:00:00+00:00
44.452;0.029;00.029_44.452;33.0;33.0;Lot-et-Garonne;PETITES-LANDES;COCUMONT;2026-04-21;17.0;111.0;0.0;0.0;0.0;1.0;1.0;1.0;;2.0;;2.0;3.0;1.0;2.0;2.0;1.0;2026-04-20 22:00:00+00:00
44.452;0.029;00.029_44.452;33.0;33.0;Lot-et-Garonne;PETITES-LANDES;COCUMONT;2026-04-22;17.0;112.0;1.1;1.1;1.1;1.0;1.0;1.0;;2.0;;1.0;2.0;1.0;1.0;3.0;1.0;2026-04-21 22:00:00+00:00
44.452;0.029;00.029_44.452;33.0;33.0;Lot-et-Garonne;PETITES-LANDES;COCUMONT;2026-04-23;17.0;113.0;0.0;0.0;0.0;1.0;1.0;1.0;;2.0;;1.0;1.0;1.0;1.0;1.0;1.0;2026-04-22 22:00:00+00:00
44.452;0.029;00.029_44.452;33.0;33.0;Lot-et-Garonne;PETITES-LANDES;COCUMONT;2026-04-24;17.0;114.0;0.0;0.0;0.0;1.0;1.0;1.0;;2.0;;1.0;1.0;1.0;1.0;1.0;1.0;2026-04-23 22:00:00+00:00
44.452;0.029;00.029_44.452;33.0;33.0;Lot-et-Garonne;PETITES-LANDES;COCUMONT;2026-04-25;17.0;115.0;0.0;0.0;0.0;1.0;1.0;1.0;;2.0;;2.0;3.0;1.0;3.0;1.0;2.0;2026-04-24 22:00:00+00:00
44.452;0.029;00.029_44.452;33.0;33.0;Lot-et-Garonne;PETITES-LANDES;COCUMONT;2026-04-26;17.0;116.0;0.0;0.0;0.0;1.0;1.0;1.0;;2.0;;3.0;1.0;1.0;3.0;2.0;1.0;2026-04-25 22:00:00+00:00
44.452;0.029;00.029_44.452;33.0;33.0;Lot-et-Garonne;PETITES-LANDES;COCUMONT;2026-04-27;18.0;117.0;0.0;0.0;0.0;1.0;1.0;1.0;;2.0;;2.0;1.0;1.0;1.0;1.0;1.0;2026-04-26 22:00:00+00:00
44.452;0.029;00.029_44.452;33.0;33.0;Lot-et-Garonne;PETITES-LANDES;COCUMONT;2026-04-28;18.0;118.0;4.0;4.0;4.0;1.0;1.0;1.0;;2.0;;1.0;3.0;3.0;3.0;2.0;1.0;2026-04-27 22:00:00+00:00
44.452;0.029;00.029_44.452;33.0;33.0;Lot-et-Garonne;PETITES-LANDES;COCUMONT;2026-04-29;18.0;119.0;0.4;0.4;0.4;3.0;3.0;3.0;;2.0;;1.0;2.0;4.0;1.0;4.0;1.0;2026-04-28 22:00:00+00:00
44.452;0.029;00.029_44.452;33.0;33.0;Lot-et-Garonne;PETITES-LANDES;COCUMONT;2026-04-30;18.0;120.0;5.7;5.7;5.7;1.0;1.0;1.0;;2.0;;1.0;2.0;1.0;3.0;2.0;2.0;2026-04-29 22:00:00+00:00
44.452;0.029;00.029_44.452;33.0;33.0;Lot-et-Garonne;PETITES-LANDES;COCUMONT;2026-05-01;18.0;121.0;0.0;0.0;0.0;1.0;1.0;1.0;;2.0;;3.0;2.0;1.0;1.0;2.0;2.0;2026-04-30 22:00:00+00:00
44.452;0.029;00.029_44.452;33.0;33.0;Lot-et-Garonne;PETITES-LANDES;COCUMONT;2026-05-02;18.0;122.0;32.6;32.6;32.6;1.0;1.0;1.0;;3.0;;1.0;2.0;1.0;3.0;1.0;2.0;2026-05-01 22:00:00+00:00
44.452;0.029;00.029_44.452;33.0;33.0;Lot-et-Garonne;PETITES-LANDES;COCUMONT;2026-05-03;18.0;123.0;6.5;6.5;6.5;1.0;1.0;1.0;;2.0;;1.0;1.0;2.0;4.0;1.0;2.0;2026-05-02 22:00:00+00:00
44.452;0.029;00.029_44.452;33.0;33.0;Lot-et-Garonne;PETITES-LANDES;COCUMONT;2026-05-04;19.0;124.0;8.5;8.5;8.5;4.0;4.0;4.0;;3.0;;2.0;1.0;1.0;1.0;1.0;3.0;2026-05-03 22:00:00+00:00
44.452;0.029;00.029_44.452;33.0;33.0;Lot-et-Garonne;PETITES-LANDES;COCUMONT;2026-05-05;19.0;125.0;5.300000000000001;5.300000000000001;5.300000000000001;1.0;1.0;1.0;;2.0;;1.0;4.0;1.0;2.0;1.0;4.0;2026-05-04 22:00:00+00:00
44.452;0.029;00.029_44.452;33.0;33.0;Lot-et-Garonne;PETITES-LANDES;COCUMONT;2026-05-06;19.0;126.0;4.5;4.5;4.5;1.0;1.0;1.0;;3.0;;2.0;1.0;1.0;4.0;3.0;2.0;2026-05-05 22:00:00+00:00
44.452;0.029;00.029_44.452;33.0;33.0;Lot-et-Garonne;PETITES-LANDES;COCUMONT;2026-05-07;19.0;127.0;0.0;0.0;0.0;1.0;1.0;1.0;;2.0;;2.0;1.0;1.0;1.0;1.0;2.0;2026-05-06 22:00:00+00:00
44.452;0.029;00.029_44.452;33.0;33.0;Lot-et-Garonne;PETITES-LANDES;COCUMONT;2026-05-08;19.0;128.0;0.0;0.0;0.0;1.0;1.0;1.0;;2.0;;2.0;1.0;1.0;1.0;3.0;3.0;2026-05-07 22:00:00+00:00
44.452;0.029;00.029_44.452;33.0;33.0;Lot-et-Garonne;PETITES-LANDES;COCUMONT;2026-05-09;19.0;129.0;0.0;0.0;0.0;1.0;1.0;1.0;;3.0;;2.0;1.0;2.0;2.0;2.0;1.0;2026-05-08 22:00:00+00:00
44.452;0.029;00.029_44.452;33.0;33.0;Lot-et-Garonne;PETITES-LANDES;COCUMONT;2026-05-10;19.0;130.0;0.1;0.1;0.1;1.0;1.0;1.0;;3.0;;3.0;2.0;1.0;2.0;1.0;4.0;2026-05-09 22:00:00+00:00
44.452;0.029;00.029_44.452;33.0;33.0;Lot-et-Garonne;PETITES-LANDES;COCUMONT;2026-05-11;20.0;131.0;0.0;0.0;0.0;1.0;1.0;1.0;;3.0;;2.0;1.0;2.0;3.0;2.0;1.0;2026-05-10 22:00:00+00:00
44.452;0.029;00.029_44.452;33.0;33.0;Lot-et-Garonne;PETITES-LANDES;COCUMONT;2026-05-12;20.0;132.0;0.0;0.0;0.0;1.0;1.0;1.0;;3.0;;3.0;3.0;2.0;2.0;4.0;2.0;2026-05-11 22:00:00+00:00
44.452;0.029;00.029_44.452;33.0;33.0;Lot-et-Garonne;PETITES-LANDES;COCUMONT;2026-05-13;20.0;133.0;0.6000000000000001;0.6000000000000001;0.6000000000000001;1.0;1.0;1.0;;3.0;;2.0;3.0;2.0;2.0;2.0;1.0;2026-05-12 22:00:00+00:00
44.452;0.029;00.029_44.452;33.0;33.0;Lot-et-Garonne;PETITES-LANDES;COCUMONT;2026-05-14;20.0;134.0;19.0;19.0;19.0;1.0;1.0;1.0;;4.0;;2.0;4.0;1.0;1.0;1.0;1.0;2026-05-13 22:00:00+00:00
44.452;0.029;00.029_44.452;33.0;33.0;Lot-et-Garonne;PETITES-LANDES;COCUMONT;2026-05-15;20.0;135.0;2.0;2.0;2.0;1.0;1.0;1.0;;3.0;;1.0;1.0;2.0;1.0;1.0;3.0;2026-05-14 22:00:00+00:00
44.452;0.029;00.029_44.452;33.0;33.0;Lot-et-Garonne;PETITES-LANDES;COCUMONT;2026-05-16;20.0;136.0;0.8;0.8;0.8;1.0;1.0;1.0;;3.0;;2.0;1.0;1.0;2.0;1.0;2.0;2026-05-15 22:00:00+00:00
44.452;0.029;00.029_44.452;33.0;33.0;Lot-et-Garonne;PETITES-LANDES;COCUMONT;2026-05-17;20.0;137.0;3.7;3.7;3.7;1.0;1.0;1.0;;4.0;;1.0;2.0;1.0;1.0;1.0;1.0;2026-05-16 22:00:00+00:00
44.452;0.029;00.029_44.452;33.0;33.0;Lot-et-Garonne;PETITES-LANDES;COCUMONT;2026-05-18;21.0;138.0;0.0;0.0;0.0;1.0;1.0;1.0;;4.0;;1.0;2.0;1.0;1.0;2.0;1.0;2026-05-17 22:00:00+00:00
44.452;0.029;00.029_44.452;33.0;33.0;Lot-et-Garonne;PETITES-LANDES;COCUMONT;2026-05-19;21.0;139.0;0.0;0.0;0.0;1.0;1.0;1.0;;4.0;;2.0;1.0;1.0;2.0;3.0;2.0;2026-05-18 22:00:00+00:00
44.452;0.029;00.029_44.452;33.0;33.0;Lot-et-Garonne;PETITES-LANDES;COCUMONT;2026-05-20;21.0;140.0;0.0;0.0;0.0;1.0;1.0;1.0;;4.0;;1.0;2.0;2.0;1.0;1.0;3.0;2026-05-19 22:00:00+00:00
44.452;0.029;00.029_44.452;33.0;33.0;Lot-et-Garonne;PETITES-LANDES;COCUMONT;2026-05-21;21.0;141.0;0.0;0.0;0.0;1.0;1.0;1.0;;4.0;;1.0;3.0;1.0;4.0;1.0;1.0;2026-05-20 22:00:00+00:00
44.452;0.029;00.029_44.452;33.0;33.0;Lot-et-Garonne;PETITES-LANDES;COCUMONT;2026-05-22;21.0;142.0;0.0;0.0;0.0;1.0;1.0;1.0;;4.0;;1.0;2.0;1.0;1.0;1.0;1.0;2026-05-21 22:00:00+00:00
44.452;0.029;00.029_44.452;33.0;33.0;Lot-et-Garonne;PETITES-LANDES;COCUMONT;2026-05-23;21.0;143.0;0.0;0.0;0.0;1.0;1.0;1.0;;4.0;;2.0;2.0;2.0;1.0;1.0;2.0;2026-05-22 22:00:00+00:00
44.452;0.029;00.029_44.452;33.0;33.0;Lot-et-Garonne;PETITES-LANDES;COCUMONT;2026-05-24;21.0;144.0;0.0;0.0;0.0;1.0;1.0;1.0;;4.0;;1.0;4.0;1.0;1.0;1.0;3.0;2026-05-23 22:00:00+00:00
44.452;0.029;00.029_44.452;33.0;33.0;Lot-et-Garonne;PETITES-LANDES;COCUMONT;2026-05-25;22.0;145.0;0.0;0.0;0.0;1.0;1.0;1.0;;3.0;;1.0;2.0;2.0;1.0;1.0;4.0;2026-05-24 22:00:00+00:00
44.452;0.029;00.029_44.452;33.0;33.0;Lot-et-Garonne;PETITES-LANDES;COCUMONT;2026-05-26;22.0;146.0;0.0;0.0;0.0;1.0;1.0;1.0;;3.0;;2.0;3.0;3.0;2.0;2.0;2.0;2026-05-25 22:00:00+00:00
44.452;0.029;00.029_44.452;33.0;33.0;Lot-et-Garonne;PETITES-LANDES;COCUMONT;2026-05-27;22.0;147.0;0.0;0.0;0.0;1.0;1.0;1.0;;3.0;;1.0;1.0;1.0;1.0;1.0;3.0;2026-05-26 22:00:00+00:00
44.452;0.029;00.029_44.452;33.0;33.0;Lot-et-Garonne;PETITES-LANDES;COCUMONT;2026-05-28;22.0;148.0;0.0;0.0;0.0;1.0;1.0;1.0;;3.0;;1.0;1.0;2.0;3.0;1.0;2.0;2026-05-27 22:00:00+00:00
44.452;0.029;00.029_44.452;33.0;33.0;Lot-et-Garonne;PETITES-LANDES;COCUMONT;2026-05-29;22.0;149.0;0.0;0.0;0.0;1.0;1.0;1.0;;3.0;;4.0;2.0;3.0;1.0;4.0;1.0;2026-05-28 22:00:00+00:00
44.452;0.029;00.029_44.452;33.0;33.0;Lot-et-Garonne;PETITES-LANDES;COCUMONT;2026-05-30;22.0;150.0;0.0;0.0;0.0;1.0;1.0;1.0;;2.0;;1.0;2.0;1.0;2.0;2.0;2.0;2026-05-29 22:00:00+00:00
44.452;0.029;00.029_44.452;33.0;33.0;Lot-et-Garonne;PETITES-LANDES;COCUMONT;2026-05-31;22.0;151.0;0.1;0.1;0.1;1.0;1.0;1.0;2.0;2.0;2.0;1.0;3.0;4.0;3.0;1.0;2.0;2026-05-30 22:00:00+00:00
44.452;0.029;00.029_44.452;33.0;33.0;Lot-et-Garonne;PETITES-LANDES;COCUMONT;2026-06-01;23.0;152.0;0.0;0.0;0.0;1.0;1.0;1.0;2.0;2.0;2.0;1.0;1.0;1.0;2.0;4.0;1.0;2026-05-31 22:00:00+00:00
44.452;0.029;00.029_44.452;33.0;33.0;Lot-et-Garonne;PETITES-LANDES;COCUMONT;2026-06-02;23.0;153.0;2.1;2.1;2.1;1.0;1.0;1.0;2.0;2.0;2.0;1.0;3.0;2.0;1.0;1.0;2.0;2026-06-01 22:00:00+00:00
44.452;0.029;00.029_44.452;33.0;33.0;Lot-et-Garonne;PETITES-LANDES;COCUMONT;2026-06-03;23.0;154.0;0.8;0.8;0.8;1.0;1.0;1.0;2.0;2.0;2.0;1.0;3.0;2.0;3.0;1.0;1.0;2026-06-02 22:00:00+00:00
44.452;0.029;00.029_44.452;33.0;33.0;Lot-et-Garonne;PETITES-LANDES;COCUMONT;2026-06-04;23.0;155.0;13.1;13.1;13.1;1.0;1.0;1.0;2.0;2.0;2.0;1.0;1.0;1.0;3.0;1.0;3.0;2026-06-03 22:00:00+00:00
44.452;0.029;00.029_44.452;33.0;33.0;Lot-et-Garonne;PETITES-LANDES;COCUMONT;2026-06-05;23.0;156.0;0.3;0.3;0.3;1.0;1.0;1.0;2.0;2.0;2.0;4.0;1.0;1.0;1.0;1.0;2.0;2026-06-04 22:00:00+00:00
44.452;0.029;00.029_44.452;33.0;33.0;Lot-et-Garonne;PETITES-LANDES;COCUMONT;2026-06-06;23.0;157.0;0.0;0.0;0.0;1.0;1.0;1.0;2.0;2.0;2.0;3.0;1.0;1.0;1.0;1.0;1.0;2026-06-05 22:00:00+00:00
44.452;0.029;00.029_44.452;33.0;33.0;Lot-et-Garonne;PETITES-LANDES;COCUMONT;2026-06-07;23.0;158.0;0.0;0.0;0.0;1.0;1.0;1.0;2.0;2.0;2.0;1.0;1.0;1.0;1.0;1.0;3.0;2026-06-06 22:00:00+00:00
44.452;0.029;00.029_44.452;33.0;33.0;Lot-et-Garonne;PETITES-LANDES;COCUMONT;2026-06-08;24.0;159.0;0.3;0.3;0.3;1.0;1.0;1.0;2.0;2.0;2.0;2.0;2.0;2.0;1.0;2.0;2.0;2026-06-07 22:00:00+00:00
44.452;0.029;00.029_44.452;33.0;33.0;Lot-et-Garonne;PETITES-LANDES;COCUMONT;2026-06-09;24.0;160.0;0.1;0.1;0.1;1.0;1.0;1.0;2.0;2.0;2.0;1.0;2.0;1.0;1.0;1.0;1.0;2026-06-08 22:00:00+00:00
44.452;0.029;00.029_44.452;33.0;33.0;Lot-et-Garonne;PETITES-LANDES;COCUMONT;2026-06-10;24.0;161.0;0.2;0.2;0.2;1.0;1.0;1.0;2.0;2.0;2.0;4.0;2.0;2.0;3.0;2.0;2.0;2026-06-09 22:00:00+00:00
44.452;0.029;00.029_44.452;33.0;33.0;Lot-et-Garonne;PETITES-LANDES;COCUMONT;2026-06-11;24.0;162.0;0.0;0.0;0.0;1.0;1.0;1.0;2.0;2.0;2.0;2.0;1.0;1.0;1.0;1.0;1.0;2026-06-10 22:00:00+00:00
44.452;0.029;00.029_44.452;33.0;33.0;Lot-et-Garonne;PETITES-LANDES;COCUMONT;2026-06-12;24.0;163.0;0.0;0.0;0.0;1.0;1.0;1.0;2.0;2.0;2.0;1.0;2.0;1.0;2.0;2.0;2.0;2026-06-11 22:00:00+00:00
44.452;0.029;00.029_44.452;33.0;33.0;Lot-et-Garonne;PETITES-LANDES;COCUMONT;2026-06-13;24.0;164.0;0.0;0.0;0.0;1.0;1.0;1.0;2.0;2.0;2.0;1.0;2.0;2.0;1.0;1.0;2.0;2026-06-12 22:00:00+00:00
44.452;0.029;00.029_44.452;33.0;33.0;Lot-et-Garonne;PETITES-LANDES;COCUMONT;2026-06-14;24.0;165.0;0.0;0.0;0.0;1.0;1.0;1.0;2.0;2.0;2.0;1.0;2.0;1.0;2.0;1.0;1.0;2026-06-13 22:00:00+00:00
44.452;0.029;00.029_44.452;33.0;33.0;Lot-et-Garonne;PETITES-LANDES;COCUMONT;2026-06-15;25.0;166.0;0.0;0.0;0.0;1.0;1.0;1.0;2.0;2.0;2.0;1.0;1.0;1.0;1.0;1.0;1.0;2026-06-14 22:00:00+00:00
44.452;0.029;00.029_44.452;33.0;33.0;Lot-et-Garonne;PETITES-LANDES;COCUMONT;2026-06-16;25.0;167.0;0.0;0.0;0.0;1.0;1.0;1.0;2.0;2.0;2.0;1.0;1.0;1.0;1.0;2.0;1.0;2026-06-15 22:00:00+00:00
44.452;0.029;00.029_44.452;33.0;33.0;Lot-et-Garonne;PETITES-LANDES;COCUMONT;2026-06-17;25.0;168.0;0.0;0.0;0.0;1.0;1.0;1.0;2.0;2.0;2.0;2.0;2.0;2.0;2.0;1.0;2.0;2026-06-16 22:00:00+00:00
44.452;0.029;00.029_44.452;33.0;33.0;Lot-et-Garonne;PETITES-LANDES;COCUMONT;2026-06-18;25.0;169.0;0.0;0.0;0.0;1.0;1.0;1.0;2.0;2.0;2.0;1.0;1.0;1.0;1.0;1.0;4.0;2026-06-17 22:00:00+00:00
44.452;0.029;00.029_44.452;33.0;33.0;Lot-et-Garonne;PETITES-LANDES;COCUMONT;2026-06-19;25.0;170.0;0.0;0.0;0.0;1.0;1.0;1.0;2.0;2.0;2.0;2.0;2.0;1.0;2.0;3.0;1.0;2026-06-18 22:00:00+00:00
44.452;0.029;00.029_44.452;33.0;33.0;Lot-et-Garonne;PETITES-LANDES;COCUMONT;2026-06-20;25.0;171.0;0.1;0.1;0.1;1.0;1.0;1.0;2.0;2.0;2.0;1.0;2.0;3.0;1.0;2.0;3.0;2026-06-19 22:00:00+00:00
44.452;0.029;00.029_44.452;33.0;33.0;Lot-et-Garonne;PETITES-LANDES;COCUMONT;2026-06-21;25.0;172.0;0.0;0.0;0.0;1.0;1.0;1.0;2.0;2.0;2.0;1.0;3.0;2.0;1.0;2.0;1.0;2026-06-20 22:00:00+00:00
44.452;0.029;00.029_44.452;33.0;33.0;Lot-et-Garonne;PETITES-LANDES;COCUMONT;2026-06-22;26.0;173.0;0.0;0.0;0.0;1.0;1.0;1.0;2.0;2.0;2.0;2.0;2.0;1.0;1.0;1.0;1.0;2026-06-21 22:00:00+00:00
44.452;0.029;00.029_44.452;33.0;33.0;Lot-et-Garonne;PETITES-LANDES;COCUMONT;2026-06-23;26.0;174.0;0.0;0.0;0.0;1.0;1.0;1.0;2.0;2.0;2.0;1.0;2.0;1.0;1.0;1.0;2.0;2026-06-22 22:00:00+00:00
44.452;0.029;00.029_44.452;33.0;33.0;Lot-et-Garonne;PETITES-LANDES;COCUMONT;2026-06-24;26.0;175.0;0.2;0.2;0.2;1.0;1.0;1.0;2.0;2.0;2.0;1.0;1.0;2.0;2.0;1.0;1.0;2026-06-23 22:00:00+00:00
44.452;0.029;00.029_44.452;33.0;33.0;Lot-et-Garonne;PETITES-LANDES;COCUMONT;2026-06-25;26.0;176.0;0.0;0.0;0.0;1.0;1.0;1.0;2.0;2.0;2.0;1.0;2.0;2.0;3.0;1.0;1.0;2026-06-24 22:00:00+00:00
44.452;0.029;00.029_44.452;33.0;33.0;Lot-et-Garonne;PETITES-LANDES;COCUMONT;2026-06-26;26.0;177.0;1.1;1.1;1.1;1.0;1.0;1.0;2.0;2.0;2.0;2.0;4.0;2.0;1.0;2.0;1.0;2026-06-25 22:00:00+00:00
44.452;0.029;00.029_44.452;33.0;33.0;Lot-et-Garonne;PETITES-LANDES;COCUMONT;2026-06-27;26.0;178.0;0.3;0.3;0.3;1.0;1.0;1.0;2.0;2.0;2.0;2.0;3.0;1.0;2.0;4.0;1.0;2026-06-26 22:00:00+00:00
44.452;0.029;00.029_44.452;33.0;33.0;Lot-et-Garonne;PETITES-LANDES;COCUMONT;2026-06-28;26.0;179.0;13.5;13.5;13.5;1.0;1.0;1.0;2.0;2.0;2.0;1.0;1.0;2.0;1.0;1.0;1.0;2026-06-27 22:00:00+00:00
44.452;0.029;00.029_44.452;33.0;33.0;Lot-et-Garonne;PETITES-LANDES;COCUMONT;2026-06-29;27.0;180.0;0.0;0.0;0.0;3.0;3.0;3.0;2.0;2.0;2.0;2.0;1.0;2.0;3.0;3.0;2.0;2026-06-28 22:00:00+00:00
44.452;0.029;00.029_44.452;33.0;33.0;Lot-et-Garonne;PETITES-LANDES;COCUMONT;2026-06-30;27.0;181.0;0.0;0.0;0.0;1.0;1.0;1.0;2.0;2.0;2.0;1.0;1.0;1.0;2.0;1.0;3.0;2026-06-29 22:00:00+00:00
44.452;0.029;00.029_44.452;33.0;33.0;Lot-et-Garonne;PETITES-LANDES;COCUMONT;2026-07-01;27.0;182.0;0.0;0.0;0.0;1.0;1.0;1.0;2.0;2.0;2.0;2.0;2.0;2.0;2.0;1.0;3.0;2026-06-30 22:00:00+00:00
44.452;0.029;00.029_44.452;33.0;33.0;Lot-et-Garonne;PETITES-LANDES;COCUMONT;2026-07-02;27.0;183.0;0.0;0.0;0.0;1.0;1.0;1.0;2.0;2.0;2.0;1.0;1.0;1.0;2.0;1.0;2.0;2026-07-01 22:00:00+00:00
44.452;0.029;00.029_44.452;33.0;33.0;Lot-et-Garonne;PETITES-LANDES;COCUMONT;2026-07-03;27.0;184.0;0.0;0.0;0.0;1.0;1.0;1.0;2.0;2.0;2.0;1.0;1.0;3.0;1.0;1.0;1.0;2026-07-02 22:00:00+00:00
44.452;0.029;00.029_44.452;33.0;33.0;Lot-et-Garonne;PETITES-LANDES;COCUMONT;2026-07-04;27.0;185.0;0.0;0.0;0.0;1.0;1.0;1.0;2.0;2.0;2.0;1.0;2.0;1.0;1.0;1.0;1.0;2026-07-03 22:00:00+00:00
44.452;0.029;00.029_44.452;33.0;33.0;Lot-et-Garonne;PETITES-LANDES;COCUMONT;2026-07-05;27.0;186.0;0.0;0.0;0.0;1.0;1.0;1.0;2.0;2.0;2.0;1.0;1.0;1.0;3.0;3.0;2.0;2026-07-04 22:00:00+00:00
44.452;0.029;00.029_44.452;33.0;33.0;Lot-et-Garonne;PETITES-LANDES;COCUMONT;2026-07-06;28.0;187.0;0.0;0.0;0.0;1.0;1.0;1.0;2.0;2.0;2.0;1.0;1.0;2.0;1.0;1.0;1.0;2026-07-05 22:00:00+00:00
44.452;0.029;00.029_44.452;33.0;33.0;Lot-et-Garonne;PETITES-LANDES;COCUMONT;2026-07-07;28.0;188.0;0.0;0.0;0.0;1.0;1.0;1.0;2.0;2.0;2.0;1.0;4.0;4.0;1.0;2.0;1.0;2026-07-06 22:00:00+00:00
44.452;0.029;00.029_44.452;33.0;33.0;Lot-et-Garonne;PETITES-LANDES;COCUMONT;2026-07-08;28.0;189.0;0.0;0.0;0.0;1.0;1.0;1.0;2.0;2.0;2.0;2.0;2.0;1.0;1.0;2.0;3.0;2026-07-07 22:00:00+00:00
44.452;0.029;00.029_44.452;33.0;33.0;Lot-et-Garonne;PETITES-LANDES;COCUMONT;2026-07-09;28.0;190.0;0.0;0.0;0.0;1.0;1.0;1.0;2.0;2.0;2.0;2.0;1.0;2.0;3.0;3.0;1.0;2026-07-08 22:00:00+00:00
44.452;0.029;00.029_44.452;33.0;33.0;Lot-et-Garonne;PETITES-LANDES;COCUMONT;2026-07-10;28.0;191.0;14.6;14.6;14.6;1.0;1.0;1.0;2.0;2.0;2.0;2.0;2.0;2.0;3.0;1.0;3.0;2026-07-09 22:00:00+00:00
44.452;0.029;00.029_44.452;33.0;33.0;Lot-et-Garonne;PETITES-LANDES;COCUMONT;2026-07-11;28.0;192.0;0.0;0.0;0.0;1.0;1.0;1.0;2.0;2.0;2.0;2.0;4.0;2.0;1.0;1.0;3.0;2026-07-10 22:00:00+00:00
44.452;0.029;00.029_44.452;33.0;33.0;Lot-et-Garonne;PETITES-LANDES;COCUMONT;2026-07-12;28.0;193.0;0.0;0.0;0.0;1.0;1.0;1.0;2.0;2.0;2.0;2.0;3.0;4.0;2.0;4.0;1.0;2026-07-11 22:00:00+00:00
44.452;0.029;00.029_44.452;33.0;33.0;Lot-et-Garonne;PETITES-LANDES;COCUMONT;2026-07-13;29.0;194.0;0.0;0.0;0.0;1.0;1.0;1.0;2.0;2.0;2.0;3.0;1.0;1.0;3.0;1.0;3.0;2026-07-12 22:00:00+00:00
44.452;0.029;00.029_44.452;33.0;33.0;Lot-et-Garonne;PETITES-LANDES;COCUMONT;2026-07-14;29.0;195.0;0.0;0.0;0.0;1.0;1.0;1.0;2.0;2.0;2.0;2.0;1.0;1.0;1.0;1.0;2.0;2026-07-13 22:00:00+00:00
44.452;0.029;00.029_44.452;33.0;33.0;Lot-et-Garonne;PETITES-LANDES;COCUMONT;2026-07-15;29.0;196.0;0.3;0.3;0.3;1.0;1.0;1.0;2.0;2.0;2.0;4.0;2.0;1.0;1.0;2.0;3.0;2026-07-14 22:00:00+00:00
44.452;0.029;00.029_44.452;33.0;33.0;Lot-et-Garonne;PETITES-LANDES;COCUMONT;2026-07-16;29.0;197.0;1.2000000000000002;1.2000000000000002;1.2000000000000002;1.0;1.0;1.0;2.0;2.0;2.0;3.0;1.0;1.0;1.0;1.0;2.0;2026-07-15 22:00:00+00:00
44.452;0.029;00.029_44.452;33.0;33.0;Lot-et-Garonne;PETITES-LANDES;COCUMONT;2026-07-17;29.0;198.0;0.0;0.0;0.0;1.0;1.0;1.0;2.0;2.0;2.0;1.0;3.0;4.0;2.0;2.0;2.0;2026-07-16 22:00:00+00:00
44.452;0.029;00.029_44.452;33.0;33.0;Lot-et-Garonne;PETITES-LANDES;COCUMONT;2026-07-18;29.0;199.0;0.0;0.0;0.0;1.0;1.0;1.0;2.0;2.0;2.0;4.0;4.0;2.0;2.0;1.0;1.0;2026-07-17 22:00:00+00:00
44.452;0.029;00.029_44.452;33.0;33.0;Lot-et-Garonne;PETITES-LANDES;COCUMONT;2026-07-19;29.0;200.0;0.0;0.0;0.0;1.0;1.0;1.0;2.0;2.0;2.0;1.0;2.0;1.0;1.0;1.0;1.0;2026-07-18 22:00:00+00:00
44.452;0.029;00.029_44.452;33.0;33.0;Lot-et-Garonne;PETITES-LANDES;COCUMONT;2026-07-20;30.0;201.0;0.0;0.0;0.0;1.0;1.0;1.0;2.0;2.0;2.0;1.0;1.0;3.0;1.0;2.0;4.0;2026-07-19 22:00:00+00:00
44.452;0.029;00.029_44.452;33.0;33.0;Lot-et-Garonne;PETITES-LANDES;COCUMONT;2026-07-21;30.0;202.0;0.0;0.0;0.0;1.0;1.0;1.0;2.0;2.0;2.0;1.0;1.0;4.0;1.0;1.0;1.0;2026-07-20 22:00:00+00:00
44.452;0.029;00.029_44.452;33.0;33.0;Lot-et-Garonne;PETITES-LANDES;COCUMONT;2026-07-22;30.0;203.0;0.0;0.0;0.0;1.0;1.0;1.0;2.0;2.0;2.0;1.0;1.0;3.0;1.0;1.0;2.0;2026-07-21 22:00:00+00:00
44.452;0.029;00.029_44.452;33.0;33.0;Lot-et-Garonne;PETITES-LANDES;COCUMONT;2026-07-23;30.0;204.0;0.0;0.0;0.0;1.0;1.0;1.0;2.0;2.0;2.0;2.0;1.0;2.0;1.0;2.0;1.0;2026-07-22 22:00:00+00:00
44.452;0.029;00.029_44.452;33.0;33.0;Lot-et-Garonne;PETITES-LANDES;COCUMONT;2026-07-24;30.0;205.0;0.2;0.2;0.2;1.0;1.0;1.0;2.0;2.0;2.0;2.0;3.0;1.0;3.0;1.0;1.0;2026-07-23 22:00:00+00:00
44.452;0.029;00.029_44.452;33.0;33.0;Lot-et-Garonne;PETITES-LANDES;COCUMONT;2026-07-25;30.0;206.0;0.2;0.2;0.2;1.0;1.0;1.0;2.0;2.0;2.0;2.0;2.0;1.0;1.0;1.0;2.0;2026-07-24 22:00:00+00:00
44.452;0.029;00.029_44.452;33.0;33.0;Lot-et-Garonne;PETITES-LANDES;COCUMONT;2026-07-26;30.0;207.0;0.0;0.0;0.0;1.0;1.0;1.0;1.0;1.0;1.0;2.0;3.0;3.0;1.0;1.0;1.0;2026-07-25 22:00:00+00:00
44.452;0.029;00.029_44.452;33.0;33.0;Lot-et-Garonne;PETITES-LANDES;COCUMONT;2026-07-27;31.0;208.0;1.1;1.1;1.1;1.0;1.0;1.0;1.0;1.0;1.0;1.0;1.0;1.0;1.0;2.0;1.0;2026-07-26 22:00:00+00:00
44.452;0.029;00.029_44.452;33.0;33.0;Lot-et-Garonne;PETITES-LANDES;COCUMONT;2026-07-28;31.0;209.0;0.0;0.0;0.0;1.0;1.0;1.0;1.0;1.0;1.0;3.0;1.0;1.0;3.0;3.0;2.0;2026-07-27 22:00:00+00:00
44.452;0.029;00.029_44.452;33.0;33.0;Lot-et-Garonne;PETITES-LANDES;COCUMONT;2026-07-29;31.0;210.0;0.0;0.0;0.0;1.0;1.0;1.0;1.0;1.0;1.0;2.0;1.0;4.0;2.0;2.0;1.0;2026-07-28 22:00:00+00:00
44.452;0.029;00.029_44.452;33.0;33.0;Lot-et-Garonne;PETITES-LANDES;COCUMONT;2026-07-30;31.0;211.0;0.0;0.0;0.0;1.0;1.0;1.0;1.0;1.0;1.0;2.0;1.0;1.0;1.0;2.0;2.0;2026-07-29 22:00:00+00:00
44.452;0.029;00.029_44.452;33.0;33.0;Lot-et-Garonne;PETITES-LANDES;COCUMONT;2026-07-31;31.0;212.0;5.1;5.1;5.1;1.0;1.0;1.0;1.0;1.0;1.0;1.0;1.0;1.0;1.0;4.0;2.0;2026-07-30 22:00:00+00:00
44.452;0.029;00.029_44.452;33.0;33.0;Lot-et-Garonne;PETITES-LANDES;COCUMONT;2026-08-01;31.0;213.0;0.0;0.0;0.0;1.0;1.0;1.0;1.0;1.0;1.0;1.0;2.0;1.0;2.0;2.0;2.0;2026-07-31 22:00:00+00:00
44.452;0.029;00.029_44.452;33.0;33.0;Lot-et-Garonne;PETITES-LANDES;COCUMONT;2026-08-02;31.0;214.0;0.0;0.0;0.0;1.0;1.0;1.0;1.0;1.0;1.0;3.0;1.0;1.0;1.0;1.0;1.0;2026-08-01 22:00:00+00:00
44.452;0.029;00.029_44.452;33.0;33.0;Lot-et-Garonne;PETITES-LANDES;COCUMONT;2026-08-03;32.0;215.0;9.5;9.5;9.5;1.0;1.0;1.0;1.0;1.0;1.0;3.0;1.0;2.0;2.0;1.0;3.0;2026-08-02 22:00:00+00:00
44.452;0.029;00.029_44.452;33.0;33.0;Lot-et-Garonne;PETITES-LANDES;COCUMONT;2026-08-04;32.0;216.0;0.0;0.0;0.0;1.0;1.0;1.0;1.0;1.0;1.0;1.0;2.0;1.0;1.0;2.0;1.0;2026-08-03 22:00:00+00:00
44.452;0.029;00.029_44.452;33.0;33.0;Lot-et-Garonne;PETITES-LANDES;COCUMONT;2026-08-05;32.0;217.0;0.0;0.0;0.0;1.0;1.0;1.0;1.0;1.0;1.0;4.0;2.0;1.0;1.0;1.0;1.0;2026-08-04 22:00:00+00:00
44.452;0.029;00.029_44.452;33.0;33.0;Lot-et-Garonne;PETITES-LANDES;COCUMONT;2026-08-06;32.0;218.0;0.0;0.0;0.0;1.0;1.0;1.0;1.0;1.0;1.0;3.0;2.0;3.0;1.0;2.0;1.0;2026-08-05 22:00:00+00:00
44.452;0.029;00.029_44.452;33.0;33.0;Lot-et-Garonne;PETITES-LANDES;COCUMONT;2026-08-07;32.0;219.0;0.0;0.0;0.0;1.0;1.0;1.0;1.0;1.0;1.0;1.0;1.0;1.0;1.0;2.0;4.0;2026-08-06 22:00:00+00:00
44.452;0.029;00.029_44.452;33.0;33.0;Lot-et-Garonne;PETITES-LANDES;COCUMONT;2026-08-08;32.0;220.0;0.0;0.0;0.0;1.0;1.0;1.0;1.0;1.0;1.0;2.0;1.0;2.0;1.0;1.0;3.0;2026-08-07 22:00:00+00:00
44.452;0.029;00.029_44.452;33.0;33.0;Lot-et-Garonne;PETITES-LANDES;COCUMONT;2026-08-09;32.0;221.0;15.0;15.0;15.0;1.0;1.0;1.0;1.0;1.0;1.0;3.0;2.0;1.0;2.0;1.0;3.0;2026-08-08 22:00:00+00:00
44.452;0.029;00.029_44.452;33.0;33.0;Lot-et-Garonne;PETITES-LANDES;COCUMONT;2026-08-10;33.0;222.0;2.4;2.4;2.4;1.0;1.0;1.0;2.0;2.0;2.0;2.0;1.0;1.0;1.0;1.0;1.0;2026-08-09 22:00:00+00:00
44.452;0.029;00.029_44.452;33.0;33.0;Lot-et-Garonne;PETITES-LANDES;COCUMONT;2026-08-11;33.0;223.0;0.0;0.0;0.0;1.0;1.0;1.0;2.0;2.0;2.0;1.0;2.0;3.0;1.0;1.0;1.0;2026-08-10 22:00:00+00:00
44.452;0.029;00.029_44.452;33.0;33.0;Lot-et-Garonne;PETITES-LANDES;COCUMONT;2026-08-12;33.0;224.0;0.0;0.0;0.0;1.0;1.0;1.0;2.0;2.0;2.0;1.0;3.0;2.0;1.0;1.0;2.0;2026-08-11 22:00:00+00:00
44.452;0.029;00.029_44.452;33.0;33.0;Lot-et-Garonne;PETITES-LANDES;COCUMONT;2026-08-13;33.0;225.0;0.0;0.0;0.0;1.0;1.0;1.0;2.0;2.0;2.0;1.0;4.0;1.0;2.0;4.0;2.0;2026-08-12 22:00:00+00:00
44.452;0.029;00.029_44.452;33.0;33.0;Lot-et-Garonne;PETITES-LANDES;COCUMONT;2026-08-14;33.0;226.0;0.0;0.0;0.0;1.0;1.0;1.0;2.0;2.0;2.0;2.0;1.0;3.0;2.0;1.0;3.0;2026-08-13 22:00:00+00:00
44.452;0.029;00.029_44.452;33.0;33.0;Lot-et-Garonne;PETITES-LANDES;COCUMONT;2026-08-15;33.0;227.0;0.0;0.0;0.0;1.0;1.0;1.0;2.0;2.0;2.0;1.0;1.0;2.0;1.0;2.0;1.0;2026-08-14 22:00:00+00:00
44.452;0.029;00.029_44.452;33.0;33.0;Lot-et-Garonne;PETITES-LANDES;COCUMONT;2026-08-16;33.0;228.0;0.9;0.9;0.9;1.0;1.0;1.0;2.0;2.0;2.0;1.0;1.0;3.0;3.0;3.0;1.0;2026-08-15 22:00:00+00:00
44.452;0.029;00.029_44.452;33.0;33.0;Lot-et-Garonne;PETITES-LANDES;COCUMONT;2026-08-17;34.0;229.0;0.0;0.0;0.0;1.0;1.0;1.0;2.0;2.0;2.0;2.0;3.0;1.0;1.0;1.0;2.0;2026-08-16 22:00:00+00:00
44.452;0.029;00.029_44.452;33.0;33.0;Lot-et-Garonne;PETITES-LANDES;COCUMONT;2026-08-18;34.0;230.0;0.0;0.0;0.0;1.0;1.0;1.0;2.0;2.0;2.0;1.0;2.0;2.0;1.0;2.0;1.0;2026-08-17 22:00:00+00:00
44.452;0.029;00.029_44.452;33.0;33.0;Lot-et-Garonne;PETITES-LANDES;COCUMONT;2026-08-19;34.0;231.0;0.0;0.0;0.0;1.0;1.0;1.0;2.0;2.0;2.0;1.0;2.0;1.0;2.0;2.0;1.0;2026-08-18 22:00:00+00:00
44.452;0.029;00.029_44.452;33.0;33.0;Lot-et-Garonne;PETITES-LANDES;COCUMONT;2026-08-20;34.0;232.0;6.8;6.8;6.8;1.0;1.0;1.0;2.0;2.0;2.0;1.0;2.0;2.0;4.0;3.0;2.0;2026-08-19 22:00:00+00:00
44.452;0.029;00.029_44.452;33.0;33.0;Lot-et-Garonne;PETITES-LANDES;COCUMONT;2026-08-21;34.0;233.0;8.0;8.0;8.0;1.0;1.0;1.0;3.0;3.0;3.0;1.0;1.0;2.0;2.0;2.0;3.0;2026-08-20 22:00:00+00:00
44.452;0.029;00.029_44.452;33.0;33.0;Lot-et-Garonne;PETITES-LANDES;COCUMONT;2026-08-22;34.0;234.0;0.0;0.0;0.0;1.0;1.0;1.0;3.0;3.0;3.0;2.0;1.0;1.0;2.0;1.0;1.0;2026-08-21 22:00:00+00:00
44.452;0.029;00.029_44.452;33.0;33.0;Lot-et-Garonne;PETITES-LANDES;COCUMONT;2026-08-23;34.0;235.0;31.200000000000003;31.200000000000003;31.200000000000003;1.0;1.0;1.0;4.0;4.0;4.0;1.0;1.0;3.0;1.0;1.0;1.0;2026-08-22 22:00:00+00:00
44.452;0.029;00.029_44.452;33.0;33.0;Lot-et-Garonne;PETITES-LANDES;COCUMONT;2026-08-24;35.0;236.0;61.1;61.1;61.1;1.0;1.0;1.0;4.0;4.0;4.0;1.0;1.0;3.0;2.0;1.0;2.0;2026-08-23 22:00:00+00:00
44.452;0.029;00.029_44.452;33.0;33.0;Lot-et-Garonne;PETITES-LANDES;COCUMONT;2026-08-25;;;;;;;;;4.0;4.0;4.0;;;;;;;2026-08-24 22:00:00+00:00
44.452;0.029;00.029_44.452;33.0;33.0;Lot-et-Garonne;PETITES-LANDES;COCUMONT;2026-08-26;;;;;;;;;4.0;4.0;4.0;;;;;;;2026-08-25 22:00:00+00:00
44.452;0.029;00.029_44.452;33.0;33.0;Lot-et-Garonne;PETITES-LANDES;COCUMONT;2026-08-27;;;;;;;;;4.0;4.0;4.0;;;;;;;2026-08-26 22:00:00+00:00
44.452;0.029;00.029_44.452;33.0;33.0;Lot-et-Garonne;PETITES-LANDES;COCUMONT;2026-08-28;;;;;;;;;4.0;4.0;4.0;;;;;;;2026-08-27 22:00:00+00:00
44.452;0.029;00.029_44.452;33.0;33.0;Lot-et-Garonne;PETITES-LANDES;COCUMONT;2026-08-29;;;;;;;;;4.0;4.0;4.0;;;;;;;2026-08-28 22:00:00+00:00
44.452;0.029;00.029_44.452;33.0;33.0;Lot-et-Garonne;PETITES-LANDES;COCUMONT;2026-08-30;;;;;;;;;4.0;4.0;4.0;;;;;;;2026-08-29 22:00:00+00:00
44.452;0.029;00.029_44.452;33.0;33.0;Lot-et-Garonne;PETITES-LANDES;COCUMONT;2026-08-31;;;;;;;;;4.0;4.0;4.0;;;;;;;2026-08-30 22:00:00+00:00
44.452;0.029;00.029_44.452;33.0;33.0;Lot-et-Garonne;PETITES-LANDES;COCUMONT;2026-09-01;;;;;;;;;4.0;4.0;4.0;;;;;;;2026-08-31 22:00:00+00:00
44.452;0.029;00.029_44.452;33.0;33.0;Lot-et-Garonne;PETITES-LANDES;COCUMONT;2026-09-02;;;;;;;;;4.0;4.0;4.0;;;;;;;2026-09-01 22:00:00+00:00
44.452;0.029;00.029_44.452;33.0;33.0;Lot-et-Garonne;PETITES-LANDES;COCUMONT;2026-09-03;;;;;;;;;4.0;4.0;4.0;;;;;;;2026-09-02 22:00:00+00:00
44.452;0.029;00.029_44.452;33.0;33.0;Lot-et-Garonne;PETITES-LANDES;COCUMONT;2026-09-04;;;;;;;;;4.0;4.0;4.0;;;;;;;2026-09-03 22:00:00+00:00
44.452;0.029;00.029_44.452;33.0;33.0;Lot-et-Garonne;PETITES-LANDES;COCUMONT;2026-09-05;;;;;;;;;4.0;4.0;4.0;;;;;;;2026-09-04 22:00:00+00:00
44.452;0.029;00.029_44.452;33.0;33.0;Lot-et-Garonne;PETITES-LANDES;COCUMONT;2026-09-06;;;;;;;;;4.0;4.0;4.0;;;;;;;2026-09-05 22:00:00+00:00
44.452;0.029;00.029_44.452;33.0;33.0;Lot-et-Garonne;PETITES-LANDES;COCUMONT;2026-09-07;;;;;;;;;4.0;4.0;4.0;;;;;;;2026-09-06 22:00:00+00:00
44.776;0.197;00.197_44.776;33.0;33.0;Est Entre-deux-Mers;ENTRE2MERS;RIOCAUD;2026-01-01;1.0;1.0;0.0;0.0;0.0;1.0;1.0;1.0;;;;2.0;2.0;2.0;1.0;1.0;1.0;2025-12-31 23:00:00+00:00
44.776;0.197;00.197_44.776;33.0;33.0;Est Entre-deux-Mers;ENTRE2MERS;RIOCAUD;2026-01-02;1.0;2.0;0.0;0.0;0.0;1.0;1.0;1.0;;;;3.0;2.0;1.0;1.0;1.0;4.0;2026-01-01 23:00:00+00:00
44.776;0.197;00.197_44.776;33.0;33.0;Est Entre-deux-Mers;ENTRE2MERS;RIOCAUD;2026-01-03;1.0;3.0;0.0;0.0;0.0;1.0;1.0;1.0;;;;4.0;1.0;2.0;2.0;1.0;4.0;2026-01-02 23:00:00+00:00
44.776;0.197;00.197_44.776;33.0;33.0;Est Entre-deux-Mers;ENTRE2MERS;RIOCAUD;2026-01-04;1.0;4.0;0.0;0.0;0.0;1.0;1.0;1.0;;;;2.0;1.0;2.0;1.0;1.0;1.0;2026-01-03 23:00:00+00:00
44.776;0.197;00.197_44.776;33.0;33.0;Est Entre-deux-Mers;ENTRE2MERS;RIOCAUD;2026-01-05;2.0;5.0;0.0;0.0;0.0;1.0;1.0;1.0;;;;2.0;2.0;3.0;1.0;3.0;1.0;2026-01-04 23:00:00+00:00
44.776;0.197;00.197_44.776;33.0;33.0;Est Entre-deux-Mers;ENTRE2MERS;RIOCAUD;2026-01-06;2.0;6.0;0.6;0.6;0.6;1.0;1.0;1.0;;;;2.0;1.0;1.0;1.0;1.0;1.0;2026-01-05 23:00:00+00:00
44.776;0.197;00.197_44.776;33.0;33.0;Est Entre-deux-Mers;ENTRE2MERS;RIOCAUD;2026-01-07;2.0;7.0;1.6;1.6;1.6;1.0;1.0;1.0;;;;1.0;1.0;2.0;2.0;3.0;1.0;2026-01-06 23:00:00+00:00
44.776;0.197;00.197_44.776;33.0;33.0;Est Entre-deux-Mers;ENTRE2MERS;RIOCAUD;2026-01-08;2.0;8.0;13.9;13.9;13.9;1.0;1.0;1.0;;;;2.0;1.0;2.0;1.0;2.0;3.0;2026-01-07 23:00:00+00:00
44.776;0.197;00.197_44.776;33.0;33.0;Est Entre-deux-Mers;ENTRE2MERS;RIOCAUD;2026-01-09;2.0;9.0;13.2;13.2;13.2;1.0;1.0;1.0;;;;2.0;1.0;2.0;4.0;1.0;2.0;2026-01-08 23:00:00+00:00
44.776;0.197;00.197_44.776;33.0;33.0;Est Entre-deux-Mers;ENTRE2MERS;RIOCAUD;2026-01-10;2.0;10.0;1.8;1.8;1.8;1.0;1.0;1.0;;;;2.0;1.0;3.0;3.0;3.0;1.0;2026-01-09 23:00:00+00:00
44.776;0.197;00.197_44.776;33.0;33.0;Est Entre-deux-Mers;ENTRE2MERS;RIOCAUD;2026-01-11;2.0;11.0;0.1;0.1;0.1;1.0;1.0;1.0;;;;2.0;4.0;2.0;4.0;2.0;2.0;2026-01-10 23:00:00+00:00
44.776;0.197;00.197_44.776;33.0;33.0;Est Entre-deux-Mers;ENTRE2MERS;RIOCAUD;2026-01-12;3.0;12.0;0.0;0.0;0.0;1.0;1.0;1.0;;;;1.0;1.0;3.0;1.0;1.0;3.0;2026-01-11 23:00:00+00:00
44.776;0.197;00.197_44.776;33.0;33.0;Est Entre-deux-Mers;ENTRE2MERS;RIOCAUD;2026-01-13;3.0;13.0;0.0;0.0;0.0;1.0;1.0;1.0;;;;1.0;2.0;3.0;1.0;1.0;1.0;2026-01-12 23:00:00+00:00
44.776;0.197;00.197_44.776;33.0;33.0;Est Entre-deux-Mers;ENTRE2MERS;RIOCAUD;2026-01-14;3.0;14.0;0.4;0.4;0.4;1.0;1.0;1.0;;;;1.0;1.0;2.0;1.0;2.0;1.0;2026-01-13 23:00:00+00:00
44.776;0.197;00.197_44.776;33.0;33.0;Est Entre-deux-Mers;ENTRE2MERS;RIOCAUD;2026-01-15;3.0;15.0;1.5;1.5;1.5;1.0;1.0;1.0;;;;2.0;2.0;1.0;3.0;2.0;4.0;2026-01-14 23:00:00+00:00
44.776;0.197;00.197_44.776;33.0;33.0;Est Entre-deux-Mers;ENTRE2MERS;RIOCAUD;2026-01-16;3.0;16.0;4.8;4.8;4.8;1.0;1.0;1.0;;;;2.0;3.0;2.0;4.0;1.0;1.0;2026-01-15 23:00:00+00:00
44.776;0.197;00.197_44.776;33.0;33.0;Est Entre-deux-Mers;ENTRE2MERS;RIOCAUD;2026-01-17;3.0;17.0;5.2;5.2;5.2;1.0;1.0;1.0;;;;1.0;1.0;2.0;2.0;3.0;1.0;2026-01-16 23:00:00+00:00
44.776;0.197;00.197_44.776;33.0;33.0;Est Entre-deux-Mers;ENTRE2MERS;RIOCAUD;2026-01-18;3.0;18.0;0.5;0.5;0.5;1.0;1.0;1.0;;;;1.0;1.0;2.0;4.0;2.0;3.0;2026-01-17 23:00:00+00:00
44.776;0.197;00.197_44.776;33.0;33.0;Est Entre-deux-Mers;ENTRE2MERS;RIOCAUD;2026-01-19;4.0;19.0;7.3;7.3;7.3;1.0;1.0;1.0;;;;2.0;1.0;1.0;1.0;2.0;1.0;2026-01-18 23:00:00+00:00
44.776;0.197;00.197_44.776;33.0;33.0;Est Entre-deux-Mers;ENTRE2MERS;RIOCAUD;2026-01-20;4.0;20.0;0.1;0.1;0.1;1.0;1.0;1.0;;;;2.0;2.0;1.0;1.0;2.0;1.0;2026-01-19 23:00:00+00:00
44.776;0.197;00.197_44.776;33.0;33.0;Est Entre-deux-Mers;ENTRE2MERS;RIOCAUD;2026-01-21;4.0;21.0;2.4;2.4;2.4;1.0;1.0;1.0;;;;1.0;2.0;1.0;2.0;4.0;3.0;2026-01-20 23:00:00+00:00
44.776;0.197;00.197_44.776;33.0;33.0;Est Entre-deux-Mers;ENTRE2MERS;RIOCAUD;2026-01-22;4.0;22.0;3.2;3.2;3.2;1.0;1.0;1.0;;;;2.0;1.0;3.0;1.0;1.0;1.0;2026-01-21 23:00:00+00:00
44.776;0.197;00.197_44.776;33.0;33.0;Est Entre-deux-Mers;ENTRE2MERS;RIOCAUD;2026-01-23;4.0;23.0;2.2;2.2;2.2;1.0;1.0;1.0;;;;2.0;4.0;1.0;2.0;1.0;2.0;2026-01-22 23:00:00+00:00
44.776;0.197;00.197_44.776;33.0;33.0;Est Entre-deux-Mers;ENTRE2MERS;RIOCAUD;2026-01-24;4.0;24.0;6.7;6.7;6.7;1.0;1.0;1.0;;;;2.0;1.0;3.0;1.0;2.0;1.0;2026-01-23 23:00:00+00:00
44.776;0.197;00.197_44.776;33.0;33.0;Est Entre-deux-Mers;ENTRE2MERS;RIOCAUD;2026-01-25;4.0;25.0;16.2;16.2;16.2;1.0;1.0;1.0;;;;1.0;1.0;1.0;1.0;1.0;3.0;2026-01-24 23:00:00+00:00
44.776;0.197;00.197_44.776;33.0;33.0;Est Entre-deux-Mers;ENTRE2MERS;RIOCAUD;2026-01-26;5.0;26.0;0.0;0.0;0.0;1.0;1.0;1.0;;;;1.0;3.0;1.0;1.0;1.0;2.0;2026-01-25 23:00:00+00:00
44.776;0.197;00.197_44.776;33.0;33.0;Est Entre-deux-Mers;ENTRE2MERS;RIOCAUD;2026-01-27;5.0;27.0;6.6;6.6;6.6;1.0;1.0;1.0;;;;1.0;1.0;2.0;1.0;1.0;2.0;2026-01-26 23:00:00+00:00
44.776;0.197;00.197_44.776;33.0;33.0;Est Entre-deux-Mers;ENTRE2MERS;RIOCAUD;2026-01-28;5.0;28.0;6.9;6.9;6.9;1.0;1.0;1.0;;;;1.0;1.0;2.0;1.0;2.0;1.0;2026-01-27 23:00:00+00:00
44.776;0.197;00.197_44.776;33.0;33.0;Est Entre-deux-Mers;ENTRE2MERS;RIOCAUD;2026-01-29;5.0;29.0;4.2;4.2;4.2;1.0;1.0;1.0;;;;1.0;3.0;1.0;1.0;3.0;2.0;2026-01-28 23:00:00+00:00
44.776;0.197;00.197_44.776;33.0;33.0;Est Entre-deux-Mers;ENTRE2MERS;RIOCAUD;2026-01-30;5.0;30.0;3.3000000000000003;3.3000000000000003;3.3000000000000003;1.0;1.0;1.0;;;;1.0;1.0;1.0;1.0;2.0;2.0;2026-01-29 23:00:00+00:00
44.776;0.197;00.197_44.776;33.0;33.0;Est Entre-deux-Mers;ENTRE2MERS;RIOCAUD;2026-01-31;5.0;31.0;4.0;4.0;4.0;1.0;1.0;1.0;;;;2.0;3.0;1.0;1.0;2.0;1.0;2026-01-30 23:00:00+00:00
44.776;0.197;00.197_44.776;33.0;33.0;Est Entre-deux-Mers;ENTRE2MERS;RIOCAUD;2026-02-01;5.0;32.0;2.7;2.7;2.7;1.0;1.0;1.0;;;;2.0;1.0;2.0;1.0;1.0;3.0;2026-01-31 23:00:00+00:00
44.776;0.197;00.197_44.776;33.0;33.0;Est Entre-deux-Mers;ENTRE2MERS;RIOCAUD;2026-02-02;6.0;33.0;4.6;4.6;4.6;1.0;1.0;1.0;;;;1.0;1.0;2.0;3.0;1.0;4.0;2026-02-01 23:00:00+00:00
44.776;0.197;00.197_44.776;33.0;33.0;Est Entre-deux-Mers;ENTRE2MERS;RIOCAUD;2026-02-03;6.0;34.0;0.2;0.2;0.2;1.0;1.0;1.0;;;;4.0;2.0;2.0;1.0;1.0;2.0;2026-02-02 23:00:00+00:00
44.776;0.197;00.197_44.776;33.0;33.0;Est Entre-deux-Mers;ENTRE2MERS;RIOCAUD;2026-02-04;6.0;35.0;6.1;6.1;6.1;1.0;1.0;1.0;;;;2.0;1.0;4.0;1.0;1.0;2.0;2026-02-03 23:00:00+00:00
44.776;0.197;00.197_44.776;33.0;33.0;Est Entre-deux-Mers;ENTRE2MERS;RIOCAUD;2026-02-05;6.0;36.0;12.3;12.3;12.3;1.0;1.0;1.0;;;;1.0;1.0;3.0;3.0;2.0;1.0;2026-02-04 23:00:00+00:00
44.776;0.197;00.197_44.776;33.0;33.0;Est Entre-deux-Mers;ENTRE2MERS;RIOCAUD;2026-02-06;6.0;37.0;2.7;2.7;2.7;1.0;1.0;1.0;;;;3.0;2.0;1.0;1.0;1.0;1.0;2026-02-05 23:00:00+00:00
44.776;0.197;00.197_44.776;33.0;33.0;Est Entre-deux-Mers;ENTRE2MERS;RIOCAUD;2026-02-07;6.0;38.0;2.3000000000000003;2.3000000000000003;2.3000000000000003;1.0;1.0;1.0;;;;4.0;1.0;1.0;1.0;2.0;1.0;2026-02-06 23:00:00+00:00
44.776;0.197;00.197_44.776;33.0;33.0;Est Entre-deux-Mers;ENTRE2MERS;RIOCAUD;2026-02-08;6.0;39.0;0.0;0.0;0.0;1.0;1.0;1.0;;;;1.0;2.0;1.0;4.0;1.0;4.0;2026-02-07 23:00:00+00:00
44.776;0.197;00.197_44.776;33.0;33.0;Est Entre-deux-Mers;ENTRE2MERS;RIOCAUD;2026-02-09;7.0;40.0;3.4000000000000004;3.4000000000000004;3.4000000000000004;1.0;1.0;1.0;;;;3.0;2.0;1.0;2.0;1.0;3.0;2026-02-08 23:00:00+00:00
44.776;0.197;00.197_44.776;33.0;33.0;Est Entre-deux-Mers;ENTRE2MERS;RIOCAUD;2026-02-10;7.0;41.0;21.2;21.2;21.2;1.0;1.0;1.0;;;;2.0;1.0;1.0;1.0;1.0;1.0;2026-02-09 23:00:00+00:00
44.776;0.197;00.197_44.776;33.0;33.0;Est Entre-deux-Mers;ENTRE2MERS;RIOCAUD;2026-02-11;7.0;42.0;13.3;13.3;13.3;1.0;1.0;1.0;;;;3.0;2.0;3.0;4.0;1.0;4.0;2026-02-10 23:00:00+00:00
44.776;0.197;00.197_44.776;33.0;33.0;Est Entre-deux-Mers;ENTRE2MERS;RIOCAUD;2026-02-12;7.0;43.0;22.7;22.7;22.7;1.0;1.0;1.0;;;;1.0;2.0;2.0;3.0;4.0;2.0;2026-02-11 23:00:00+00:00
44.776;0.197;00.197_44.776;33.0;33.0;Est Entre-deux-Mers;ENTRE2MERS;RIOCAUD;2026-02-13;7.0;44.0;2.6;2.6;2.6;1.0;1.0;1.0;;;;3.0;2.0;2.0;1.0;1.0;1.0;2026-02-12 23:00:00+00:00
44.776;0.197;00.197_44.776;33.0;33.0;Est Entre-deux-Mers;ENTRE2MERS;RIOCAUD;2026-02-14;7.0;45.0;2.4;2.4;2.4;1.0;1.0;1.0;;;;1.0;1.0;2.0;1.0;1.0;1.0;2026-02-13 23:00:00+00:00
44.776;0.197;00.197_44.776;33.0;33.0;Est Entre-deux-Mers;ENTRE2MERS;RIOCAUD;2026-02-15;7.0;46.0;8.8;8.8;8.8;1.0;1.0;1.0;;;;2.0;1.0;1.0;1.0;1.0;2.0;2026-02-14 23:00:00+00:00
44.776;0.197;00.197_44.776;33.0;33.0;Est Entre-deux-Mers;ENTRE2MERS;RIOCAUD;2026-02-16;8.0;47.0;2.4;2.4;2.4;1.0;1.0;1.0;;;;4.0;1.0;2.0;1.0;3.0;4.0;2026-02-15 23:00:00+00:00
44.776;0.197;00.197_44.776;33.0;33.0;Est Entre-deux-Mers;ENTRE2MERS;RIOCAUD;2026-02-17;8.0;48.0;1.9;1.9;1.9;1.0;1.0;1.0;;;;1.0;1.0;2.0;2.0;1.0;2.0;2026-02-16 23:00:00+00:00
44.776;0.197;00.197_44.776;33.0;33.0;Est Entre-deux-Mers;ENTRE2MERS;RIOCAUD;2026-02-18;8.0;49.0;4.5;4.5;4.5;1.0;1.0;1.0;;;;3.0;1.0;1.0;2.0;2.0;4.0;2026-02-17 23:00:00+00:00
44.776;0.197;00.197_44.776;33.0;33.0;Est Entre-deux-Mers;ENTRE2MERS;RIOCAUD;2026-02-19;8.0;50.0;9.0;9.0;9.0;1.0;1.0;1.0;;;;1.0;3.0;1.0;1.0;1.0;2.0;2026-02-18 23:00:00+00:00
44.776;0.197;00.197_44.776;33.0;33.0;Est Entre-deux-Mers;ENTRE2MERS;RIOCAUD;2026-02-20;8.0;51.0;0.2;0.2;0.2;1.0;1.0;1.0;;;;1.0;1.0;2.0;1.0;1.0;1.0;2026-02-19 23:00:00+00:00
44.776;0.197;00.197_44.776;33.0;33.0;Est Entre-deux-Mers;ENTRE2MERS;RIOCAUD;2026-02-21;8.0;52.0;0.0;0.0;0.0;1.0;1.0;1.0;;;;4.0;1.0;1.0;1.0;3.0;3.0;2026-02-20 23:00:00+00:00
44.776;0.197;00.197_44.776;33.0;33.0;Est Entre-deux-Mers;ENTRE2MERS;RIOCAUD;2026-02-22;8.0;53.0;0.0;0.0;0.0;1.0;1.0;1.0;;;;2.0;2.0;2.0;3.0;1.0;1.0;2026-02-21 23:00:00+00:00
44.776;0.197;00.197_44.776;33.0;33.0;Est Entre-deux-Mers;ENTRE2MERS;RIOCAUD;2026-02-23;9.0;54.0;0.0;0.0;0.0;1.0;1.0;1.0;;;;1.0;1.0;2.0;1.0;1.0;2.0;2026-02-22 23:00:00+00:00
44.776;0.197;00.197_44.776;33.0;33.0;Est Entre-deux-Mers;ENTRE2MERS;RIOCAUD;2026-02-24;9.0;55.0;0.0;0.0;0.0;1.0;1.0;1.0;;;;2.0;2.0;1.0;2.0;1.0;3.0;2026-02-23 23:00:00+00:00
44.776;0.197;00.197_44.776;33.0;33.0;Est Entre-deux-Mers;ENTRE2MERS;RIOCAUD;2026-02-25;9.0;56.0;0.0;0.0;0.0;1.0;1.0;1.0;;;;1.0;1.0;2.0;1.0;2.0;2.0;2026-02-24 23:00:00+00:00
44.776;0.197;00.197_44.776;33.0;33.0;Est Entre-deux-Mers;ENTRE2MERS;RIOCAUD;2026-02-26;9.0;57.0;0.0;0.0;0.0;1.0;1.0;1.0;;;;2.0;3.0;2.0;2.0;1.0;1.0;2026-02-25 23:00:00+00:00
44.776;0.197;00.197_44.776;33.0;33.0;Est Entre-deux-Mers;ENTRE2MERS;RIOCAUD;2026-02-27;9.0;58.0;0.2;0.2;0.2;1.0;1.0;1.0;;;;1.0;1.0;1.0;2.0;2.0;2.0;2026-02-26 23:00:00+00:00
44.776;0.197;00.197_44.776;33.0;33.0;Est Entre-deux-Mers;ENTRE2MERS;RIOCAUD;2026-02-28;9.0;59.0;0.5;0.5;0.5;1.0;1.0;1.0;;;;1.0;1.0;2.0;1.0;1.0;1.0;2026-02-27 23:00:00+00:00
44.776;0.197;00.197_44.776;33.0;33.0;Est Entre-deux-Mers;ENTRE2MERS;RIOCAUD;2026-03-01;9.0;60.0;0.0;0.0;0.0;1.0;1.0;1.0;;;;1.0;2.0;2.0;1.0;1.0;1.0;2026-02-28 23:00:00+00:00
44.776;0.197;00.197_44.776;33.0;33.0;Est Entre-deux-Mers;ENTRE2MERS;RIOCAUD;2026-03-02;10.0;61.0;0.0;0.0;0.0;1.0;1.0;1.0;;;;2.0;3.0;2.0;1.0;1.0;2.0;2026-03-01 23:00:00+00:00
44.776;0.197;00.197_44.776;33.0;33.0;Est Entre-deux-Mers;ENTRE2MERS;RIOCAUD;2026-03-03;10.0;62.0;0.0;0.0;0.0;1.0;1.0;1.0;;;;2.0;1.0;3.0;1.0;1.0;3.0;2026-03-02 23:00:00+00:00
44.776;0.197;00.197_44.776;33.0;33.0;Est Entre-deux-Mers;ENTRE2MERS;RIOCAUD;2026-03-04;10.0;63.0;0.0;0.0;0.0;1.0;1.0;1.0;;;;1.0;1.0;4.0;1.0;1.0;2.0;2026-03-03 23:00:00+00:00
44.776;0.197;00.197_44.776;33.0;33.0;Est Entre-deux-Mers;ENTRE2MERS;RIOCAUD;2026-03-05;10.0;64.0;1.3;1.3;1.3;1.0;1.0;1.0;;;;2.0;2.0;1.0;2.0;1.0;1.0;2026-03-04 23:00:00+00:00
44.776;0.197;00.197_44.776;33.0;33.0;Est Entre-deux-Mers;ENTRE2MERS;RIOCAUD;2026-03-06;10.0;65.0;0.6000000000000001;0.6000000000000001;0.6000000000000001;1.0;1.0;1.0;;;;1.0;2.0;1.0;1.0;2.0;1.0;2026-03-05 23:00:00+00:00
44.776;0.197;00.197_44.776;33.0;33.0;Est Entre-deux-Mers;ENTRE2MERS;RIOCAUD;2026-03-07;10.0;66.0;0.7;0.7;0.7;1.0;1.0;1.0;;;;3.0;1.0;2.0;2.0;1.0;4.0;2026-03-06 23:00:00+00:00
44.776;0.197;00.197_44.776;33.0;33.0;Est Entre-deux-Mers;ENTRE2MERS;RIOCAUD;2026-03-08;10.0;67.0;0.0;0.0;0.0;1.0;1.0;1.0;;;;2.0;2.0;3.0;4.0;3.0;2.0;2026-03-07 23:00:00+00:00
44.776;0.197;00.197_44.776;33.0;33.0;Est Entre-deux-Mers;ENTRE2MERS;RIOCAUD;2026-03-09;11.0;68.0;0.0;0.0;0.0;1.0;1.0;1.0;;;;2.0;2.0;1.0;1.0;1.0;2.0;2026-03-08 23:00:00+00:00
44.776;0.197;00.197_44.776;33.0;33.0;Est Entre-deux-Mers;ENTRE2MERS;RIOCAUD;2026-03-10;11.0;69.0;0.2;0.2;0.2;1.0;1.0;1.0;;;;2.0;2.0;2.0;1.0;2.0;1.0;2026-03-09 23:00:00+00:00
44.776;0.197;00.197_44.776;33.0;33.0;Est Entre-deux-Mers;ENTRE2MERS;RIOCAUD;2026-03-11;11.0;70.0;7.399999999999999;7.399999999999999;7.399999999999999;1.0;1.0;1.0;;;;2.0;1.0;3.0;2.0;3.0;1.0;2026-03-10 23:00:00+00:00
44.776;0.197;00.197_44.776;33.0;33.0;Est Entre-deux-Mers;ENTRE2MERS;RIOCAUD;2026-03-12;11.0;71.0;0.0;0.0;0.0;1.0;1.0;1.0;;;;3.0;2.0;1.0;2.0;4.0;1.0;2026-03-11 23:00:00+00:00
44.776;0.197;00.197_44.776;33.0;33.0;Est Entre-deux-Mers;ENTRE2MERS;RIOCAUD;2026-03-13;11.0;72.0;8.2;8.2;8.2;1.0;1.0;1.0;;;;3.0;1.0;2.0;2.0;1.0;3.0;2026-03-12 23:00:00+00:00
44.776;0.197;00.197_44.776;33.0;33.0;Est Entre-deux-Mers;ENTRE2MERS;RIOCAUD;2026-03-14;11.0;73.0;7.1;7.1;7.1;1.0;1.0;1.0;;;;1.0;1.0;1.0;3.0;1.0;1.0;2026-03-13 23:00:00+00:00
44.776;0.197;00.197_44.776;33.0;33.0;Est Entre-deux-Mers;ENTRE2MERS;RIOCAUD;2026-03-15;11.0;74.0;0.0;0.0;0.0;1.0;1.0;1.0;;;;1.0;1.0;3.0;2.0;3.0;1.0;2026-03-14 23:00:00+00:00
44.776;0.197;00.197_44.776;33.0;33.0;Est Entre-deux-Mers;ENTRE2MERS;RIOCAUD;2026-03-16;12.0;75.0;0.1;0.1;0.1;1.0;1.0;1.0;;;;3.0;2.0;1.0;3.0;1.0;3.0;2026-03-15 23:00:00+00:00
44.776;0.197;00.197_44.776;33.0;33.0;Est Entre-deux-Mers;ENTRE2MERS;RIOCAUD;2026-03-17;12.0;76.0;0.0;0.0;0.0;1.0;1.0;1.0;;;;1.0;1.0;1.0;1.0;1.0;3.0;2026-03-16 23:00:00+00:00
44.776;0.197;00.197_44.776;33.0;33.0;Est Entre-deux-Mers;ENTRE2MERS;RIOCAUD;2026-03-18;12.0;77.0;0.0;0.0;0.0;1.0;1.0;1.0;;;;2.0;1.0;1.0;2.0;1.0;1.0;2026-03-17 23:00:00+00:00
44.776;0.197;00.197_44.776;33.0;33.0;Est Entre-deux-Mers;ENTRE2MERS;RIOCAUD;2026-03-19;12.0;78.0;0.0;0.0;0.0;1.0;1.0;1.0;;;;1.0;1.0;2.0;2.0;3.0;1.0;2026-03-18 23:00:00+00:00
44.776;0.197;00.197_44.776;33.0;33.0;Est Entre-deux-Mers;ENTRE2MERS;RIOCAUD;2026-03-20;12.0;79.0;0.0;0.0;0.0;1.0;1.0;1.0;;;;1.0;3.0;1.0;3.0;2.0;2.0;2026-03-19 23:00:00+00:00
44.776;0.197;00.197_44.776;33.0;33.0;Est Entre-deux-Mers;ENTRE2MERS;RIOCAUD;2026-03-21;12.0;80.0;0.0;0.0;0.0;1.0;1.0;1.0;;;;1.0;1.0;2.0;1.0;1.0;4.0;2026-03-20 23:00:00+00:00
44.776;0.197;00.197_44.776;33.0;33.0;Est Entre-deux-Mers;ENTRE2MERS;RIOCAUD;2026-03-22;12.0;81.0;0.0;0.0;0.0;1.0;1.0;1.0;;;;2.0;1.0;3.0;2.0;4.0;1.0;2026-03-21 23:00:00+00:00
44.776;0.197;00.197_44.776;33.0;33.0;Est Entre-deux-Mers;ENTRE2MERS;RIOCAUD;2026-03-23;13.0;82.0;0.0;0.0;0.0;1.0;1.0;1.0;;;;3.0;2.0;2.0;1.0;1.0;1.0;2026-03-22 23:00:00+00:00
44.776;0.197;00.197_44.776;33.0;33.0;Est Entre-deux-Mers;ENTRE2MERS;RIOCAUD;2026-03-24;13.0;83.0;0.0;0.0;0.0;1.0;1.0;1.0;;;;1.0;1.0;1.0;1.0;1.0;1.0;2026-03-23 23:00:00+00:00
44.776;0.197;00.197_44.776;33.0;33.0;Est Entre-deux-Mers;ENTRE2MERS;RIOCAUD;2026-03-25;13.0;84.0;0.3;0.3;0.3;1.0;1.0;1.0;;;;2.0;1.0;1.0;2.0;3.0;3.0;2026-03-24 23:00:00+00:00
44.776;0.197;00.197_44.776;33.0;33.0;Est Entre-deux-Mers;ENTRE2MERS;RIOCAUD;2026-03-26;13.0;85.0;0.0;0.0;0.0;1.0;1.0;1.0;;;;1.0;1.0;1.0;3.0;1.0;1.0;2026-03-25 23:00:00+00:00
44.776;0.197;00.197_44.776;33.0;33.0;Est Entre-deux-Mers;ENTRE2MERS;RIOCAUD;2026-03-27;13.0;86.0;0.0;0.0;0.0;1.0;1.0;1.0;;;;2.0;3.0;2.0;1.0;1.0;1.0;2026-03-26 23:00:00+00:00
44.776;0.197;00.197_44.776;33.0;33.0;Est Entre-deux-Mers;ENTRE2MERS;RIOCAUD;2026-03-28;13.0;87.0;3.0;3.0;3.0;1.0;1.0;1.0;;;;1.0;1.0;1.0;1.0;1.0;2.0;2026-03-27 23:00:00+00:00
44.776;0.197;00.197_44.776;33.0;33.0;Est Entre-deux-Mers;ENTRE2MERS;RIOCAUD;2026-03-29;13.0;88.0;0.0;0.0;0.0;1.0;1.0;1.0;;;;1.0;1.0;1.0;1.0;1.0;1.0;2026-03-28 23:00:00+00:00
44.776;0.197;00.197_44.776;33.0;33.0;Est Entre-deux-Mers;ENTRE2MERS;RIOCAUD;2026-03-30;14.0;89.0;0.8999999999999999;0.8999999999999999;0.8999999999999999;1.0;1.0;1.0;;;;3.0;2.0;4.0;1.0;1.0;3.0;2026-03-29 22:00:00+00:00
44.776;0.197;00.197_44.776;33.0;33.0;Est Entre-deux-Mers;ENTRE2MERS;RIOCAUD;2026-03-31;14.0;90.0;0.0;0.0;0.0;1.0;1.0;1.0;2.0;2.0;2.0;1.0;1.0;2.0;2.0;2.0;4.0;2026-03-30 22:00:00+00:00
44.776;0.197;00.197_44.776;33.0;33.0;Est Entre-deux-Mers;ENTRE2MERS;RIOCAUD;2026-04-01;14.0;91.0;0.3;0.3;0.3;1.0;1.0;1.0;2.0;2.0;2.0;1.0;1.0;3.0;1.0;1.0;1.0;2026-03-31 22:00:00+00:00
44.776;0.197;00.197_44.776;33.0;33.0;Est Entre-deux-Mers;ENTRE2MERS;RIOCAUD;2026-04-02;14.0;92.0;0.0;0.0;0.0;1.0;1.0;1.0;2.0;2.0;2.0;1.0;1.0;3.0;1.0;1.0;1.0;2026-04-01 22:00:00+00:00
44.776;0.197;00.197_44.776;33.0;33.0;Est Entre-deux-Mers;ENTRE2MERS;RIOCAUD;2026-04-03;14.0;93.0;0.3;0.3;0.3;1.0;1.0;1.0;2.0;2.0;2.0;1.0;2.0;2.0;2.0;2.0;1.0;2026-04-02 22:00:00+00:00
44.776;0.197;00.197_44.776;33.0;33.0;Est Entre-deux-Mers;ENTRE2MERS;RIOCAUD;2026-04-04;14.0;94.0;0.0;0.0;0.0;1.0;1.0;1.0;2.0;2.0;2.0;1.0;3.0;3.0;2.0;2.0;1.0;2026-04-03 22:00:00+00:00
44.776;0.197;00.197_44.776;33.0;33.0;Est Entre-deux-Mers;ENTRE2MERS;RIOCAUD;2026-04-05;14.0;95.0;0.0;0.0;0.0;1.0;1.0;1.0;2.0;2.0;2.0;2.0;3.0;1.0;1.0;2.0;1.0;2026-04-04 22:00:00+00:00
44.776;0.197;00.197_44.776;33.0;33.0;Est Entre-deux-Mers;ENTRE2MERS;RIOCAUD;2026-04-06;15.0;96.0;0.0;0.0;0.0;1.0;1.0;1.0;2.0;2.0;2.0;3.0;1.0;1.0;3.0;1.0;2.0;2026-04-05 22:00:00+00:00
44.776;0.197;00.197_44.776;33.0;33.0;Est Entre-deux-Mers;ENTRE2MERS;RIOCAUD;2026-04-07;15.0;97.0;0.0;0.0;0.0;1.0;1.0;1.0;2.0;2.0;2.0;1.0;1.0;1.0;2.0;3.0;4.0;2026-04-06 22:00:00+00:00
44.776;0.197;00.197_44.776;33.0;33.0;Est Entre-deux-Mers;ENTRE2MERS;RIOCAUD;2026-04-08;15.0;98.0;0.0;0.0;0.0;1.0;1.0;1.0;2.0;2.0;2.0;2.0;1.0;1.0;2.0;1.0;3.0;2026-04-07 22:00:00+00:00
44.776;0.197;00.197_44.776;33.0;33.0;Est Entre-deux-Mers;ENTRE2MERS;RIOCAUD;2026-04-09;15.0;99.0;0.0;0.0;0.0;1.0;1.0;1.0;2.0;2.0;2.0;2.0;4.0;3.0;2.0;1.0;1.0;2026-04-08 22:00:00+00:00
44.776;0.197;00.197_44.776;33.0;33.0;Est Entre-deux-Mers;ENTRE2MERS;RIOCAUD;2026-04-10;15.0;100.0;0.0;0.0;0.0;1.0;1.0;1.0;2.0;2.0;2.0;1.0;3.0;1.0;1.0;3.0;2.0;2026-04-09 22:00:00+00:00
44.776;0.197;00.197_44.776;33.0;33.0;Est Entre-deux-Mers;ENTRE2MERS;RIOCAUD;2026-04-11;15.0;101.0;16.9;16.9;16.9;1.0;1.0;1.0;2.0;2.0;2.0;2.0;2.0;3.0;1.0;2.0;2.0;2026-04-10 22:00:00+00:00
44.776;0.197;00.197_44.776;33.0;33.0;Est Entre-deux-Mers;ENTRE2MERS;RIOCAUD;2026-04-12;15.0;102.0;0.3;0.3;0.3;1.0;1.0;1.0;;2.0;;3.0;3.0;1.0;1.0;2.0;1.0;2026-04-11 22:00:00+00:00
44.776;0.197;00.197_44.776;33.0;33.0;Est Entre-deux-Mers;ENTRE2MERS;RIOCAUD;2026-04-13;16.0;103.0;2.4;2.4;2.4;1.0;1.0;1.0;;2.0;;1.0;2.0;1.0;3.0;1.0;1.0;2026-04-12 22:00:00+00:00
44.776;0.197;00.197_44.776;33.0;33.0;Est Entre-deux-Mers;ENTRE2MERS;RIOCAUD;2026-04-14;16.0;104.0;0.0;0.0;0.0;1.0;1.0;1.0;;2.0;;3.0;1.0;1.0;2.0;3.0;2.0;2026-04-13 22:00:00+00:00
44.776;0.197;00.197_44.776;33.0;33.0;Est Entre-deux-Mers;ENTRE2MERS;RIOCAUD;2026-04-15;16.0;105.0;0.0;0.0;0.0;1.0;1.0;1.0;;2.0;;3.0;1.0;2.0;1.0;1.0;1.0;2026-04-14 22:00:00+00:00
44.776;0.197;00.197_44.776;33.0;33.0;Est Entre-deux-Mers;ENTRE2MERS;RIOCAUD;2026-04-16;16.0;106.0;0.0;0.0;0.0;1.0;1.0;1.0;;2.0;;3.0;1.0;1.0;1.0;3.0;1.0;2026-04-15 22:00:00+00:00
44.776;0.197;00.197_44.776;33.0;33.0;Est Entre-deux-Mers;ENTRE2MERS;RIOCAUD;2026-04-17;16.0;107.0;0.0;0.0;0.0;1.0;1.0;1.0;;2.0;;1.0;1.0;4.0;2.0;3.0;1.0;2026-04-16 22:00:00+00:00
44.776;0.197;00.197_44.776;33.0;33.0;Est Entre-deux-Mers;ENTRE2MERS;RIOCAUD;2026-04-18;16.0;108.0;0.0;0.0;0.0;1.0;1.0;1.0;;2.0;;1.0;1.0;1.0;1.0;3.0;1.0;2026-04-17 22:00:00+00:00
44.776;0.197;00.197_44.776;33.0;33.0;Est Entre-deux-Mers;ENTRE2MERS;RIOCAUD;2026-04-19;16.0;109.0;0.0;0.0;0.0;1.0;1.0;1.0;;2.0;;1.0;1.0;2.0;2.0;1.0;1.0;2026-04-18 22:00:00+00:00
44.776;0.197;00.197_44.776;33.0;33.0;Est Entre-deux-Mers;ENTRE2MERS;RIOCAUD;2026-04-20;17.0;110.0;0.0;0.0;0.0;1.0;1.0;1.0;;2.0;;1.0;2.0;1.0;1.0;4.0;2.0;2026-04-19 22:00:00+00:00
44.776;0.197;00.197_44.776;33.0;33.0;Est Entre-deux-Mers;ENTRE2MERS;RIOCAUD;2026-04-21;17.0;111.0;0.0;0.0;0.0;1.0;1.0;1.0;;2.0;;2.0;2.0;2.0;1.0;1.0;1.0;2026-04-20 22:00:00+00:00
44.776;0.197;00.197_44.776;33.0;33.0;Est Entre-deux-Mers;ENTRE2MERS;RIOCAUD;2026-04-22;17.0;112.0;0.2;0.2;0.2;1.0;1.0;1.0;;2.0;;1.0;1.0;1.0;1.0;3.0;2.0;2026-04-21 22:00:00+00:00
44.776;0.197;00.197_44.776;33.0;33.0;Est Entre-deux-Mers;ENTRE2MERS;RIOCAUD;2026-04-23;17.0;113.0;0.0;0.0;0.0;1.0;1.0;1.0;;2.0;;1.0;1.0;3.0;1.0;1.0;3.0;2026-04-22 22:00:00+00:00
44.776;0.197;00.197_44.776;33.0;33.0;Est Entre-deux-Mers;ENTRE2MERS;RIOCAUD;2026-04-24;17.0;114.0;0.0;0.0;0.0;1.0;1.0;1.0;;2.0;;2.0;2.0;2.0;1.0;1.0;2.0;2026-04-23 22:00:00+00:00
44.776;0.197;00.197_44.776;33.0;33.0;Est Entre-deux-Mers;ENTRE2MERS;RIOCAUD;2026-04-25;17.0;115.0;0.0;0.0;0.0;1.0;1.0;1.0;;2.0;;4.0;2.0;1.0;1.0;3.0;1.0;2026-04-24 22:00:00+00:00
44.776;0.197;00.197_44.776;33.0;33.0;Est Entre-deux-Mers;ENTRE2MERS;RIOCAUD;2026-04-26;17.0;116.0;0.0;0.0;0.0;1.0;1.0;1.0;;2.0;;3.0;4.0;1.0;2.0;3.0;3.0;2026-04-25 22:00:00+00:00
44.776;0.197;00.197_44.776;33.0;33.0;Est Entre-deux-Mers;ENTRE2MERS;RIOCAUD;2026-04-27;18.0;117.0;0.0;0.0;0.0;1.0;1.0;1.0;;2.0;;2.0;4.0;2.0;1.0;3.0;1.0;2026-04-26 22:00:00+00:00
44.776;0.197;00.197_44.776;33.0;33.0;Est Entre-deux-Mers;ENTRE2MERS;RIOCAUD;2026-04-28;18.0;118.0;1.3;1.3;1.3;1.0;1.0;1.0;;2.0;;2.0;2.0;2.0;1.0;1.0;3.0;2026-04-27 22:00:00+00:00
44.776;0.197;00.197_44.776;33.0;33.0;Est Entre-deux-Mers;ENTRE2MERS;RIOCAUD;2026-04-29;18.0;119.0;1.3;1.3;1.3;1.0;1.0;1.0;;2.0;;3.0;3.0;1.0;4.0;1.0;1.0;2026-04-28 22:00:00+00:00
44.776;0.197;00.197_44.776;33.0;33.0;Est Entre-deux-Mers;ENTRE2MERS;RIOCAUD;2026-04-30;18.0;120.0;10.5;10.5;10.5;1.0;1.0;1.0;;2.0;;3.0;2.0;1.0;1.0;1.0;1.0;2026-04-29 22:00:00+00:00
44.776;0.197;00.197_44.776;33.0;33.0;Est Entre-deux-Mers;ENTRE2MERS;RIOCAUD;2026-05-01;18.0;121.0;0.0;0.0;0.0;1.0;1.0;1.0;;2.0;;1.0;1.0;1.0;1.0;3.0;1.0;2026-04-30 22:00:00+00:00
44.776;0.197;00.197_44.776;33.0;33.0;Est Entre-deux-Mers;ENTRE2MERS;RIOCAUD;2026-05-02;18.0;122.0;14.1;14.1;14.1;1.0;1.0;1.0;;2.0;;1.0;3.0;1.0;3.0;1.0;1.0;2026-05-01 22:00:00+00:00
44.776;0.197;00.197_44.776;33.0;33.0;Est Entre-deux-Mers;ENTRE2MERS;RIOCAUD;2026-05-03;18.0;123.0;9.6;9.6;9.6;2.0;2.0;2.0;;2.0;;1.0;3.0;3.0;1.0;1.0;1.0;2026-05-02 22:00:00+00:00
44.776;0.197;00.197_44.776;33.0;33.0;Est Entre-deux-Mers;ENTRE2MERS;RIOCAUD;2026-05-04;19.0;124.0;7.1;7.1;7.1;1.0;1.0;1.0;;2.0;;1.0;1.0;2.0;1.0;1.0;3.0;2026-05-03 22:00:00+00:00
44.776;0.197;00.197_44.776;33.0;33.0;Est Entre-deux-Mers;ENTRE2MERS;RIOCAUD;2026-05-05;19.0;125.0;2.3000000000000003;2.3000000000000003;2.3000000000000003;1.0;1.0;1.0;;2.0;;1.0;1.0;1.0;2.0;2.0;1.0;2026-05-04 22:00:00+00:00
44.776;0.197;00.197_44.776;33.0;33.0;Est Entre-deux-Mers;ENTRE2MERS;RIOCAUD;2026-05-06;19.0;126.0;9.0;9.0;9.0;1.0;1.0;1.0;;2.0;;1.0;2.0;1.0;1.0;2.0;1.0;2026-05-05 22:00:00+00:00
44.776;0.197;00.197_44.776;33.0;33.0;Est Entre-deux-Mers;ENTRE2MERS;RIOCAUD;2026-05-07;19.0;127.0;0.0;0.0;0.0;1.0;1.0;1.0;;2.0;;2.0;3.0;3.0;3.0;1.0;1.0;2026-05-06 22:00:00+00:00
44.776;0.197;00.197_44.776;33.0;33.0;Est Entre-deux-Mers;ENTRE2MERS;RIOCAUD;2026-05-08;19.0;128.0;0.0;0.0;0.0;1.0;1.0;1.0;;2.0;;1.0;1.0;2.0;2.0;1.0;1.0;2026-05-07 22:00:00+00:00
44.776;0.197;00.197_44.776;33.0;33.0;Est Entre-deux-Mers;ENTRE2MERS;RIOCAUD;2026-05-09;19.0;129.0;0.0;0.0;0.0;1.0;1.0;1.0;;2.0;;1.0;2.0;1.0;1.0;1.0;1.0;2026-05-08 22:00:00+00:00
44.776;0.197;00.197_44.776;33.0;33.0;Est Entre-deux-Mers;ENTRE2MERS;RIOCAUD;2026-05-10;19.0;130.0;2.8000000000000003;2.8000000000000003;2.8000000000000003;1.0;1.0;1.0;;2.0;;1.0;2.0;2.0;3.0;1.0;1.0;2026-05-09 22:00:00+00:00
44.776;0.197;00.197_44.776;33.0;33.0;Est Entre-deux-Mers;ENTRE2MERS;RIOCAUD;2026-05-11;20.0;131.0;0.0;0.0;0.0;1.0;1.0;1.0;;2.0;;4.0;1.0;1.0;1.0;2.0;3.0;2026-05-10 22:00:00+00:00
44.776;0.197;00.197_44.776;33.0;33.0;Est Entre-deux-Mers;ENTRE2MERS;RIOCAUD;2026-05-12;20.0;132.0;0.0;0.0;0.0;1.0;1.0;1.0;;2.0;;1.0;4.0;2.0;2.0;1.0;2.0;2026-05-11 22:00:00+00:00
44.776;0.197;00.197_44.776;33.0;33.0;Est Entre-deux-Mers;ENTRE2MERS;RIOCAUD;2026-05-13;20.0;133.0;0.0;0.0;0.0;1.0;1.0;1.0;;2.0;;1.0;1.0;3.0;1.0;3.0;1.0;2026-05-12 22:00:00+00:00
44.776;0.197;00.197_44.776;33.0;33.0;Est Entre-deux-Mers;ENTRE2MERS;RIOCAUD;2026-05-14;20.0;134.0;12.1;12.1;12.1;1.0;1.0;1.0;;2.0;;1.0;1.0;1.0;3.0;1.0;1.0;2026-05-13 22:00:00+00:00
44.776;0.197;00.197_44.776;33.0;33.0;Est Entre-deux-Mers;ENTRE2MERS;RIOCAUD;2026-05-15;20.0;135.0;2.8000000000000003;2.8000000000000003;2.8000000000000003;1.0;1.0;1.0;;2.0;;2.0;2.0;4.0;1.0;1.0;1.0;2026-05-14 22:00:00+00:00
44.776;0.197;00.197_44.776;33.0;33.0;Est Entre-deux-Mers;ENTRE2MERS;RIOCAUD;2026-05-16;20.0;136.0;0.2;0.2;0.2;1.0;1.0;1.0;;3.0;;2.0;1.0;1.0;1.0;1.0;3.0;2026-05-15 22:00:00+00:00
44.776;0.197;00.197_44.776;33.0;33.0;Est Entre-deux-Mers;ENTRE2MERS;RIOCAUD;2026-05-17;20.0;137.0;1.3;1.3;1.3;1.0;1.0;1.0;;3.0;;1.0;1.0;1.0;1.0;3.0;2.0;2026-05-16 22:00:00+00:00
44.776;0.197;00.197_44.776;33.0;33.0;Est Entre-deux-Mers;ENTRE2MERS;RIOCAUD;2026-05-18;21.0;138.0;0.0;0.0;0.0;1.0;1.0;1.0;;3.0;;3.0;2.0;3.0;1.0;4.0;1.0;2026-05-17 22:00:00+00:00
44.776;0.197;00.197_44.776;33.0;33.0;Est Entre-deux-Mers;ENTRE2MERS;RIOCAUD;2026-05-19;21.0;139.0;0.0;0.0;0.0;1.0;1.0;1.0;;3.0;;2.0;1.0;2.0;2.0;1.0;1.0;2026-05-18 22:00:00+00:00
44.776;0.197;00.197_44.776;33.0;33.0;Est Entre-deux-Mers;ENTRE2MERS;RIOCAUD;2026-05-20;21.0;140.0;0.0;0.0;0.0;1.0;1.0;1.0;;3.0;;3.0;1.0;1.0;2.0;2.0;4.0;2026-05-19 22:00:00+00:00
44.776;0.197;00.197_44.776;33.0;33.0;Est Entre-deux-Mers;ENTRE2MERS;RIOCAUD;2026-05-21;21.0;141.0;0.0;0.0;0.0;1.0;1.0;1.0;;3.0;;3.0;2.0;1.0;1.0;1.0;2.0;2026-05-20 22:00:00+00:00
44.776;0.197;00.197_44.776;33.0;33.0;Est Entre-deux-Mers;ENTRE2MERS;RIOCAUD;2026-05-22;21.0;142.0;0.0;0.0;0.0;1.0;1.0;1.0;;3.0;;1.0;2.0;2.0;1.0;1.0;2.0;2026-05-21 22:00:00+00:00
44.776;0.197;00.197_44.776;33.0;33.0;Est Entre-deux-Mers;ENTRE2MERS;RIOCAUD;2026-05-23;21.0;143.0;0.0;0.0;0.0;1.0;1.0;1.0;;3.0;;2.0;1.0;2.0;3.0;3.0;2.0;2026-05-22 22:00:00+00:00
44.776;0.197;00.197_44.776;33.0;33.0;Est Entre-deux-Mers;ENTRE2MERS;RIOCAUD;2026-05-24;21.0;144.0;0.0;0.0;0.0;1.0;1.0;1.0;;3.0;;4.0;2.0;1.0;4.0;3.0;2.0;2026-05-23 22:00:00+00:00
44.776;0.197;00.197_44.776;33.0;33.0;Est Entre-deux-Mers;ENTRE2MERS;RIOCAUD;2026-05-25;22.0;145.0;0.0;0.0;0.0;1.0;1.0;1.0;;3.0;;2.0;1.0;1.0;2.0;2.0;1.0;2026-05-24 22:00:00+00:00
44.776;0.197;00.197_44.776;33.0;33.0;Est Entre-deux-Mers;ENTRE2MERS;RIOCAUD;2026-05-26;22.0;146.0;0.0;0.0;0.0;1.0;1.0;1.0;;2.0;;3.0;3.0;1.0;3.0;4.0;1.0;2026-05-25 22:00:00+00:00
44.776;0.197;00.197_44.776;33.0;33.0;Est Entre-deux-Mers;ENTRE2MERS;RIOCAUD;2026-05-27;22.0;147.0;0.0;0.0;0.0;1.0;1.0;1.0;;2.0;;1.0;2.0;4.0;2.0;1.0;1.0;2026-05-26 22:00:00+00:00
44.776;0.197;00.197_44.776;33.0;33.0;Est Entre-deux-Mers;ENTRE2MERS;RIOCAUD;2026-05-28;22.0;148.0;0.0;0.0;0.0;1.0;1.0;1.0;;2.0;;1.0;1.0;2.0;3.0;1.0;1.0;2026-05-27 22:00:00+00:00
44.776;0.197;00.197_44.776;33.0;33.0;Est Entre-deux-Mers;ENTRE2MERS;RIOCAUD;2026-05-29;22.0;149.0;0.0;0.0;0.0;1.0;1.0;1.0;;2.0;;2.0;1.0;2.0;4.0;4.0;3.0;2026-05-28 22:00:00+00:00
44.776;0.197;00.197_44.776;33.0;33.0;Est Entre-deux-Mers;ENTRE2MERS;RIOCAUD;2026-05-30;22.0;150.0;0.0;0.0;0.0;1.0;1.0;1.0;;2.0;;1.0;1.0;2.0;2.0;2.0;3.0;2026-05-29 22:00:00+00:00
44.776;0.197;00.197_44.776;33.0;33.0;Est Entre-deux-Mers;ENTRE2MERS;RIOCAUD;2026-05-31;22.0;151.0;0.0;0.0;0.0;1.0;1.0;1.0;2.0;2.0;2.0;1.0;2.0;2.0;2.0;2.0;1.0;2026-05-30 22:00:00+00:00
44.776;0.197;00.197_44.776;33.0;33.0;Est Entre-deux-Mers;ENTRE2MERS;RIOCAUD;2026-06-01;23.0;152.0;0.0;0.0;0.0;1.0;1.0;1.0;2.0;2.0;2.0;2.0;1.0;1.0;2.0;3.0;3.0;2026-05-31 22:00:00+00:00
44.776;0.197;00.197_44.776;33.0;33.0;Est Entre-deux-Mers;ENTRE2MERS;RIOCAUD;2026-06-02;23.0;153.0;3.3;3.3;3.3;1.0;1.0;1.0;2.0;2.0;2.0;2.0;2.0;1.0;1.0;4.0;1.0;2026-06-01 22:00:00+00:00
44.776;0.197;00.197_44.776;33.0;33.0;Est Entre-deux-Mers;ENTRE2MERS;RIOCAUD;2026-06-03;23.0;154.0;0.3;0.3;0.3;1.0;1.0;1.0;2.0;2.0;2.0;2.0;3.0;1.0;1.0;1.0;2.0;2026-06-02 22:00:00+00:00
44.776;0.197;00.197_44.776;33.0;33.0;Est Entre-deux-Mers;ENTRE2MERS;RIOCAUD;2026-06-04;23.0;155.0;10.5;10.5;10.5;1.0;1.0;1.0;2.0;2.0;2.0;4.0;3.0;4.0;1.0;1.0;1.0;2026-06-03 22:00:00+00:00
44.776;0.197;00.197_44.776;33.0;33.0;Est Entre-deux-Mers;ENTRE2MERS;RIOCAUD;2026-06-05;23.0;156.0;0.3;0.3;0.3;1.0;1.0;1.0;2.0;2.0;2.0;1.0;1.0;1.0;1.0;1.0;1.0;2026-06-04 22:00:00+00:00
44.776;0.197;00.197_44.776;33.0;33.0;Est Entre-deux-Mers;ENTRE2MERS;RIOCAUD;2026-06-06;23.0;157.0;0.0;0.0;0.0;1.0;1.0;1.0;2.0;2.0;2.0;2.0;1.0;2.0;1.0;3.0;2.0;2026-06-05 22:00:00+00:00
44.776;0.197;00.197_44.776;33.0;33.0;Est Entre-deux-Mers;ENTRE2MERS;RIOCAUD;2026-06-07;23.0;158.0;0.0;0.0;0.0;1.0;1.0;1.0;2.0;2.0;2.0;1.0;2.0;1.0;3.0;4.0;1.0;2026-06-06 22:00:00+00:00
44.776;0.197;00.197_44.776;33.0;33.0;Est Entre-deux-Mers;ENTRE2MERS;RIOCAUD;2026-06-08;24.0;159.0;0.4;0.4;0.4;1.0;1.0;1.0;2.0;2.0;2.0;1.0;2.0;3.0;1.0;1.0;1.0;2026-06-07 22:00:00+00:00
44.776;0.197;00.197_44.776;33.0;33.0;Est Entre-deux-Mers;ENTRE2MERS;RIOCAUD;2026-06-09;24.0;160.0;0.3;0.3;0.3;1.0;1.0;1.0;2.0;2.0;2.0;1.0;2.0;2.0;1.0;3.0;2.0;2026-06-08 22:00:00+00:00
44.776;0.197;00.197_44.776;33.0;33.0;Est Entre-deux-Mers;ENTRE2MERS;RIOCAUD;2026-06-10;24.0;161.0;0.0;0.0;0.0;1.0;1.0;1.0;2.0;2.0;2.0;1.0;1.0;1.0;2.0;3.0;1.0;2026-06-09 22:00:00+00:00
44.776;0.197;00.197_44.776;33.0;33.0;Est Entre-deux-Mers;ENTRE2MERS;RIOCAUD;2026-06-11;24.0;162.0;0.0;0.0;0.0;1.0;1.0;1.0;2.0;2.0;2.0;2.0;2.0;3.0;1.0;3.0;2.0;2026-06-10 22:00:00+00:00
44.776;0.197;00.197_44.776;33.0;33.0;Est Entre-deux-Mers;ENTRE2MERS;RIOCAUD;2026-06-12;24.0;163.0;0.0;0.0;0.0;1.0;1.0;1.0;2.0;2.0;2.0;3.0;1.0;2.0;4.0;2.0;2.0;2026-06-11 22:00:00+00:00
44.776;0.197;00.197_44.776;33.0;33.0;Est Entre-deux-Mers;ENTRE2MERS;RIOCAUD;2026-06-13;24.0;164.0;0.0;0.0;0.0;1.0;1.0;1.0;2.0;2.0;2.0;2.0;1.0;3.0;2.0;2.0;1.0;2026-06-12 22:00:00+00:00
44.776;0.197;00.197_44.776;33.0;33.0;Est Entre-deux-Mers;ENTRE2MERS;RIOCAUD;2026-06-14;24.0;165.0;0.0;0.0;0.0;1.0;1.0;1.0;2.0;2.0;2.0;4.0;3.0;2.0;2.0;1.0;1.0;2026-06-13 22:00:00+00:00
44.776;0.197;00.197_44.776;33.0;33.0;Est Entre-deux-Mers;ENTRE2MERS;RIOCAUD;2026-06-15;25.0;166.0;0.0;0.0;0.0;1.0;1.0;1.0;2.0;2.0;2.0;1.0;2.0;1.0;3.0;1.0;2.0;2026-06-14 22:00:00+00:00
44.776;0.197;00.197_44.776;33.0;33.0;Est Entre-deux-Mers;ENTRE2MERS;RIOCAUD;2026-06-16;25.0;167.0;0.0;0.0;0.0;1.0;1.0;1.0;2.0;2.0;2.0;2.0;4.0;1.0;1.0;1.0;1.0;2026-06-15 22:00:00+00:00
44.776;0.197;00.197_44.776;33.0;33.0;Est Entre-deux-Mers;ENTRE2MERS;RIOCAUD;2026-06-17;25.0;168.0;0.0;0.0;0.0;1.0;1.0;1.0;2.0;2.0;2.0;1.0;1.0;3.0;3.0;3.0;2.0;2026-06-16 22:00:00+00:00
44.776;0.197;00.197_44.776;33.0;33.0;Est Entre-deux-Mers;ENTRE2MERS;RIOCAUD;2026-06-18;25.0;169.0;0.0;0.0;0.0;1.0;1.0;1.0;2.0;2.0;2.0;1.0;4.0;2.0;1.0;3.0;2.0;2026-06-17 22:00:00+00:00
44.776;0.197;00.197_44.776;33.0;33.0;Est Entre-deux-Mers;ENTRE2MERS;RIOCAUD;2026-06-19;25.0;170.0;0.0;0.0;0.0;1.0;1.0;1.0;2.0;2.0;2.0;1.0;1.0;2.0;1.0;2.0;1.0;2026-06-18 22:00:00+00:00
44.776;0.197;00.197_44.776;33.0;33.0;Est Entre-deux-Mers;ENTRE2MERS;RIOCAUD;2026-06-20;25.0;171.0;0.6;0.6;0.6;1.0;1.0;1.0;2.0;2.0;2.0;1.0;1.0;3.0;1.0;2.0;1.0;2026-06-19 22:00:00+00:00
44.776;0.197;00.197_44.776;33.0;33.0;Est Entre-deux-Mers;ENTRE2MERS;RIOCAUD;2026-06-21;25.0;172.0;0.0;0.0;0.0;1.0;1.0;1.0;2.0;2.0;2.0;1.0;1.0;1.0;1.0;1.0;1.0;2026-06-20 22:00:00+00:00
44.776;0.197;00.197_44.776;33.0;33.0;Est Entre-deux-Mers;ENTRE2MERS;RIOCAUD;2026-06-22;26.0;173.0;0.0;0.0;0.0;1.0;1.0;1.0;2.0;2.0;2.0;1.0;1.0;1.0;2.0;2.0;1.0;2026-06-21 22:00:00+00:00
44.776;0.197;00.197_44.776;33.0;33.0;Est Entre-deux-Mers;ENTRE2MERS;RIOCAUD;2026-06-23;26.0;174.0;0.0;0.0;0.0;1.0;1.0;1.0;2.0;2.0;2.0;1.0;2.0;4.0;2.0;1.0;2.0;2026-06-22 22:00:00+00:00
44.776;0.197;00.197_44.776;33.0;33.0;Est Entre-deux-Mers;ENTRE2MERS;RIOCAUD;2026-06-24;26.0;175.0;0.1;0.1;0.1;1.0;1.0;1.0;2.0;2.0;2.0;2.0;3.0;1.0;4.0;1.0;2.0;2026-06-23 22:00:00+00:00
44.776;0.197;00.197_44.776;33.0;33.0;Est Entre-deux-Mers;ENTRE2MERS;RIOCAUD;2026-06-25;26.0;176.0;0.0;0.0;0.0;1.0;1.0;1.0;1.0;1.0;1.0;3.0;1.0;1.0;1.0;1.0;2.0;2026-06-24 22:00:00+00:00
44.776;0.197;00.197_44.776;33.0;33.0;Est Entre-deux-Mers;ENTRE2MERS;RIOCAUD;2026-06-26;26.0;177.0;0.5;0.5;0.5;1.0;1.0;1.0;1.0;1.0;1.0;3.0;2.0;2.0;1.0;3.0;2.0;2026-06-25 22:00:00+00:00
44.776;0.197;00.197_44.776;33.0;33.0;Est Entre-deux-Mers;ENTRE2MERS;RIOCAUD;2026-06-27;26.0;178.0;0.8;0.8;0.8;1.0;1.0;1.0;1.0;1.0;1.0;1.0;1.0;3.0;2.0;1.0;1.0;2026-06-26 22:00:00+00:00
44.776;0.197;00.197_44.776;33.0;33.0;Est Entre-deux-Mers;ENTRE2MERS;RIOCAUD;2026-06-28;26.0;179.0;19.1;19.1;19.1;1.0;1.0;1.0;1.0;1.0;1.0;2.0;2.0;1.0;2.0;2.0;2.0;2026-06-27 22:00:00+00:00
44.776;0.197;00.197_44.776;33.0;33.0;Est Entre-deux-Mers;ENTRE2MERS;RIOCAUD;2026-06-29;27.0;180.0;0.7;0.7;0.7;1.0;1.0;1.0;1.0;1.0;1.0;3.0;2.0;3.0;2.0;2.0;2.0;2026-06-28 22:00:00+00:00
44.776;0.197;00.197_44.776;33.0;33.0;Est Entre-deux-Mers;ENTRE2MERS;RIOCAUD;2026-06-30;27.0;181.0;0.0;0.0;0.0;1.0;1.0;1.0;1.0;1.0;1.0;1.0;1.0;1.0;1.0;1.0;2.0;2026-06-29 22:00:00+00:00
44.776;0.197;00.197_44.776;33.0;33.0;Est Entre-deux-Mers;ENTRE2MERS;RIOCAUD;2026-07-01;27.0;182.0;0.0;0.0;0.0;1.0;1.0;1.0;1.0;1.0;1.0;3.0;2.0;1.0;2.0;2.0;2.0;2026-06-30 22:00:00+00:00
44.776;0.197;00.197_44.776;33.0;33.0;Est Entre-deux-Mers;ENTRE2MERS;RIOCAUD;2026-07-02;27.0;183.0;0.0;0.0;0.0;1.0;1.0;1.0;1.0;1.0;1.0;2.0;2.0;2.0;2.0;2.0;1.0;2026-07-01 22:00:00+00:00
44.776;0.197;00.197_44.776;33.0;33.0;Est Entre-deux-Mers;ENTRE2MERS;RIOCAUD;2026-07-03;27.0;184.0;0.0;0.0;0.0;1.0;1.0;1.0;2.0;2.0;2.0;2.0;4.0;3.0;1.0;1.0;1.0;2026-07-02 22:00:00+00:00
44.776;0.197;00.197_44.776;33.0;33.0;Est Entre-deux-Mers;ENTRE2MERS;RIOCAUD;2026-07-04;27.0;185.0;0.0;0.0;0.0;1.0;1.0;1.0;2.0;2.0;2.0;2.0;1.0;2.0;1.0;1.0;1.0;2026-07-03 22:00:00+00:00
44.776;0.197;00.197_44.776;33.0;33.0;Est Entre-deux-Mers;ENTRE2MERS;RIOCAUD;2026-07-05;27.0;186.0;0.0;0.0;0.0;1.0;1.0;1.0;1.0;1.0;1.0;2.0;4.0;2.0;2.0;3.0;2.0;2026-07-04 22:00:00+00:00
44.776;0.197;00.197_44.776;33.0;33.0;Est Entre-deux-Mers;ENTRE2MERS;RIOCAUD;2026-07-06;28.0;187.0;0.0;0.0;0.0;1.0;1.0;1.0;1.0;1.0;1.0;2.0;1.0;1.0;1.0;2.0;3.0;2026-07-05 22:00:00+00:00
44.776;0.197;00.197_44.776;33.0;33.0;Est Entre-deux-Mers;ENTRE2MERS;RIOCAUD;2026-07-07;28.0;188.0;0.0;0.0;0.0;1.0;1.0;1.0;1.0;1.0;1.0;1.0;2.0;2.0;1.0;1.0;1.0;2026-07-06 22:00:00+00:00
44.776;0.197;00.197_44.776;33.0;33.0;Est Entre-deux-Mers;ENTRE2MERS;RIOCAUD;2026-07-08;28.0;189.0;0.0;0.0;0.0;1.0;1.0;1.0;1.0;1.0;1.0;1.0;1.0;3.0;3.0;1.0;3.0;2026-07-07 22:00:00+00:00
44.776;0.197;00.197_44.776;33.0;33.0;Est Entre-deux-Mers;ENTRE2MERS;RIOCAUD;2026-07-09;28.0;190.0;0.0;0.0;0.0;1.0;1.0;1.0;1.0;1.0;1.0;2.0;1.0;2.0;1.0;2.0;1.0;2026-07-08 22:00:00+00:00
44.776;0.197;00.197_44.776;33.0;33.0;Est Entre-deux-Mers;ENTRE2MERS;RIOCAUD;2026-07-10;28.0;191.0;2.4000000000000004;2.4000000000000004;2.4000000000000004;1.0;1.0;1.0;1.0;1.0;1.0;1.0;2.0;1.0;1.0;2.0;2.0;2026-07-09 22:00:00+00:00
44.776;0.197;00.197_44.776;33.0;33.0;Est Entre-deux-Mers;ENTRE2MERS;RIOCAUD;2026-07-11;28.0;192.0;0.0;0.0;0.0;1.0;1.0;1.0;1.0;1.0;1.0;1.0;1.0;3.0;2.0;1.0;4.0;2026-07-10 22:00:00+00:00
44.776;0.197;00.197_44.776;33.0;33.0;Est Entre-deux-Mers;ENTRE2MERS;RIOCAUD;2026-07-12;28.0;193.0;0.0;0.0;0.0;1.0;1.0;1.0;1.0;1.0;1.0;1.0;3.0;3.0;2.0;3.0;3.0;2026-07-11 22:00:00+00:00
44.776;0.197;00.197_44.776;33.0;33.0;Est Entre-deux-Mers;ENTRE2MERS;RIOCAUD;2026-07-13;29.0;194.0;0.0;0.0;0.0;1.0;1.0;1.0;1.0;1.0;1.0;1.0;2.0;1.0;1.0;4.0;2.0;2026-07-12 22:00:00+00:00
44.776;0.197;00.197_44.776;33.0;33.0;Est Entre-deux-Mers;ENTRE2MERS;RIOCAUD;2026-07-14;29.0;195.0;0.0;0.0;0.0;1.0;1.0;1.0;1.0;1.0;1.0;1.0;3.0;1.0;1.0;1.0;1.0;2026-07-13 22:00:00+00:00
44.776;0.197;00.197_44.776;33.0;33.0;Est Entre-deux-Mers;ENTRE2MERS;RIOCAUD;2026-07-15;29.0;196.0;0.2;0.2;0.2;1.0;1.0;1.0;1.0;1.0;1.0;1.0;4.0;2.0;1.0;1.0;1.0;2026-07-14 22:00:00+00:00
44.776;0.197;00.197_44.776;33.0;33.0;Est Entre-deux-Mers;ENTRE2MERS;RIOCAUD;2026-07-16;29.0;197.0;4.5;4.5;4.5;1.0;1.0;1.0;1.0;1.0;1.0;2.0;3.0;1.0;1.0;1.0;1.0;2026-07-15 22:00:00+00:00
44.776;0.197;00.197_44.776;33.0;33.0;Est Entre-deux-Mers;ENTRE2MERS;RIOCAUD;2026-07-17;29.0;198.0;0.0;0.0;0.0;1.0;1.0;1.0;1.0;1.0;1.0;1.0;2.0;2.0;1.0;1.0;1.0;2026-07-16 22:00:00+00:00
44.776;0.197;00.197_44.776;33.0;33.0;Est Entre-deux-Mers;ENTRE2MERS;RIOCAUD;2026-07-18;29.0;199.0;0.0;0.0;0.0;1.0;1.0;1.0;1.0;1.0;1.0;1.0;1.0;1.0;1.0;4.0;2.0;2026-07-17 22:00:00+00:00
44.776;0.197;00.197_44.776;33.0;33.0;Est Entre-deux-Mers;ENTRE2MERS;RIOCAUD;2026-07-19;29.0;200.0;0.0;0.0;0.0;1.0;1.0;1.0;1.0;1.0;1.0;3.0;1.0;2.0;2.0;3.0;2.0;2026-07-18 22:00:00+00:00
44.776;0.197;00.197_44.776;33.0;33.0;Est Entre-deux-Mers;ENTRE2MERS;RIOCAUD;2026-07-20;30.0;201.0;0.0;0.0;0.0;1.0;1.0;1.0;1.0;1.0;1.0;3.0;2.0;3.0;1.0;3.0;1.0;2026-07-19 22:00:00+00:00
44.776;0.197;00.197_44.776;33.0;33.0;Est Entre-deux-Mers;ENTRE2MERS;RIOCAUD;2026-07-21;30.0;202.0;0.0;0.0;0.0;1.0;1.0;1.0;1.0;1.0;1.0;2.0;1.0;1.0;1.0;1.0;2.0;2026-07-20 22:00:00+00:00
44.776;0.197;00.197_44.776;33.0;33.0;Est Entre-deux-Mers;ENTRE2MERS;RIOCAUD;2026-07-22;30.0;203.0;0.0;0.0;0.0;1.0;1.0;1.0;1.0;1.0;1.0;1.0;1.0;2.0;1.0;1.0;3.0;2026-07-21 22:00:00+00:00
44.776;0.197;00.197_44.776;33.0;33.0;Est Entre-deux-Mers;ENTRE2MERS;RIOCAUD;2026-07-23;30.0;204.0;0.0;0.0;0.0;1.0;1.0;1.0;1.0;1.0;1.0;1.0;2.0;3.0;4.0;2.0;3.0;2026-07-22 22:00:00+00:00
44.776;0.197;00.197_44.776;33.0;33.0;Est Entre-deux-Mers;ENTRE2MERS;RIOCAUD;2026-07-24;30.0;205.0;0.1;0.1;0.1;1.0;1.0;1.0;1.0;1.0;1.0;3.0;2.0;2.0;2.0;1.0;1.0;2026-07-23 22:00:00+00:00
44.776;0.197;00.197_44.776;33.0;33.0;Est Entre-deux-Mers;ENTRE2MERS;RIOCAUD;2026-07-25;30.0;206.0;13.5;13.5;13.5;1.0;1.0;1.0;1.0;1.0;1.0;1.0;1.0;1.0;1.0;2.0;2.0;2026-07-24 22:00:00+00:00
44.776;0.197;00.197_44.776;33.0;33.0;Est Entre-deux-Mers;ENTRE2MERS;RIOCAUD;2026-07-26;30.0;207.0;0.0;0.0;0.0;1.0;1.0;1.0;1.0;1.0;1.0;1.0;3.0;3.0;2.0;2.0;1.0;2026-07-25 22:00:00+00:00
44.776;0.197;00.197_44.776;33.0;33.0;Est Entre-deux-Mers;ENTRE2MERS;RIOCAUD;2026-07-27;31.0;208.0;0.6000000000000001;0.6000000000000001;0.6000000000000001;1.0;1.0;1.0;1.0;1.0;1.0;1.0;3.0;2.0;1.0;1.0;2.0;2026-07-26 22:00:00+00:00
44.776;0.197;00.197_44.776;33.0;33.0;Est Entre-deux-Mers;ENTRE2MERS;RIOCAUD;2026-07-28;31.0;209.0;0.0;0.0;0.0;1.0;1.0;1.0;1.0;1.0;1.0;1.0;4.0;1.0;3.0;2.0;3.0;2026-07-27 22:00:00+00:00
44.776;0.197;00.197_44.776;33.0;33.0;Est Entre-deux-Mers;ENTRE2MERS;RIOCAUD;2026-07-29;31.0;210.0;0.0;0.0;0.0;1.0;1.0;1.0;1.0;1.0;1.0;3.0;3.0;1.0;1.0;3.0;1.0;2026-07-28 22:00:00+00:00
44.776;0.197;00.197_44.776;33.0;33.0;Est Entre-deux-Mers;ENTRE2MERS;RIOCAUD;2026-07-30;31.0;211.0;0.0;0.0;0.0;1.0;1.0;1.0;2.0;2.0;2.0;1.0;2.0;3.0;2.0;2.0;3.0;2026-07-29 22:00:00+00:00
44.776;0.197;00.197_44.776;33.0;33.0;Est Entre-deux-Mers;ENTRE2MERS;RIOCAUD;2026-07-31;31.0;212.0;0.7;0.7;0.7;1.0;1.0;1.0;2.0;2.0;2.0;3.0;3.0;1.0;1.0;1.0;1.0;2026-07-30 22:00:00+00:00
44.776;0.197;00.197_44.776;33.0;33.0;Est Entre-deux-Mers;ENTRE2MERS;RIOCAUD;2026-08-01;31.0;213.0;0.0;0.0;0.0;1.0;1.0;1.0;2.0;2.0;2.0;1.0;2.0;1.0;4.0;1.0;2.0;2026-07-31 22:00:00+00:00
44.776;0.197;00.197_44.776;33.0;33.0;Est Entre-deux-Mers;ENTRE2MERS;RIOCAUD;2026-08-02;31.0;214.0;0.0;0.0;0.0;1.0;1.0;1.0;2.0;2.0;2.0;1.0;1.0;3.0;1.0;2.0;2.0;2026-08-01 22:00:00+00:00
44.776;0.197;00.197_44.776;33.0;33.0;Est Entre-deux-Mers;ENTRE2MERS;RIOCAUD;2026-08-03;32.0;215.0;0.3;0.3;0.3;1.0;1.0;1.0;2.0;2.0;2.0;3.0;1.0;1.0;2.0;3.0;2.0;2026-08-02 22:00:00+00:00
44.776;0.197;00.197_44.776;33.0;33.0;Est Entre-deux-Mers;ENTRE2MERS;RIOCAUD;2026-08-04;32.0;216.0;0.0;0.0;0.0;1.0;1.0;1.0;2.0;2.0;2.0;4.0;1.0;1.0;2.0;1.0;3.0;2026-08-03 22:00:00+00:00
44.776;0.197;00.197_44.776;33.0;33.0;Est Entre-deux-Mers;ENTRE2MERS;RIOCAUD;2026-08-05;32.0;217.0;0.5;0.5;0.5;1.0;1.0;1.0;2.0;2.0;2.0;1.0;1.0;2.0;1.0;2.0;1.0;2026-08-04 22:00:00+00:00
44.776;0.197;00.197_44.776;33.0;33.0;Est Entre-deux-Mers;ENTRE2MERS;RIOCAUD;2026-08-06;32.0;218.0;0.0;0.0;0.0;1.0;1.0;1.0;2.0;2.0;2.0;2.0;2.0;1.0;2.0;1.0;1.0;2026-08-05 22:00:00+00:00
44.776;0.197;00.197_44.776;33.0;33.0;Est Entre-deux-Mers;ENTRE2MERS;RIOCAUD;2026-08-07;32.0;219.0;0.0;0.0;0.0;1.0;1.0;1.0;2.0;2.0;2.0;3.0;2.0;1.0;1.0;1.0;1.0;2026-08-06 22:00:00+00:00
44.776;0.197;00.197_44.776;33.0;33.0;Est Entre-deux-Mers;ENTRE2MERS;RIOCAUD;2026-08-08;32.0;220.0;0.0;0.0;0.0;1.0;1.0;1.0;2.0;2.0;2.0;3.0;1.0;2.0;3.0;1.0;2.0;2026-08-07 22:00:00+00:00
44.776;0.197;00.197_44.776;33.0;33.0;Est Entre-deux-Mers;ENTRE2MERS;RIOCAUD;2026-08-09;32.0;221.0;16.3;16.3;16.3;1.0;1.0;1.0;2.0;2.0;2.0;2.0;2.0;3.0;1.0;1.0;2.0;2026-08-08 22:00:00+00:00
44.776;0.197;00.197_44.776;33.0;33.0;Est Entre-deux-Mers;ENTRE2MERS;RIOCAUD;2026-08-10;33.0;222.0;0.5;0.5;0.5;1.0;1.0;1.0;2.0;2.0;2.0;3.0;1.0;1.0;1.0;1.0;3.0;2026-08-09 22:00:00+00:00
44.776;0.197;00.197_44.776;33.0;33.0;Est Entre-deux-Mers;ENTRE2MERS;RIOCAUD;2026-08-11;33.0;223.0;0.0;0.0;0.0;1.0;1.0;1.0;2.0;2.0;2.0;2.0;2.0;2.0;3.0;3.0;1.0;2026-08-10 22:00:00+00:00
44.776;0.197;00.197_44.776;33.0;33.0;Est Entre-deux-Mers;ENTRE2MERS;RIOCAUD;2026-08-12;33.0;224.0;0.0;0.0;0.0;1.0;1.0;1.0;2.0;2.0;2.0;1.0;2.0;3.0;1.0;3.0;1.0;2026-08-11 22:00:00+00:00
44.776;0.197;00.197_44.776;33.0;33.0;Est Entre-deux-Mers;ENTRE2MERS;RIOCAUD;2026-08-13;33.0;225.0;0.0;0.0;0.0;1.0;1.0;1.0;2.0;2.0;2.0;1.0;1.0;1.0;1.0;1.0;3.0;2026-08-12 22:00:00+00:00
44.776;0.197;00.197_44.776;33.0;33.0;Est Entre-deux-Mers;ENTRE2MERS;RIOCAUD;2026-08-14;33.0;226.0;0.0;0.0;0.0;1.0;1.0;1.0;2.0;2.0;2.0;3.0;1.0;1.0;1.0;1.0;1.0;2026-08-13 22:00:00+00:00
44.776;0.197;00.197_44.776;33.0;33.0;Est Entre-deux-Mers;ENTRE2MERS;RIOCAUD;2026-08-15;33.0;227.0;2.2;2.2;2.2;1.0;1.0;1.0;2.0;2.0;2.0;1.0;2.0;3.0;1.0;2.0;1.0;2026-08-14 22:00:00+00:00
44.776;0.197;00.197_44.776;33.0;33.0;Est Entre-deux-Mers;ENTRE2MERS;RIOCAUD;2026-08-16;33.0;228.0;0.2;0.2;0.2;1.0;1.0;1.0;2.0;2.0;2.0;2.0;3.0;1.0;4.0;3.0;2.0;2026-08-15 22:00:00+00:00
44.776;0.197;00.197_44.776;33.0;33.0;Est Entre-deux-Mers;ENTRE2MERS;RIOCAUD;2026-08-17;34.0;229.0;0.0;0.0;0.0;1.0;1.0;1.0;2.0;2.0;2.0;1.0;1.0;1.0;1.0;1.0;1.0;2026-08-16 22:00:00+00:00
44.776;0.197;00.197_44.776;33.0;33.0;Est Entre-deux-Mers;ENTRE2MERS;RIOCAUD;2026-08-18;34.0;230.0;0.0;0.0;0.0;1.0;1.0;1.0;2.0;2.0;2.0;2.0;2.0;1.0;1.0;3.0;2.0;2026-08-17 22:00:00+00:00
44.776;0.197;00.197_44.776;33.0;33.0;Est Entre-deux-Mers;ENTRE2MERS;RIOCAUD;2026-08-19;34.0;231.0;1.5;1.5;1.5;1.0;1.0;1.0;2.0;2.0;2.0;1.0;1.0;1.0;2.0;3.0;3.0;2026-08-18 22:00:00+00:00
44.776;0.197;00.197_44.776;33.0;33.0;Est Entre-deux-Mers;ENTRE2MERS;RIOCAUD;2026-08-20;34.0;232.0;0.5;0.5;0.5;1.0;1.0;1.0;3.0;3.0;3.0;2.0;3.0;1.0;1.0;1.0;1.0;2026-08-19 22:00:00+00:00
44.776;0.197;00.197_44.776;33.0;33.0;Est Entre-deux-Mers;ENTRE2MERS;RIOCAUD;2026-08-21;34.0;233.0;13.2;13.2;13.2;1.0;1.0;1.0;3.0;3.0;3.0;2.0;1.0;2.0;2.0;1.0;1.0;2026-08-20 22:00:00+00:00
44.776;0.197;00.197_44.776;33.0;33.0;Est Entre-deux-Mers;ENTRE2MERS;RIOCAUD;2026-08-22;34.0;234.0;0.0;0.0;0.0;1.0;1.0;1.0;3.0;3.0;3.0;1.0;2.0;1.0;4.0;1.0;2.0;2026-08-21 22:00:00+00:00
44.776;0.197;00.197_44.776;33.0;33.0;Est Entre-deux-Mers;ENTRE2MERS;RIOCAUD;2026-08-23;34.0;235.0;1.8;1.8;1.8;1.0;1.0;1.0;3.0;3.0;3.0;1.0;3.0;1.0;3.0;1.0;2.0;2026-08-22 22:00:00+00:00
44.776;0.197;00.197_44.776;33.0;33.0;Est Entre-deux-Mers;ENTRE2MERS;RIOCAUD;2026-08-24;35.0;236.0;12.194;15.986;27.365;1.0;1.0;1.0;3.0;3.0;3.0;3.0;1.0;1.0;1.0;1.0;1.0;2026-08-23 22:00:00+00:00
44.776;0.197;00.197_44.776;33.0;33.0;Est Entre-deux-Mers;ENTRE2MERS;RIOCAUD;2026-08-25;35.0;237.0;0.598;1.196;2.99;1.0;1.0;1.0;3.0;3.0;3.0;3.0;1.0;1.0;3.0;2.0;2.0;2026-08-24 22:00:00+00:00
44.776;0.197;00.197_44.776;33.0;33.0;Est Entre-deux-Mers;ENTRE2MERS;RIOCAUD;2026-08-26;35.0;238.0;0.954;1.811;4.577;1.0;1.0;1.0;3.0;3.0;3.0;1.0;1.0;1.0;1.0;4.0;1.0;2026-08-25 22:00:00+00:00
44.776;0.197;00.197_44.776;33.0;33.0;Est Entre-deux-Mers;ENTRE2MERS;RIOCAUD;2026-08-27;35.0;239.0;0.197;0.394;0.987;1.0;1.0;1.0;3.0;3.0;3.0;2.0;2.0;1.0;2.0;3.0;2.0;2026-08-26 22:00:00+00:00
44.776;0.197;00.197_44.776;33.0;33.0;Est Entre-deux-Mers;ENTRE2MERS;RIOCAUD;2026-08-28;35.0;240.0;0.0;0.001;0.0;1.0;1.0;1.0;3.0;3.0;3.0;1.0;1.0;2.0;2.0;4.0;1.0;2026-08-27 22:00:00+00:00
44.776;0.197;00.197_44.776;33.0;33.0;Est Entre-deux-Mers;ENTRE2MERS;RIOCAUD;2026-08-29;35.0;241.0;0.0;0.0;0.0;1.0;1.0;1.0;3.0;3.0;3.0;2.0;2.0;3.0;3.0;2.0;2.0;2026-08-28 22:00:00+00:00
44.776;0.197;00.197_44.776;33.0;33.0;Est Entre-deux-Mers;ENTRE2MERS;RIOCAUD;2026-08-30;35.0;242.0;0.0;0.0;0.0;1.0;1.0;1.0;3.0;3.0;3.0;2.0;1.0;1.0;4.0;3.0;1.0;2026-08-29 22:00:00+00:00
44.776;0.197;00.197_44.776;33.0;33.0;Est Entre-deux-Mers;ENTRE2MERS;RIOCAUD;2026-08-31;36.0;243.0;0.072;0.072;0.2189999999999999;1.0;1.0;1.0;3.0;3.0;3.0;1.0;3.0;1.0;1.0;1.0;3.0;2026-08-30 22:00:00+00:00
44.776;0.197;00.197_44.776;33.0;33.0;Est Entre-deux-Mers;ENTRE2MERS;RIOCAUD;2026-09-01;36.0;244.0;0.075;0.147;0.369;1.0;1.0;1.0;3.0;3.0;3.0;1.0;2.0;1.0;1.0;1.0;1.0;2026-08-31 22:00:00+00:00
44.776;0.197;00.197_44.776;33.0;33.0;Est Entre-deux-Mers;ENTRE2MERS;RIOCAUD;2026-09-02;36.0;245.0;0.134;0.203;0.54;1.0;1.0;1.0;3.0;3.0;3.0;1.0;1.0;1.0;1.0;3.0;3.0;2026-09-01 22:00:00+00:00
44.776;0.197;00.197_44.776;33.0;33.0;Est Entre-deux-Mers;ENTRE2MERS;RIOCAUD;2026-09-03;36.0;246.0;1.034;1.966;4.966;1.0;1.0;1.0;3.0;3.0;3.0;2.0;2.0;2.0;1.0;2.0;1.0;2026-09-02 22:00:00+00:00
44.776;0.197;00.197_44.776;33.0;33.0;Est Entre-deux-Mers;ENTRE2MERS;RIOCAUD;2026-09-04;36.0;247.0;1.461;2.92;7.298;1.0;1.0;1.0;3.0;3.0;3.0;3.0;3.0;3.0;1.0;4.0;1.0;2026-09-03 22:00:00+00:00
44.776;0.197;00.197_44.776;33.0;33.0;Est Entre-deux-Mers;ENTRE2MERS;RIOCAUD;2026-09-05;36.0;248.0;0.873;1.655;4.187;1.0;1.0;1.0;3.0;3.0;3.0;1.0;1.0;1.0;3.0;1.0;1.0;2026-09-04 22:00:00+00:00
44.776;0.197;00.197_44.776;33.0;33.0;Est Entre-deux-Mers;ENTRE2MERS;RIOCAUD;2026-09-06;36.0;249.0;0.0;0.0;0.0;1.0;1.0;1.0;3.0;3.0;3.0;3.0;1.0;1.0;2.0;1.0;2.0;2026-09-05 22:00:00+00:00
44.776;0.197;00.197_44.776;33.0;33.0;Est Entre-deux-Mers;ENTRE2MERS;RIOCAUD;2026-09-07;37.0;250.0;0.59;1.174;2.941;1.0;1.0;1.0;3.0;3.0;3.0;3.0;1.0;2.0;1.0;2.0;4.0;2026-09-06 22:00:00+00:00
44.212;0.449;00.449_44.212;33.0;33.0;Lot-et-Garonne;VALLEE-GARONNE-AGENAIS;MONTESQUIEU;2026-01-01;1.0;1.0;0.0;0.0;0.0;1.0;1.0;1.0;;;;1.0;2.0;2.0;2.0;3.0;1.0;2025-12-31 23:00:00+00:00
44.212;0.449;00.449_44.212;33.0;33.0;Lot-et-Garonne;VALLEE-GARONNE-AGENAIS;MONTESQUIEU;2026-01-02;1.0;2.0;0.0;0.0;0.0;1.0;1.0;1.0;;;;3.0;2.0;2.0;3.0;1.0;3.0;2026-01-01 23:00:00+00:00
44.212;0.449;00.449_44.212;33.0;33.0;Lot-et-Garonne;VALLEE-GARONNE-AGENAIS;MONTESQUIEU;2026-01-03;1.0;3.0;0.0;0.0;0.0;1.0;1.0;1.0;;;;3.0;2.0;1.0;1.0;1.0;1.0;2026-01-02 23:00:00+00:00
44.212;0.449;00.449_44.212;33.0;33.0;Lot-et-Garonne;VALLEE-GARONNE-AGENAIS;MONTESQUIEU;2026-01-04;1.0;4.0;0.0;0.0;0.0;1.0;1.0;1.0;;;;1.0;1.0;1.0;1.0;1.0;1.0;2026-01-03 23:00:00+00:00
44.212;0.449;00.449_44.212;33.0;33.0;Lot-et-Garonne;VALLEE-GARONNE-AGENAIS;MONTESQUIEU;2026-01-05;2.0;5.0;0.0;0.0;0.0;1.0;1.0;1.0;;;;2.0;1.0;2.0;3.0;1.0;1.0;2026-01-04 23:00:00+00:00
44.212;0.449;00.449_44.212;33.0;33.0;Lot-et-Garonne;VALLEE-GARONNE-AGENAIS;MONTESQUIEU;2026-01-06;2.0;6.0;0.2;0.2;0.2;1.0;1.0;1.0;;;;3.0;2.0;1.0;1.0;3.0;1.0;2026-01-05 23:00:00+00:00
44.212;0.449;00.449_44.212;33.0;33.0;Lot-et-Garonne;VALLEE-GARONNE-AGENAIS;MONTESQUIEU;2026-01-07;2.0;7.0;1.4;1.4;1.4;1.0;1.0;1.0;;;;3.0;1.0;2.0;1.0;2.0;1.0;2026-01-06 23:00:00+00:00
44.212;0.449;00.449_44.212;33.0;33.0;Lot-et-Garonne;VALLEE-GARONNE-AGENAIS;MONTESQUIEU;2026-01-08;2.0;8.0;5.9;5.9;5.9;1.0;1.0;1.0;;;;4.0;1.0;2.0;1.0;2.0;1.0;2026-01-07 23:00:00+00:00
44.212;0.449;00.449_44.212;33.0;33.0;Lot-et-Garonne;VALLEE-GARONNE-AGENAIS;MONTESQUIEU;2026-01-09;2.0;9.0;14.7;14.7;14.7;1.0;1.0;1.0;;;;1.0;1.0;2.0;4.0;1.0;1.0;2026-01-08 23:00:00+00:00
44.212;0.449;00.449_44.212;33.0;33.0;Lot-et-Garonne;VALLEE-GARONNE-AGENAIS;MONTESQUIEU;2026-01-10;2.0;10.0;3.6;3.6;3.6;1.0;1.0;1.0;;;;1.0;2.0;1.0;4.0;1.0;4.0;2026-01-09 23:00:00+00:00
44.212;0.449;00.449_44.212;33.0;33.0;Lot-et-Garonne;VALLEE-GARONNE-AGENAIS;MONTESQUIEU;2026-01-11;2.0;11.0;0.6;0.6;0.6;1.0;1.0;1.0;;;;2.0;1.0;1.0;3.0;1.0;2.0;2026-01-10 23:00:00+00:00
44.212;0.449;00.449_44.212;33.0;33.0;Lot-et-Garonne;VALLEE-GARONNE-AGENAIS;MONTESQUIEU;2026-01-12;3.0;12.0;0.0;0.0;0.0;1.0;1.0;1.0;;;;1.0;2.0;1.0;3.0;2.0;1.0;2026-01-11 23:00:00+00:00
44.212;0.449;00.449_44.212;33.0;33.0;Lot-et-Garonne;VALLEE-GARONNE-AGENAIS;MONTESQUIEU;2026-01-13;3.0;13.0;0.0;0.0;0.0;1.0;1.0;1.0;;;;1.0;2.0;1.0;1.0;2.0;1.0;2026-01-12 23:00:00+00:00
44.212;0.449;00.449_44.212;33.0;33.0;Lot-et-Garonne;VALLEE-GARONNE-AGENAIS;MONTESQUIEU;2026-01-14;3.0;14.0;0.2;0.2;0.2;1.0;1.0;1.0;;;;1.0;1.0;4.0;1.0;3.0;1.0;2026-01-13 23:00:00+00:00
44.212;0.449;00.449_44.212;33.0;33.0;Lot-et-Garonne;VALLEE-GARONNE-AGENAIS;MONTESQUIEU;2026-01-15;3.0;15.0;2.1;2.1;2.1;1.0;1.0;1.0;;;;1.0;1.0;1.0;2.0;3.0;4.0;2026-01-14 23:00:00+00:00
44.212;0.449;00.449_44.212;33.0;33.0;Lot-et-Garonne;VALLEE-GARONNE-AGENAIS;MONTESQUIEU;2026-01-16;3.0;16.0;7.2;7.2;7.2;1.0;1.0;1.0;;;;1.0;1.0;2.0;3.0;1.0;1.0;2026-01-15 23:00:00+00:00
44.212;0.449;00.449_44.212;33.0;33.0;Lot-et-Garonne;VALLEE-GARONNE-AGENAIS;MONTESQUIEU;2026-01-17;3.0;17.0;1.9;1.9;1.9;1.0;1.0;1.0;;;;1.0;4.0;1.0;2.0;1.0;1.0;2026-01-16 23:00:00+00:00
44.212;0.449;00.449_44.212;33.0;33.0;Lot-et-Garonne;VALLEE-GARONNE-AGENAIS;MONTESQUIEU;2026-01-18;3.0;18.0;1.3;1.3;1.3;1.0;1.0;1.0;;;;1.0;3.0;1.0;2.0;1.0;2.0;2026-01-17 23:00:00+00:00
44.212;0.449;00.449_44.212;33.0;33.0;Lot-et-Garonne;VALLEE-GARONNE-AGENAIS;MONTESQUIEU;2026-01-19;4.0;19.0;5.9;5.9;5.9;1.0;1.0;1.0;;;;2.0;1.0;3.0;1.0;1.0;1.0;2026-01-18 23:00:00+00:00
44.212;0.449;00.449_44.212;33.0;33.0;Lot-et-Garonne;VALLEE-GARONNE-AGENAIS;MONTESQUIEU;2026-01-20;4.0;20.0;0.3;0.3;0.3;1.0;1.0;1.0;;;;1.0;4.0;1.0;3.0;1.0;3.0;2026-01-19 23:00:00+00:00
44.212;0.449;00.449_44.212;33.0;33.0;Lot-et-Garonne;VALLEE-GARONNE-AGENAIS;MONTESQUIEU;2026-01-21;4.0;21.0;6.3;6.3;6.3;1.0;1.0;1.0;;;;3.0;1.0;1.0;1.0;3.0;1.0;2026-01-20 23:00:00+00:00
44.212;0.449;00.449_44.212;33.0;33.0;Lot-et-Garonne;VALLEE-GARONNE-AGENAIS;MONTESQUIEU;2026-01-22;4.0;22.0;1.2;1.2;1.2;1.0;1.0;1.0;;;;3.0;2.0;2.0;2.0;3.0;4.0;2026-01-21 23:00:00+00:00
44.212;0.449;00.449_44.212;33.0;33.0;Lot-et-Garonne;VALLEE-GARONNE-AGENAIS;MONTESQUIEU;2026-01-23;4.0;23.0;1.5;1.5;1.5;1.0;1.0;1.0;;;;1.0;3.0;2.0;2.0;1.0;1.0;2026-01-22 23:00:00+00:00
44.212;0.449;00.449_44.212;33.0;33.0;Lot-et-Garonne;VALLEE-GARONNE-AGENAIS;MONTESQUIEU;2026-01-24;4.0;24.0;2.4;2.4;2.4;1.0;1.0;1.0;;;;3.0;1.0;1.0;1.0;4.0;1.0;2026-01-23 23:00:00+00:00
44.212;0.449;00.449_44.212;33.0;33.0;Lot-et-Garonne;VALLEE-GARONNE-AGENAIS;MONTESQUIEU;2026-01-25;4.0;25.0;5.7;5.7;5.7;1.0;1.0;1.0;;;;2.0;2.0;1.0;2.0;1.0;3.0;2026-01-24 23:00:00+00:00
44.212;0.449;00.449_44.212;33.0;33.0;Lot-et-Garonne;VALLEE-GARONNE-AGENAIS;MONTESQUIEU;2026-01-26;5.0;26.0;3.1;3.1;3.1;1.0;1.0;1.0;;;;1.0;1.0;2.0;2.0;3.0;3.0;2026-01-25 23:00:00+00:00
44.212;0.449;00.449_44.212;33.0;33.0;Lot-et-Garonne;VALLEE-GARONNE-AGENAIS;MONTESQUIEU;2026-01-27;5.0;27.0;9.0;9.0;9.0;1.0;1.0;1.0;;;;2.0;1.0;2.0;1.0;2.0;1.0;2026-01-26 23:00:00+00:00
44.212;0.449;00.449_44.212;33.0;33.0;Lot-et-Garonne;VALLEE-GARONNE-AGENAIS;MONTESQUIEU;2026-01-28;5.0;28.0;10.3;10.3;10.3;1.0;1.0;1.0;;;;1.0;2.0;1.0;1.0;1.0;2.0;2026-01-27 23:00:00+00:00
44.212;0.449;00.449_44.212;33.0;33.0;Lot-et-Garonne;VALLEE-GARONNE-AGENAIS;MONTESQUIEU;2026-01-29;5.0;29.0;3.0;3.0;3.0;1.0;1.0;1.0;;;;1.0;2.0;2.0;2.0;1.0;1.0;2026-01-28 23:00:00+00:00
44.212;0.449;00.449_44.212;33.0;33.0;Lot-et-Garonne;VALLEE-GARONNE-AGENAIS;MONTESQUIEU;2026-01-30;5.0;30.0;3.4000000000000004;3.4000000000000004;3.4000000000000004;1.0;1.0;1.0;;;;3.0;1.0;1.0;1.0;1.0;1.0;2026-01-29 23:00:00+00:00
44.212;0.449;00.449_44.212;33.0;33.0;Lot-et-Garonne;VALLEE-GARONNE-AGENAIS;MONTESQUIEU;2026-01-31;5.0;31.0;9.3;9.3;9.3;1.0;1.0;1.0;;;;2.0;2.0;2.0;2.0;1.0;3.0;2026-01-30 23:00:00+00:00
44.212;0.449;00.449_44.212;33.0;33.0;Lot-et-Garonne;VALLEE-GARONNE-AGENAIS;MONTESQUIEU;2026-02-01;5.0;32.0;2.9000000000000004;2.9000000000000004;2.9000000000000004;1.0;1.0;1.0;;;;2.0;1.0;2.0;1.0;1.0;2.0;2026-01-31 23:00:00+00:00
44.212;0.449;00.449_44.212;33.0;33.0;Lot-et-Garonne;VALLEE-GARONNE-AGENAIS;MONTESQUIEU;2026-02-02;6.0;33.0;5.4;5.4;5.4;1.0;1.0;1.0;;;;1.0;1.0;2.0;2.0;2.0;3.0;2026-02-01 23:00:00+00:00
44.212;0.449;00.449_44.212;33.0;33.0;Lot-et-Garonne;VALLEE-GARONNE-AGENAIS;MONTESQUIEU;2026-02-03;6.0;34.0;2.9;2.9;2.9;1.0;1.0;1.0;;;;1.0;2.0;1.0;3.0;1.0;2.0;2026-02-02 23:00:00+00:00
44.212;0.449;00.449_44.212;33.0;33.0;Lot-et-Garonne;VALLEE-GARONNE-AGENAIS;MONTESQUIEU;2026-02-04;6.0;35.0;1.2;1.2;1.2;1.0;1.0;1.0;;;;1.0;1.0;1.0;3.0;1.0;2.0;2026-02-03 23:00:00+00:00
44.212;0.449;00.449_44.212;33.0;33.0;Lot-et-Garonne;VALLEE-GARONNE-AGENAIS;MONTESQUIEU;2026-02-05;6.0;36.0;8.5;8.5;8.5;1.0;1.0;1.0;;;;1.0;3.0;1.0;1.0;2.0;1.0;2026-02-04 23:00:00+00:00
44.212;0.449;00.449_44.212;33.0;33.0;Lot-et-Garonne;VALLEE-GARONNE-AGENAIS;MONTESQUIEU;2026-02-06;6.0;37.0;1.2;1.2;1.2;1.0;1.0;1.0;;;;4.0;4.0;4.0;1.0;2.0;1.0;2026-02-05 23:00:00+00:00
44.212;0.449;00.449_44.212;33.0;33.0;Lot-et-Garonne;VALLEE-GARONNE-AGENAIS;MONTESQUIEU;2026-02-07;6.0;38.0;2.2;2.2;2.2;1.0;1.0;1.0;;;;1.0;1.0;1.0;2.0;2.0;1.0;2026-02-06 23:00:00+00:00
44.212;0.449;00.449_44.212;33.0;33.0;Lot-et-Garonne;VALLEE-GARONNE-AGENAIS;MONTESQUIEU;2026-02-08;6.0;39.0;1.8;1.8;1.8;1.0;1.0;1.0;;;;2.0;3.0;1.0;1.0;4.0;1.0;2026-02-07 23:00:00+00:00
44.212;0.449;00.449_44.212;33.0;33.0;Lot-et-Garonne;VALLEE-GARONNE-AGENAIS;MONTESQUIEU;2026-02-09;7.0;40.0;2.8;2.8;2.8;1.0;1.0;1.0;;;;1.0;1.0;3.0;1.0;2.0;4.0;2026-02-08 23:00:00+00:00
44.212;0.449;00.449_44.212;33.0;33.0;Lot-et-Garonne;VALLEE-GARONNE-AGENAIS;MONTESQUIEU;2026-02-10;7.0;41.0;19.5;19.5;19.5;1.0;1.0;1.0;;;;4.0;1.0;4.0;1.0;2.0;3.0;2026-02-09 23:00:00+00:00
44.212;0.449;00.449_44.212;33.0;33.0;Lot-et-Garonne;VALLEE-GARONNE-AGENAIS;MONTESQUIEU;2026-02-11;7.0;42.0;18.2;18.2;18.2;1.0;1.0;1.0;;;;1.0;2.0;1.0;3.0;1.0;1.0;2026-02-10 23:00:00+00:00
44.212;0.449;00.449_44.212;33.0;33.0;Lot-et-Garonne;VALLEE-GARONNE-AGENAIS;MONTESQUIEU;2026-02-12;7.0;43.0;17.3;17.3;17.3;1.0;1.0;1.0;;;;1.0;3.0;4.0;1.0;1.0;2.0;2026-02-11 23:00:00+00:00
44.212;0.449;00.449_44.212;33.0;33.0;Lot-et-Garonne;VALLEE-GARONNE-AGENAIS;MONTESQUIEU;2026-02-13;7.0;44.0;0.7;0.7;0.7;1.0;1.0;1.0;;;;2.0;1.0;1.0;1.0;1.0;3.0;2026-02-12 23:00:00+00:00
44.212;0.449;00.449_44.212;33.0;33.0;Lot-et-Garonne;VALLEE-GARONNE-AGENAIS;MONTESQUIEU;2026-02-14;7.0;45.0;2.9;2.9;2.9;1.0;1.0;1.0;;;;1.0;1.0;1.0;1.0;1.0;2.0;2026-02-13 23:00:00+00:00
44.212;0.449;00.449_44.212;33.0;33.0;Lot-et-Garonne;VALLEE-GARONNE-AGENAIS;MONTESQUIEU;2026-02-15;7.0;46.0;7.3;7.3;7.3;1.0;1.0;1.0;;;;2.0;1.0;1.0;1.0;1.0;1.0;2026-02-14 23:00:00+00:00
44.212;0.449;00.449_44.212;33.0;33.0;Lot-et-Garonne;VALLEE-GARONNE-AGENAIS;MONTESQUIEU;2026-02-16;8.0;47.0;7.8;7.8;7.8;1.0;1.0;1.0;;;;2.0;4.0;1.0;2.0;2.0;3.0;2026-02-15 23:00:00+00:00
44.212;0.449;00.449_44.212;33.0;33.0;Lot-et-Garonne;VALLEE-GARONNE-AGENAIS;MONTESQUIEU;2026-02-17;8.0;48.0;0.5;0.5;0.5;1.0;1.0;1.0;;;;4.0;2.0;2.0;2.0;2.0;3.0;2026-02-16 23:00:00+00:00
44.212;0.449;00.449_44.212;33.0;33.0;Lot-et-Garonne;VALLEE-GARONNE-AGENAIS;MONTESQUIEU;2026-02-18;8.0;49.0;5.0;5.0;5.0;1.0;1.0;1.0;;;;1.0;2.0;2.0;1.0;1.0;2.0;2026-02-17 23:00:00+00:00
44.212;0.449;00.449_44.212;33.0;33.0;Lot-et-Garonne;VALLEE-GARONNE-AGENAIS;MONTESQUIEU;2026-02-19;8.0;50.0;12.9;12.9;12.9;1.0;1.0;1.0;;;;1.0;1.0;1.0;3.0;2.0;2.0;2026-02-18 23:00:00+00:00
44.212;0.449;00.449_44.212;33.0;33.0;Lot-et-Garonne;VALLEE-GARONNE-AGENAIS;MONTESQUIEU;2026-02-20;8.0;51.0;1.4;1.4;1.4;1.0;1.0;1.0;;;;1.0;1.0;1.0;3.0;1.0;1.0;2026-02-19 23:00:00+00:00
44.212;0.449;00.449_44.212;33.0;33.0;Lot-et-Garonne;VALLEE-GARONNE-AGENAIS;MONTESQUIEU;2026-02-21;8.0;52.0;0.0;0.0;0.0;1.0;1.0;1.0;;;;1.0;2.0;1.0;3.0;2.0;1.0;2026-02-20 23:00:00+00:00
44.212;0.449;00.449_44.212;33.0;33.0;Lot-et-Garonne;VALLEE-GARONNE-AGENAIS;MONTESQUIEU;2026-02-22;8.0;53.0;0.0;0.0;0.0;1.0;1.0;1.0;;;;1.0;1.0;3.0;2.0;3.0;2.0;2026-02-21 23:00:00+00:00
44.212;0.449;00.449_44.212;33.0;33.0;Lot-et-Garonne;VALLEE-GARONNE-AGENAIS;MONTESQUIEU;2026-02-23;9.0;54.0;0.0;0.0;0.0;1.0;1.0;1.0;;;;2.0;4.0;3.0;1.0;1.0;4.0;2026-02-22 23:00:00+00:00
44.212;0.449;00.449_44.212;33.0;33.0;Lot-et-Garonne;VALLEE-GARONNE-AGENAIS;MONTESQUIEU;2026-02-24;9.0;55.0;0.0;0.0;0.0;1.0;1.0;1.0;;;;4.0;3.0;3.0;4.0;2.0;1.0;2026-02-23 23:00:00+00:00
44.212;0.449;00.449_44.212;33.0;33.0;Lot-et-Garonne;VALLEE-GARONNE-AGENAIS;MONTESQUIEU;2026-02-25;9.0;56.0;0.0;0.0;0.0;1.0;1.0;1.0;;;;3.0;1.0;3.0;2.0;2.0;2.0;2026-02-24 23:00:00+00:00
44.212;0.449;00.449_44.212;33.0;33.0;Lot-et-Garonne;VALLEE-GARONNE-AGENAIS;MONTESQUIEU;2026-02-26;9.0;57.0;0.0;0.0;0.0;1.0;1.0;1.0;;;;1.0;1.0;2.0;3.0;1.0;2.0;2026-02-25 23:00:00+00:00
44.212;0.449;00.449_44.212;33.0;33.0;Lot-et-Garonne;VALLEE-GARONNE-AGENAIS;MONTESQUIEU;2026-02-27;9.0;58.0;0.0;0.0;0.0;1.0;1.0;1.0;;;;1.0;1.0;3.0;2.0;1.0;1.0;2026-02-26 23:00:00+00:00
44.212;0.449;00.449_44.212;33.0;33.0;Lot-et-Garonne;VALLEE-GARONNE-AGENAIS;MONTESQUIEU;2026-02-28;9.0;59.0;6.7;6.7;6.7;1.0;1.0;1.0;;;;2.0;1.0;2.0;1.0;3.0;1.0;2026-02-27 23:00:00+00:00
44.212;0.449;00.449_44.212;33.0;33.0;Lot-et-Garonne;VALLEE-GARONNE-AGENAIS;MONTESQUIEU;2026-03-01;9.0;60.0;0.0;0.0;0.0;1.0;1.0;1.0;;;;2.0;1.0;2.0;3.0;1.0;1.0;2026-02-28 23:00:00+00:00
44.212;0.449;00.449_44.212;33.0;33.0;Lot-et-Garonne;VALLEE-GARONNE-AGENAIS;MONTESQUIEU;2026-03-02;10.0;61.0;0.0;0.0;0.0;1.0;1.0;1.0;;;;2.0;2.0;2.0;2.0;4.0;4.0;2026-03-01 23:00:00+00:00
44.212;0.449;00.449_44.212;33.0;33.0;Lot-et-Garonne;VALLEE-GARONNE-AGENAIS;MONTESQUIEU;2026-03-03;10.0;62.0;0.0;0.0;0.0;1.0;1.0;1.0;;;;2.0;2.0;1.0;1.0;2.0;1.0;2026-03-02 23:00:00+00:00
44.212;0.449;00.449_44.212;33.0;33.0;Lot-et-Garonne;VALLEE-GARONNE-AGENAIS;MONTESQUIEU;2026-03-04;10.0;63.0;0.0;0.0;0.0;1.0;1.0;1.0;;;;1.0;1.0;2.0;2.0;1.0;1.0;2026-03-03 23:00:00+00:00
44.212;0.449;00.449_44.212;33.0;33.0;Lot-et-Garonne;VALLEE-GARONNE-AGENAIS;MONTESQUIEU;2026-03-05;10.0;64.0;1.3;1.3;1.3;1.0;1.0;1.0;;;;2.0;2.0;1.0;1.0;2.0;1.0;2026-03-04 23:00:00+00:00
44.212;0.449;00.449_44.212;33.0;33.0;Lot-et-Garonne;VALLEE-GARONNE-AGENAIS;MONTESQUIEU;2026-03-06;10.0;65.0;0.5;0.5;0.5;1.0;1.0;1.0;;;;2.0;2.0;1.0;1.0;1.0;1.0;2026-03-05 23:00:00+00:00
44.212;0.449;00.449_44.212;33.0;33.0;Lot-et-Garonne;VALLEE-GARONNE-AGENAIS;MONTESQUIEU;2026-03-07;10.0;66.0;0.0;0.0;0.0;1.0;1.0;1.0;;;;2.0;1.0;1.0;1.0;1.0;1.0;2026-03-06 23:00:00+00:00
44.212;0.449;00.449_44.212;33.0;33.0;Lot-et-Garonne;VALLEE-GARONNE-AGENAIS;MONTESQUIEU;2026-03-08;10.0;67.0;0.2;0.2;0.2;1.0;1.0;1.0;;;;2.0;3.0;2.0;1.0;2.0;3.0;2026-03-07 23:00:00+00:00
44.212;0.449;00.449_44.212;33.0;33.0;Lot-et-Garonne;VALLEE-GARONNE-AGENAIS;MONTESQUIEU;2026-03-09;11.0;68.0;0.0;0.0;0.0;1.0;1.0;1.0;;;;2.0;2.0;1.0;2.0;2.0;3.0;2026-03-08 23:00:00+00:00
44.212;0.449;00.449_44.212;33.0;33.0;Lot-et-Garonne;VALLEE-GARONNE-AGENAIS;MONTESQUIEU;2026-03-10;11.0;69.0;0.0;0.0;0.0;1.0;1.0;1.0;;;;2.0;1.0;2.0;1.0;1.0;1.0;2026-03-09 23:00:00+00:00
44.212;0.449;00.449_44.212;33.0;33.0;Lot-et-Garonne;VALLEE-GARONNE-AGENAIS;MONTESQUIEU;2026-03-11;11.0;70.0;2.3;2.3;2.3;1.0;1.0;1.0;;;;3.0;1.0;2.0;1.0;1.0;2.0;2026-03-10 23:00:00+00:00
44.212;0.449;00.449_44.212;33.0;33.0;Lot-et-Garonne;VALLEE-GARONNE-AGENAIS;MONTESQUIEU;2026-03-12;11.0;71.0;0.0;0.0;0.0;1.0;1.0;1.0;;;;1.0;1.0;3.0;1.0;1.0;2.0;2026-03-11 23:00:00+00:00
44.212;0.449;00.449_44.212;33.0;33.0;Lot-et-Garonne;VALLEE-GARONNE-AGENAIS;MONTESQUIEU;2026-03-13;11.0;72.0;7.5;7.5;7.5;1.0;1.0;1.0;;;;2.0;1.0;1.0;1.0;3.0;1.0;2026-03-12 23:00:00+00:00
44.212;0.449;00.449_44.212;33.0;33.0;Lot-et-Garonne;VALLEE-GARONNE-AGENAIS;MONTESQUIEU;2026-03-14;11.0;73.0;4.3;4.3;4.3;1.0;1.0;1.0;;;;1.0;1.0;1.0;1.0;2.0;1.0;2026-03-13 23:00:00+00:00
44.212;0.449;00.449_44.212;33.0;33.0;Lot-et-Garonne;VALLEE-GARONNE-AGENAIS;MONTESQUIEU;2026-03-15;11.0;74.0;0.0;0.0;0.0;1.0;1.0;1.0;;;;2.0;2.0;1.0;1.0;3.0;3.0;2026-03-14 23:00:00+00:00
44.212;0.449;00.449_44.212;33.0;33.0;Lot-et-Garonne;VALLEE-GARONNE-AGENAIS;MONTESQUIEU;2026-03-16;12.0;75.0;0.0;0.0;0.0;1.0;1.0;1.0;;;;4.0;1.0;2.0;2.0;1.0;3.0;2026-03-15 23:00:00+00:00
44.212;0.449;00.449_44.212;33.0;33.0;Lot-et-Garonne;VALLEE-GARONNE-AGENAIS;MONTESQUIEU;2026-03-17;12.0;76.0;0.0;0.0;0.0;1.0;1.0;1.0;;;;2.0;1.0;4.0;1.0;1.0;1.0;2026-03-16 23:00:00+00:00
44.212;0.449;00.449_44.212;33.0;33.0;Lot-et-Garonne;VALLEE-GARONNE-AGENAIS;MONTESQUIEU;2026-03-18;12.0;77.0;0.0;0.0;0.0;1.0;1.0;1.0;;;;1.0;2.0;2.0;1.0;1.0;2.0;2026-03-17 23:00:00+00:00
44.212;0.449;00.449_44.212;33.0;33.0;Lot-et-Garonne;VALLEE-GARONNE-AGENAIS;MONTESQUIEU;2026-03-19;12.0;78.0;0.0;0.0;0.0;1.0;1.0;1.0;;;;2.0;1.0;1.0;4.0;3.0;3.0;2026-03-18 23:00:00+00:00
44.212;0.449;00.449_44.212;33.0;33.0;Lot-et-Garonne;VALLEE-GARONNE-AGENAIS;MONTESQUIEU;2026-03-20;12.0;79.0;0.0;0.0;0.0;1.0;1.0;1.0;;;;1.0;1.0;1.0;2.0;2.0;2.0;2026-03-19 23:00:00+00:00
44.212;0.449;00.449_44.212;33.0;33.0;Lot-et-Garonne;VALLEE-GARONNE-AGENAIS;MONTESQUIEU;2026-03-21;12.0;80.0;0.0;0.0;0.0;1.0;1.0;1.0;;;;3.0;1.0;2.0;2.0;3.0;1.0;2026-03-20 23:00:00+00:00
44.212;0.449;00.449_44.212;33.0;33.0;Lot-et-Garonne;VALLEE-GARONNE-AGENAIS;MONTESQUIEU;2026-03-22;12.0;81.0;0.0;0.0;0.0;1.0;1.0;1.0;;;;1.0;1.0;1.0;1.0;1.0;1.0;2026-03-21 23:00:00+00:00
44.212;0.449;00.449_44.212;33.0;33.0;Lot-et-Garonne;VALLEE-GARONNE-AGENAIS;MONTESQUIEU;2026-03-23;13.0;82.0;0.0;0.0;0.0;1.0;1.0;1.0;;;;1.0;2.0;1.0;2.0;2.0;2.0;2026-03-22 23:00:00+00:00
44.212;0.449;00.449_44.212;33.0;33.0;Lot-et-Garonne;VALLEE-GARONNE-AGENAIS;MONTESQUIEU;2026-03-24;13.0;83.0;0.0;0.0;0.0;1.0;1.0;1.0;;;;4.0;3.0;2.0;3.0;1.0;2.0;2026-03-23 23:00:00+00:00
44.212;0.449;00.449_44.212;33.0;33.0;Lot-et-Garonne;VALLEE-GARONNE-AGENAIS;MONTESQUIEU;2026-03-25;13.0;84.0;1.2000000000000002;1.2000000000000002;1.2000000000000002;1.0;1.0;1.0;;;;3.0;2.0;1.0;2.0;1.0;1.0;2026-03-24 23:00:00+00:00
44.212;0.449;00.449_44.212;33.0;33.0;Lot-et-Garonne;VALLEE-GARONNE-AGENAIS;MONTESQUIEU;2026-03-26;13.0;85.0;0.0;0.0;0.0;1.0;1.0;1.0;;;;1.0;3.0;1.0;3.0;3.0;1.0;2026-03-25 23:00:00+00:00
44.212;0.449;00.449_44.212;33.0;33.0;Lot-et-Garonne;VALLEE-GARONNE-AGENAIS;MONTESQUIEU;2026-03-27;13.0;86.0;0.0;0.0;0.0;1.0;1.0;1.0;;;;1.0;1.0;1.0;1.0;2.0;2.0;2026-03-26 23:00:00+00:00
44.212;0.449;00.449_44.212;33.0;33.0;Lot-et-Garonne;VALLEE-GARONNE-AGENAIS;MONTESQUIEU;2026-03-28;13.0;87.0;1.4;1.4;1.4;1.0;1.0;1.0;;;;3.0;1.0;2.0;1.0;2.0;2.0;2026-03-27 23:00:00+00:00
44.212;0.449;00.449_44.212;33.0;33.0;Lot-et-Garonne;VALLEE-GARONNE-AGENAIS;MONTESQUIEU;2026-03-29;13.0;88.0;0.0;0.0;0.0;1.0;1.0;1.0;;;;1.0;1.0;1.0;1.0;1.0;1.0;2026-03-28 23:00:00+00:00
44.212;0.449;00.449_44.212;33.0;33.0;Lot-et-Garonne;VALLEE-GARONNE-AGENAIS;MONTESQUIEU;2026-03-30;14.0;89.0;1.4;1.4;1.4;1.0;1.0;1.0;;;;1.0;1.0;1.0;1.0;4.0;1.0;2026-03-29 22:00:00+00:00
44.212;0.449;00.449_44.212;33.0;33.0;Lot-et-Garonne;VALLEE-GARONNE-AGENAIS;MONTESQUIEU;2026-03-31;14.0;90.0;0.1;0.1;0.1;1.0;1.0;1.0;2.0;2.0;2.0;1.0;1.0;1.0;2.0;1.0;1.0;2026-03-30 22:00:00+00:00
44.212;0.449;00.449_44.212;33.0;33.0;Lot-et-Garonne;VALLEE-GARONNE-AGENAIS;MONTESQUIEU;2026-04-01;14.0;91.0;1.9;1.9;1.9;1.0;1.0;1.0;2.0;2.0;2.0;3.0;1.0;3.0;1.0;3.0;2.0;2026-03-31 22:00:00+00:00
44.212;0.449;00.449_44.212;33.0;33.0;Lot-et-Garonne;VALLEE-GARONNE-AGENAIS;MONTESQUIEU;2026-04-02;14.0;92.0;0.0;0.0;0.0;1.0;1.0;1.0;2.0;2.0;2.0;2.0;1.0;1.0;2.0;2.0;3.0;2026-04-01 22:00:00+00:00
44.212;0.449;00.449_44.212;33.0;33.0;Lot-et-Garonne;VALLEE-GARONNE-AGENAIS;MONTESQUIEU;2026-04-03;14.0;93.0;0.2;0.2;0.2;1.0;1.0;1.0;2.0;2.0;2.0;2.0;2.0;2.0;2.0;1.0;3.0;2026-04-02 22:00:00+00:00
44.212;0.449;00.449_44.212;33.0;33.0;Lot-et-Garonne;VALLEE-GARONNE-AGENAIS;MONTESQUIEU;2026-04-04;14.0;94.0;0.0;0.0;0.0;1.0;1.0;1.0;2.0;2.0;2.0;2.0;1.0;2.0;1.0;1.0;4.0;2026-04-03 22:00:00+00:00
44.212;0.449;00.449_44.212;33.0;33.0;Lot-et-Garonne;VALLEE-GARONNE-AGENAIS;MONTESQUIEU;2026-04-05;14.0;95.0;0.0;0.0;0.0;1.0;1.0;1.0;2.0;2.0;2.0;3.0;1.0;1.0;1.0;1.0;2.0;2026-04-04 22:00:00+00:00
44.212;0.449;00.449_44.212;33.0;33.0;Lot-et-Garonne;VALLEE-GARONNE-AGENAIS;MONTESQUIEU;2026-04-06;15.0;96.0;0.0;0.0;0.0;1.0;1.0;1.0;2.0;2.0;2.0;2.0;1.0;2.0;2.0;1.0;1.0;2026-04-05 22:00:00+00:00
44.212;0.449;00.449_44.212;33.0;33.0;Lot-et-Garonne;VALLEE-GARONNE-AGENAIS;MONTESQUIEU;2026-04-07;15.0;97.0;0.0;0.0;0.0;1.0;1.0;1.0;2.0;2.0;2.0;1.0;2.0;4.0;2.0;3.0;2.0;2026-04-06 22:00:00+00:00
44.212;0.449;00.449_44.212;33.0;33.0;Lot-et-Garonne;VALLEE-GARONNE-AGENAIS;MONTESQUIEU;2026-04-08;15.0;98.0;0.0;0.0;0.0;1.0;1.0;1.0;2.0;2.0;2.0;1.0;1.0;2.0;2.0;2.0;1.0;2026-04-07 22:00:00+00:00
44.212;0.449;00.449_44.212;33.0;33.0;Lot-et-Garonne;VALLEE-GARONNE-AGENAIS;MONTESQUIEU;2026-04-09;15.0;99.0;0.0;0.0;0.0;1.0;1.0;1.0;2.0;2.0;2.0;2.0;1.0;1.0;3.0;1.0;2.0;2026-04-08 22:00:00+00:00
44.212;0.449;00.449_44.212;33.0;33.0;Lot-et-Garonne;VALLEE-GARONNE-AGENAIS;MONTESQUIEU;2026-04-10;15.0;100.0;0.0;0.0;0.0;1.0;1.0;1.0;2.0;2.0;2.0;2.0;2.0;1.0;1.0;1.0;3.0;2026-04-09 22:00:00+00:00
44.212;0.449;00.449_44.212;33.0;33.0;Lot-et-Garonne;VALLEE-GARONNE-AGENAIS;MONTESQUIEU;2026-04-11;15.0;101.0;8.2;8.2;8.2;1.0;1.0;1.0;2.0;2.0;2.0;2.0;4.0;1.0;2.0;1.0;1.0;2026-04-10 22:00:00+00:00
44.212;0.449;00.449_44.212;33.0;33.0;Lot-et-Garonne;VALLEE-GARONNE-AGENAIS;MONTESQUIEU;2026-04-12;15.0;102.0;2.8;2.8;2.8;1.0;1.0;1.0;;2.0;;3.0;1.0;2.0;4.0;2.0;2.0;2026-04-11 22:00:00+00:00
44.212;0.449;00.449_44.212;33.0;33.0;Lot-et-Garonne;VALLEE-GARONNE-AGENAIS;MONTESQUIEU;2026-04-13;16.0;103.0;0.4;0.4;0.4;1.0;1.0;1.0;;2.0;;3.0;3.0;2.0;1.0;1.0;4.0;2026-04-12 22:00:00+00:00
44.212;0.449;00.449_44.212;33.0;33.0;Lot-et-Garonne;VALLEE-GARONNE-AGENAIS;MONTESQUIEU;2026-04-14;16.0;104.0;0.0;0.0;0.0;1.0;1.0;1.0;;2.0;;2.0;3.0;3.0;1.0;1.0;2.0;2026-04-13 22:00:00+00:00
44.212;0.449;00.449_44.212;33.0;33.0;Lot-et-Garonne;VALLEE-GARONNE-AGENAIS;MONTESQUIEU;2026-04-15;16.0;105.0;0.0;0.0;0.0;1.0;1.0;1.0;;2.0;;1.0;1.0;2.0;2.0;1.0;2.0;2026-04-14 22:00:00+00:00
44.212;0.449;00.449_44.212;33.0;33.0;Lot-et-Garonne;VALLEE-GARONNE-AGENAIS;MONTESQUIEU;2026-04-16;16.0;106.0;0.0;0.0;0.0;1.0;1.0;1.0;;2.0;;2.0;2.0;3.0;1.0;1.0;3.0;2026-04-15 22:00:00+00:00
44.212;0.449;00.449_44.212;33.0;33.0;Lot-et-Garonne;VALLEE-GARONNE-AGENAIS;MONTESQUIEU;2026-04-17;16.0;107.0;0.0;0.0;0.0;1.0;1.0;1.0;;2.0;;2.0;1.0;2.0;1.0;1.0;2.0;2026-04-16 22:00:00+00:00
44.212;0.449;00.449_44.212;33.0;33.0;Lot-et-Garonne;VALLEE-GARONNE-AGENAIS;MONTESQUIEU;2026-04-18;16.0;108.0;0.0;0.0;0.0;1.0;1.0;1.0;;2.0;;1.0;4.0;1.0;2.0;2.0;2.0;2026-04-17 22:00:00+00:00
44.212;0.449;00.449_44.212;33.0;33.0;Lot-et-Garonne;VALLEE-GARONNE-AGENAIS;MONTESQUIEU;2026-04-19;16.0;109.0;0.0;0.0;0.0;1.0;1.0;1.0;;2.0;;1.0;2.0;3.0;2.0;3.0;1.0;2026-04-18 22:00:00+00:00
44.212;0.449;00.449_44.212;33.0;33.0;Lot-et-Garonne;VALLEE-GARONNE-AGENAIS;MONTESQUIEU;2026-04-20;17.0;110.0;0.0;0.0;0.0;1.0;1.0;1.0;;2.0;;2.0;2.0;2.0;3.0;1.0;1.0;2026-04-19 22:00:00+00:00
44.212;0.449;00.449_44.212;33.0;33.0;Lot-et-Garonne;VALLEE-GARONNE-AGENAIS;MONTESQUIEU;2026-04-21;17.0;111.0;0.0;0.0;0.0;1.0;1.0;1.0;;2.0;;1.0;1.0;1.0;1.0;2.0;4.0;2026-04-20 22:00:00+00:00
44.212;0.449;00.449_44.212;33.0;33.0;Lot-et-Garonne;VALLEE-GARONNE-AGENAIS;MONTESQUIEU;2026-04-22;17.0;112.0;0.2;0.2;0.2;1.0;1.0;1.0;;2.0;;1.0;1.0;1.0;1.0;1.0;2.0;2026-04-21 22:00:00+00:00
44.212;0.449;00.449_44.212;33.0;33.0;Lot-et-Garonne;VALLEE-GARONNE-AGENAIS;MONTESQUIEU;2026-04-23;17.0;113.0;0.0;0.0;0.0;1.0;1.0;1.0;;2.0;;1.0;1.0;1.0;2.0;1.0;3.0;2026-04-22 22:00:00+00:00
44.212;0.449;00.449_44.212;33.0;33.0;Lot-et-Garonne;VALLEE-GARONNE-AGENAIS;MONTESQUIEU;2026-04-24;17.0;114.0;0.0;0.0;0.0;1.0;1.0;1.0;;2.0;;1.0;2.0;2.0;4.0;1.0;2.0;2026-04-23 22:00:00+00:00
44.212;0.449;00.449_44.212;33.0;33.0;Lot-et-Garonne;VALLEE-GARONNE-AGENAIS;MONTESQUIEU;2026-04-25;17.0;115.0;0.0;0.0;0.0;1.0;1.0;1.0;;2.0;;1.0;1.0;1.0;1.0;2.0;1.0;2026-04-24 22:00:00+00:00
44.212;0.449;00.449_44.212;33.0;33.0;Lot-et-Garonne;VALLEE-GARONNE-AGENAIS;MONTESQUIEU;2026-04-26;17.0;116.0;0.0;0.0;0.0;1.0;1.0;1.0;;2.0;;1.0;1.0;1.0;2.0;1.0;1.0;2026-04-25 22:00:00+00:00
44.212;0.449;00.449_44.212;33.0;33.0;Lot-et-Garonne;VALLEE-GARONNE-AGENAIS;MONTESQUIEU;2026-04-27;18.0;117.0;0.0;0.0;0.0;1.0;1.0;1.0;;2.0;;2.0;1.0;1.0;2.0;1.0;1.0;2026-04-26 22:00:00+00:00
44.212;0.449;00.449_44.212;33.0;33.0;Lot-et-Garonne;VALLEE-GARONNE-AGENAIS;MONTESQUIEU;2026-04-28;18.0;118.0;6.1000000000000005;6.1000000000000005;6.1000000000000005;1.0;1.0;1.0;;2.0;;1.0;1.0;1.0;1.0;1.0;1.0;2026-04-27 22:00:00+00:00
44.212;0.449;00.449_44.212;33.0;33.0;Lot-et-Garonne;VALLEE-GARONNE-AGENAIS;MONTESQUIEU;2026-04-29;18.0;119.0;0.3;0.3;0.3;1.0;1.0;1.0;;2.0;;1.0;1.0;1.0;1.0;1.0;2.0;2026-04-28 22:00:00+00:00
44.212;0.449;00.449_44.212;33.0;33.0;Lot-et-Garonne;VALLEE-GARONNE-AGENAIS;MONTESQUIEU;2026-04-30;18.0;120.0;7.0;7.0;7.0;1.0;1.0;1.0;;2.0;;2.0;1.0;2.0;1.0;1.0;1.0;2026-04-29 22:00:00+00:00
44.212;0.449;00.449_44.212;33.0;33.0;Lot-et-Garonne;VALLEE-GARONNE-AGENAIS;MONTESQUIEU;2026-05-01;18.0;121.0;0.0;0.0;0.0;1.0;1.0;1.0;;2.0;;1.0;1.0;2.0;3.0;1.0;1.0;2026-04-30 22:00:00+00:00
44.212;0.449;00.449_44.212;33.0;33.0;Lot-et-Garonne;VALLEE-GARONNE-AGENAIS;MONTESQUIEU;2026-05-02;18.0;122.0;8.4;8.4;8.4;1.0;1.0;1.0;;2.0;;3.0;1.0;2.0;1.0;1.0;2.0;2026-05-01 22:00:00+00:00
44.212;0.449;00.449_44.212;33.0;33.0;Lot-et-Garonne;VALLEE-GARONNE-AGENAIS;MONTESQUIEU;2026-05-03;18.0;123.0;27.1;27.1;27.1;1.0;1.0;1.0;;2.0;;2.0;1.0;1.0;2.0;1.0;1.0;2026-05-02 22:00:00+00:00
44.212;0.449;00.449_44.212;33.0;33.0;Lot-et-Garonne;VALLEE-GARONNE-AGENAIS;MONTESQUIEU;2026-05-04;19.0;124.0;2.1;2.1;2.1;1.0;1.0;1.0;;2.0;;1.0;2.0;1.0;2.0;1.0;1.0;2026-05-03 22:00:00+00:00
44.212;0.449;00.449_44.212;33.0;33.0;Lot-et-Garonne;VALLEE-GARONNE-AGENAIS;MONTESQUIEU;2026-05-05;19.0;125.0;5.2;5.2;5.2;1.0;1.0;1.0;;2.0;;2.0;1.0;2.0;2.0;1.0;1.0;2026-05-04 22:00:00+00:00
44.212;0.449;00.449_44.212;33.0;33.0;Lot-et-Garonne;VALLEE-GARONNE-AGENAIS;MONTESQUIEU;2026-05-06;19.0;126.0;6.1;6.1;6.1;1.0;1.0;1.0;;2.0;;1.0;1.0;2.0;2.0;1.0;2.0;2026-05-05 22:00:00+00:00
44.212;0.449;00.449_44.212;33.0;33.0;Lot-et-Garonne;VALLEE-GARONNE-AGENAIS;MONTESQUIEU;2026-05-07;19.0;127.0;0.0;0.0;0.0;1.0;1.0;1.0;;2.0;;3.0;2.0;2.0;2.0;2.0;2.0;2026-05-06 22:00:00+00:00
44.212;0.449;00.449_44.212;33.0;33.0;Lot-et-Garonne;VALLEE-GARONNE-AGENAIS;MONTESQUIEU;2026-05-08;19.0;128.0;0.0;0.0;0.0;1.0;1.0;1.0;;2.0;;1.0;1.0;1.0;1.0;2.0;1.0;2026-05-07 22:00:00+00:00
44.212;0.449;00.449_44.212;33.0;33.0;Lot-et-Garonne;VALLEE-GARONNE-AGENAIS;MONTESQUIEU;2026-05-09;19.0;129.0;0.0;0.0;0.0;1.0;1.0;1.0;;2.0;;3.0;3.0;1.0;3.0;1.0;1.0;2026-05-08 22:00:00+00:00
44.212;0.449;00.449_44.212;33.0;33.0;Lot-et-Garonne;VALLEE-GARONNE-AGENAIS;MONTESQUIEU;2026-05-10;19.0;130.0;9.2;9.2;9.2;1.0;1.0;1.0;;2.0;;2.0;1.0;2.0;3.0;1.0;2.0;2026-05-09 22:00:00+00:00
44.212;0.449;00.449_44.212;33.0;33.0;Lot-et-Garonne;VALLEE-GARONNE-AGENAIS;MONTESQUIEU;2026-05-11;20.0;131.0;2.3;2.3;2.3;1.0;1.0;1.0;;2.0;;1.0;1.0;1.0;4.0;3.0;1.0;2026-05-10 22:00:00+00:00
44.212;0.449;00.449_44.212;33.0;33.0;Lot-et-Garonne;VALLEE-GARONNE-AGENAIS;MONTESQUIEU;2026-05-12;20.0;132.0;0.0;0.0;0.0;1.0;1.0;1.0;;2.0;;2.0;1.0;2.0;2.0;1.0;4.0;2026-05-11 22:00:00+00:00
44.212;0.449;00.449_44.212;33.0;33.0;Lot-et-Garonne;VALLEE-GARONNE-AGENAIS;MONTESQUIEU;2026-05-13;20.0;133.0;0.9;0.9;0.9;1.0;1.0;1.0;;2.0;;1.0;2.0;2.0;1.0;1.0;1.0;2026-05-12 22:00:00+00:00
44.212;0.449;00.449_44.212;33.0;33.0;Lot-et-Garonne;VALLEE-GARONNE-AGENAIS;MONTESQUIEU;2026-05-14;20.0;134.0;20.1;20.1;20.1;1.0;1.0;1.0;;2.0;;2.0;2.0;1.0;2.0;3.0;1.0;2026-05-13 22:00:00+00:00
44.212;0.449;00.449_44.212;33.0;33.0;Lot-et-Garonne;VALLEE-GARONNE-AGENAIS;MONTESQUIEU;2026-05-15;20.0;135.0;2.6;2.6;2.6;1.0;1.0;1.0;;2.0;;4.0;4.0;1.0;1.0;2.0;3.0;2026-05-14 22:00:00+00:00
44.212;0.449;00.449_44.212;33.0;33.0;Lot-et-Garonne;VALLEE-GARONNE-AGENAIS;MONTESQUIEU;2026-05-16;20.0;136.0;0.6000000000000001;0.6000000000000001;0.6000000000000001;1.0;1.0;1.0;;2.0;;1.0;3.0;2.0;1.0;1.0;2.0;2026-05-15 22:00:00+00:00
44.212;0.449;00.449_44.212;33.0;33.0;Lot-et-Garonne;VALLEE-GARONNE-AGENAIS;MONTESQUIEU;2026-05-17;20.0;137.0;7.8;7.8;7.8;1.0;1.0;1.0;;2.0;;1.0;2.0;2.0;1.0;2.0;2.0;2026-05-16 22:00:00+00:00
44.212;0.449;00.449_44.212;33.0;33.0;Lot-et-Garonne;VALLEE-GARONNE-AGENAIS;MONTESQUIEU;2026-05-18;21.0;138.0;0.0;0.0;0.0;1.0;1.0;1.0;;2.0;;2.0;1.0;3.0;2.0;1.0;1.0;2026-05-17 22:00:00+00:00
44.212;0.449;00.449_44.212;33.0;33.0;Lot-et-Garonne;VALLEE-GARONNE-AGENAIS;MONTESQUIEU;2026-05-19;21.0;139.0;0.1;0.1;0.1;1.0;1.0;1.0;;2.0;;3.0;1.0;2.0;2.0;2.0;1.0;2026-05-18 22:00:00+00:00
44.212;0.449;00.449_44.212;33.0;33.0;Lot-et-Garonne;VALLEE-GARONNE-AGENAIS;MONTESQUIEU;2026-05-20;21.0;140.0;0.4;0.4;0.4;1.0;1.0;1.0;;2.0;;4.0;2.0;1.0;4.0;2.0;1.0;2026-05-19 22:00:00+00:00
44.212;0.449;00.449_44.212;33.0;33.0;Lot-et-Garonne;VALLEE-GARONNE-AGENAIS;MONTESQUIEU;2026-05-21;21.0;141.0;0.0;0.0;0.0;1.0;1.0;1.0;;2.0;;2.0;1.0;4.0;2.0;1.0;1.0;2026-05-20 22:00:00+00:00
44.212;0.449;00.449_44.212;33.0;33.0;Lot-et-Garonne;VALLEE-GARONNE-AGENAIS;MONTESQUIEU;2026-05-22;21.0;142.0;0.0;0.0;0.0;1.0;1.0;1.0;;2.0;;2.0;3.0;1.0;1.0;2.0;3.0;2026-05-21 22:00:00+00:00
44.212;0.449;00.449_44.212;33.0;33.0;Lot-et-Garonne;VALLEE-GARONNE-AGENAIS;MONTESQUIEU;2026-05-23;21.0;143.0;0.0;0.0;0.0;1.0;1.0;1.0;;2.0;;2.0;2.0;2.0;2.0;2.0;1.0;2026-05-22 22:00:00+00:00
44.212;0.449;00.449_44.212;33.0;33.0;Lot-et-Garonne;VALLEE-GARONNE-AGENAIS;MONTESQUIEU;2026-05-24;21.0;144.0;0.0;0.0;0.0;1.0;1.0;1.0;;2.0;;3.0;2.0;1.0;2.0;3.0;2.0;2026-05-23 22:00:00+00:00
44.212;0.449;00.449_44.212;33.0;33.0;Lot-et-Garonne;VALLEE-GARONNE-AGENAIS;MONTESQUIEU;2026-05-25;22.0;145.0;0.0;0.0;0.0;1.0;1.0;1.0;;2.0;;2.0;3.0;1.0;2.0;2.0;1.0;2026-05-24 22:00:00+00:00
44.212;0.449;00.449_44.212;33.0;33.0;Lot-et-Garonne;VALLEE-GARONNE-AGENAIS;MONTESQUIEU;2026-05-26;22.0;146.0;0.0;0.0;0.0;1.0;1.0;1.0;;2.0;;2.0;2.0;1.0;2.0;1.0;1.0;2026-05-25 22:00:00+00:00
44.212;0.449;00.449_44.212;33.0;33.0;Lot-et-Garonne;VALLEE-GARONNE-AGENAIS;MONTESQUIEU;2026-05-27;22.0;147.0;0.0;0.0;0.0;1.0;1.0;1.0;;2.0;;2.0;1.0;1.0;3.0;1.0;1.0;2026-05-26 22:00:00+00:00
44.212;0.449;00.449_44.212;33.0;33.0;Lot-et-Garonne;VALLEE-GARONNE-AGENAIS;MONTESQUIEU;2026-05-28;22.0;148.0;0.0;0.0;0.0;1.0;1.0;1.0;;2.0;;3.0;2.0;2.0;2.0;2.0;2.0;2026-05-27 22:00:00+00:00
44.212;0.449;00.449_44.212;33.0;33.0;Lot-et-Garonne;VALLEE-GARONNE-AGENAIS;MONTESQUIEU;2026-05-29;22.0;149.0;0.0;0.0;0.0;1.0;1.0;1.0;;2.0;;2.0;1.0;3.0;1.0;1.0;3.0;2026-05-28 22:00:00+00:00
44.212;0.449;00.449_44.212;33.0;33.0;Lot-et-Garonne;VALLEE-GARONNE-AGENAIS;MONTESQUIEU;2026-05-30;22.0;150.0;0.0;0.0;0.0;1.0;1.0;1.0;;2.0;;2.0;3.0;2.0;3.0;1.0;2.0;2026-05-29 22:00:00+00:00
44.212;0.449;00.449_44.212;33.0;33.0;Lot-et-Garonne;VALLEE-GARONNE-AGENAIS;MONTESQUIEU;2026-05-31;22.0;151.0;0.0;0.0;0.0;1.0;1.0;1.0;2.0;2.0;2.0;3.0;2.0;2.0;2.0;3.0;2.0;2026-05-30 22:00:00+00:00
44.212;0.449;00.449_44.212;33.0;33.0;Lot-et-Garonne;VALLEE-GARONNE-AGENAIS;MONTESQUIEU;2026-06-01;23.0;152.0;0.0;0.0;0.0;1.0;1.0;1.0;2.0;2.0;2.0;3.0;2.0;2.0;1.0;1.0;1.0;2026-05-31 22:00:00+00:00
44.212;0.449;00.449_44.212;33.0;33.0;Lot-et-Garonne;VALLEE-GARONNE-AGENAIS;MONTESQUIEU;2026-06-02;23.0;153.0;1.6;1.6;1.6;1.0;1.0;1.0;2.0;2.0;2.0;1.0;2.0;2.0;2.0;1.0;2.0;2026-06-01 22:00:00+00:00
44.212;0.449;00.449_44.212;33.0;33.0;Lot-et-Garonne;VALLEE-GARONNE-AGENAIS;MONTESQUIEU;2026-06-03;23.0;154.0;0.2;0.2;0.2;1.0;1.0;1.0;2.0;2.0;2.0;2.0;2.0;2.0;1.0;1.0;2.0;2026-06-02 22:00:00+00:00
44.212;0.449;00.449_44.212;33.0;33.0;Lot-et-Garonne;VALLEE-GARONNE-AGENAIS;MONTESQUIEU;2026-06-04;23.0;155.0;9.1;9.1;9.1;1.0;1.0;1.0;2.0;2.0;2.0;1.0;2.0;1.0;1.0;2.0;2.0;2026-06-03 22:00:00+00:00
44.212;0.449;00.449_44.212;33.0;33.0;Lot-et-Garonne;VALLEE-GARONNE-AGENAIS;MONTESQUIEU;2026-06-05;23.0;156.0;0.2;0.2;0.2;2.0;2.0;2.0;2.0;2.0;2.0;1.0;1.0;2.0;2.0;1.0;1.0;2026-06-04 22:00:00+00:00
44.212;0.449;00.449_44.212;33.0;33.0;Lot-et-Garonne;VALLEE-GARONNE-AGENAIS;MONTESQUIEU;2026-06-06;23.0;157.0;0.0;0.0;0.0;1.0;1.0;1.0;2.0;2.0;2.0;4.0;2.0;1.0;3.0;2.0;1.0;2026-06-05 22:00:00+00:00
44.212;0.449;00.449_44.212;33.0;33.0;Lot-et-Garonne;VALLEE-GARONNE-AGENAIS;MONTESQUIEU;2026-06-07;23.0;158.0;0.0;0.0;0.0;1.0;1.0;1.0;2.0;2.0;2.0;3.0;2.0;1.0;1.0;1.0;3.0;2026-06-06 22:00:00+00:00
44.212;0.449;00.449_44.212;33.0;33.0;Lot-et-Garonne;VALLEE-GARONNE-AGENAIS;MONTESQUIEU;2026-06-08;24.0;159.0;0.0;0.0;0.0;1.0;1.0;1.0;2.0;2.0;2.0;1.0;4.0;1.0;1.0;4.0;3.0;2026-06-07 22:00:00+00:00
44.212;0.449;00.449_44.212;33.0;33.0;Lot-et-Garonne;VALLEE-GARONNE-AGENAIS;MONTESQUIEU;2026-06-09;24.0;160.0;0.0;0.0;0.0;1.0;1.0;1.0;2.0;2.0;2.0;1.0;1.0;4.0;3.0;4.0;2.0;2026-06-08 22:00:00+00:00
44.212;0.449;00.449_44.212;33.0;33.0;Lot-et-Garonne;VALLEE-GARONNE-AGENAIS;MONTESQUIEU;2026-06-10;24.0;161.0;0.3;0.3;0.3;1.0;1.0;1.0;2.0;2.0;2.0;2.0;2.0;2.0;1.0;1.0;1.0;2026-06-09 22:00:00+00:00
44.212;0.449;00.449_44.212;33.0;33.0;Lot-et-Garonne;VALLEE-GARONNE-AGENAIS;MONTESQUIEU;2026-06-11;24.0;162.0;0.0;0.0;0.0;1.0;1.0;1.0;2.0;2.0;2.0;1.0;2.0;1.0;1.0;1.0;1.0;2026-06-10 22:00:00+00:00
44.212;0.449;00.449_44.212;33.0;33.0;Lot-et-Garonne;VALLEE-GARONNE-AGENAIS;MONTESQUIEU;2026-06-12;24.0;163.0;0.0;0.0;0.0;1.0;1.0;1.0;2.0;2.0;2.0;1.0;1.0;4.0;1.0;1.0;2.0;2026-06-11 22:00:00+00:00
44.212;0.449;00.449_44.212;33.0;33.0;Lot-et-Garonne;VALLEE-GARONNE-AGENAIS;MONTESQUIEU;2026-06-13;24.0;164.0;0.0;0.0;0.0;1.0;1.0;1.0;2.0;2.0;2.0;1.0;3.0;1.0;2.0;4.0;2.0;2026-06-12 22:00:00+00:00
44.212;0.449;00.449_44.212;33.0;33.0;Lot-et-Garonne;VALLEE-GARONNE-AGENAIS;MONTESQUIEU;2026-06-14;24.0;165.0;0.0;0.0;0.0;1.0;1.0;1.0;2.0;2.0;2.0;2.0;4.0;1.0;1.0;1.0;1.0;2026-06-13 22:00:00+00:00
44.212;0.449;00.449_44.212;33.0;33.0;Lot-et-Garonne;VALLEE-GARONNE-AGENAIS;MONTESQUIEU;2026-06-15;25.0;166.0;0.0;0.0;0.0;1.0;1.0;1.0;2.0;2.0;2.0;1.0;1.0;2.0;3.0;1.0;2.0;2026-06-14 22:00:00+00:00
44.212;0.449;00.449_44.212;33.0;33.0;Lot-et-Garonne;VALLEE-GARONNE-AGENAIS;MONTESQUIEU;2026-06-16;25.0;167.0;0.0;0.0;0.0;1.0;1.0;1.0;2.0;2.0;2.0;2.0;2.0;1.0;2.0;2.0;3.0;2026-06-15 22:00:00+00:00
44.212;0.449;00.449_44.212;33.0;33.0;Lot-et-Garonne;VALLEE-GARONNE-AGENAIS;MONTESQUIEU;2026-06-17;25.0;168.0;0.0;0.0;0.0;1.0;1.0;1.0;2.0;2.0;2.0;1.0;4.0;1.0;3.0;2.0;1.0;2026-06-16 22:00:00+00:00
44.212;0.449;00.449_44.212;33.0;33.0;Lot-et-Garonne;VALLEE-GARONNE-AGENAIS;MONTESQUIEU;2026-06-18;25.0;169.0;0.0;0.0;0.0;1.0;1.0;1.0;2.0;2.0;2.0;1.0;2.0;1.0;1.0;3.0;1.0;2026-06-17 22:00:00+00:00
44.212;0.449;00.449_44.212;33.0;33.0;Lot-et-Garonne;VALLEE-GARONNE-AGENAIS;MONTESQUIEU;2026-06-19;25.0;170.0;0.0;0.0;0.0;1.0;1.0;1.0;2.0;2.0;2.0;3.0;1.0;3.0;2.0;2.0;2.0;2026-06-18 22:00:00+00:00
44.212;0.449;00.449_44.212;33.0;33.0;Lot-et-Garonne;VALLEE-GARONNE-AGENAIS;MONTESQUIEU;2026-06-20;25.0;171.0;0.0;0.0;0.0;1.0;1.0;1.0;2.0;2.0;2.0;3.0;3.0;1.0;1.0;1.0;3.0;2026-06-19 22:00:00+00:00
44.212;0.449;00.449_44.212;33.0;33.0;Lot-et-Garonne;VALLEE-GARONNE-AGENAIS;MONTESQUIEU;2026-06-21;25.0;172.0;0.0;0.0;0.0;1.0;1.0;1.0;1.0;1.0;1.0;1.0;1.0;1.0;2.0;2.0;1.0;2026-06-20 22:00:00+00:00
44.212;0.449;00.449_44.212;33.0;33.0;Lot-et-Garonne;VALLEE-GARONNE-AGENAIS;MONTESQUIEU;2026-06-22;26.0;173.0;0.0;0.0;0.0;1.0;1.0;1.0;1.0;1.0;1.0;3.0;2.0;1.0;1.0;3.0;2.0;2026-06-21 22:00:00+00:00
44.212;0.449;00.449_44.212;33.0;33.0;Lot-et-Garonne;VALLEE-GARONNE-AGENAIS;MONTESQUIEU;2026-06-23;26.0;174.0;0.0;0.0;0.0;1.0;1.0;1.0;1.0;1.0;1.0;1.0;2.0;2.0;2.0;2.0;2.0;2026-06-22 22:00:00+00:00
44.212;0.449;00.449_44.212;33.0;33.0;Lot-et-Garonne;VALLEE-GARONNE-AGENAIS;MONTESQUIEU;2026-06-24;26.0;175.0;0.0;0.0;0.0;1.0;1.0;1.0;1.0;1.0;1.0;1.0;1.0;1.0;2.0;2.0;1.0;2026-06-23 22:00:00+00:00
44.212;0.449;00.449_44.212;33.0;33.0;Lot-et-Garonne;VALLEE-GARONNE-AGENAIS;MONTESQUIEU;2026-06-25;26.0;176.0;0.0;0.0;0.0;1.0;1.0;1.0;1.0;1.0;1.0;1.0;3.0;1.0;3.0;2.0;1.0;2026-06-24 22:00:00+00:00
44.212;0.449;00.449_44.212;33.0;33.0;Lot-et-Garonne;VALLEE-GARONNE-AGENAIS;MONTESQUIEU;2026-06-26;26.0;177.0;0.0;0.0;0.0;1.0;1.0;1.0;1.0;1.0;1.0;2.0;2.0;1.0;1.0;3.0;2.0;2026-06-25 22:00:00+00:00
44.212;0.449;00.449_44.212;33.0;33.0;Lot-et-Garonne;VALLEE-GARONNE-AGENAIS;MONTESQUIEU;2026-06-27;26.0;178.0;0.0;0.0;0.0;1.0;1.0;1.0;1.0;1.0;1.0;2.0;2.0;3.0;1.0;1.0;1.0;2026-06-26 22:00:00+00:00
44.212;0.449;00.449_44.212;33.0;33.0;Lot-et-Garonne;VALLEE-GARONNE-AGENAIS;MONTESQUIEU;2026-06-28;26.0;179.0;15.2;15.2;15.2;1.0;1.0;1.0;1.0;1.0;1.0;1.0;1.0;1.0;1.0;1.0;2.0;2026-06-27 22:00:00+00:00
44.212;0.449;00.449_44.212;33.0;33.0;Lot-et-Garonne;VALLEE-GARONNE-AGENAIS;MONTESQUIEU;2026-06-29;27.0;180.0;0.0;0.0;0.0;1.0;1.0;1.0;1.0;1.0;1.0;1.0;3.0;2.0;2.0;3.0;2.0;2026-06-28 22:00:00+00:00
44.212;0.449;00.449_44.212;33.0;33.0;Lot-et-Garonne;VALLEE-GARONNE-AGENAIS;MONTESQUIEU;2026-06-30;27.0;181.0;0.0;0.0;0.0;1.0;1.0;1.0;1.0;1.0;1.0;1.0;1.0;4.0;1.0;2.0;1.0;2026-06-29 22:00:00+00:00
44.212;0.449;00.449_44.212;33.0;33.0;Lot-et-Garonne;VALLEE-GARONNE-AGENAIS;MONTESQUIEU;2026-07-01;27.0;182.0;0.0;0.0;0.0;1.0;1.0;1.0;1.0;1.0;1.0;1.0;2.0;1.0;2.0;2.0;3.0;2026-06-30 22:00:00+00:00
44.212;0.449;00.449_44.212;33.0;33.0;Lot-et-Garonne;VALLEE-GARONNE-AGENAIS;MONTESQUIEU;2026-07-02;27.0;183.0;0.0;0.0;0.0;1.0;1.0;1.0;1.0;1.0;1.0;1.0;1.0;2.0;2.0;1.0;2.0;2026-07-01 22:00:00+00:00
44.212;0.449;00.449_44.212;33.0;33.0;Lot-et-Garonne;VALLEE-GARONNE-AGENAIS;MONTESQUIEU;2026-07-03;27.0;184.0;0.0;0.0;0.0;1.0;1.0;1.0;1.0;1.0;1.0;1.0;2.0;2.0;3.0;2.0;3.0;2026-07-02 22:00:00+00:00
44.212;0.449;00.449_44.212;33.0;33.0;Lot-et-Garonne;VALLEE-GARONNE-AGENAIS;MONTESQUIEU;2026-07-04;27.0;185.0;0.0;0.0;0.0;1.0;1.0;1.0;1.0;1.0;1.0;1.0;1.0;4.0;2.0;1.0;2.0;2026-07-03 22:00:00+00:00
44.212;0.449;00.449_44.212;33.0;33.0;Lot-et-Garonne;VALLEE-GARONNE-AGENAIS;MONTESQUIEU;2026-07-05;27.0;186.0;0.0;0.0;0.0;1.0;1.0;1.0;1.0;1.0;1.0;1.0;1.0;2.0;2.0;2.0;2.0;2026-07-04 22:00:00+00:00
44.212;0.449;00.449_44.212;33.0;33.0;Lot-et-Garonne;VALLEE-GARONNE-AGENAIS;MONTESQUIEU;2026-07-06;28.0;187.0;0.0;0.0;0.0;1.0;1.0;1.0;1.0;1.0;1.0;2.0;2.0;2.0;1.0;2.0;2.0;2026-07-05 22:00:00+00:00
44.212;0.449;00.449_44.212;33.0;33.0;Lot-et-Garonne;VALLEE-GARONNE-AGENAIS;MONTESQUIEU;2026-07-07;28.0;188.0;0.0;0.0;0.0;1.0;1.0;1.0;1.0;1.0;1.0;2.0;3.0;2.0;1.0;2.0;2.0;2026-07-06 22:00:00+00:00
44.212;0.449;00.449_44.212;33.0;33.0;Lot-et-Garonne;VALLEE-GARONNE-AGENAIS;MONTESQUIEU;2026-07-08;28.0;189.0;0.0;0.0;0.0;1.0;1.0;1.0;1.0;1.0;1.0;1.0;2.0;2.0;2.0;1.0;3.0;2026-07-07 22:00:00+00:00
44.212;0.449;00.449_44.212;33.0;33.0;Lot-et-Garonne;VALLEE-GARONNE-AGENAIS;MONTESQUIEU;2026-07-09;28.0;190.0;0.0;0.0;0.0;1.0;1.0;1.0;1.0;1.0;1.0;1.0;2.0;2.0;1.0;1.0;2.0;2026-07-08 22:00:00+00:00
44.212;0.449;00.449_44.212;33.0;33.0;Lot-et-Garonne;VALLEE-GARONNE-AGENAIS;MONTESQUIEU;2026-07-10;28.0;191.0;22.1;22.1;22.1;1.0;1.0;1.0;1.0;1.0;1.0;1.0;1.0;1.0;2.0;2.0;1.0;2026-07-09 22:00:00+00:00
44.212;0.449;00.449_44.212;33.0;33.0;Lot-et-Garonne;VALLEE-GARONNE-AGENAIS;MONTESQUIEU;2026-07-11;28.0;192.0;0.0;0.0;0.0;1.0;1.0;1.0;1.0;1.0;1.0;2.0;2.0;1.0;4.0;1.0;2.0;2026-07-10 22:00:00+00:00
44.212;0.449;00.449_44.212;33.0;33.0;Lot-et-Garonne;VALLEE-GARONNE-AGENAIS;MONTESQUIEU;2026-07-12;28.0;193.0;0.0;0.0;0.0;1.0;1.0;1.0;1.0;1.0;1.0;2.0;1.0;2.0;1.0;2.0;3.0;2026-07-11 22:00:00+00:00
44.212;0.449;00.449_44.212;33.0;33.0;Lot-et-Garonne;VALLEE-GARONNE-AGENAIS;MONTESQUIEU;2026-07-13;29.0;194.0;0.0;0.0;0.0;1.0;1.0;1.0;1.0;1.0;1.0;2.0;2.0;2.0;1.0;1.0;1.0;2026-07-12 22:00:00+00:00
44.212;0.449;00.449_44.212;33.0;33.0;Lot-et-Garonne;VALLEE-GARONNE-AGENAIS;MONTESQUIEU;2026-07-14;29.0;195.0;0.0;0.0;0.0;1.0;1.0;1.0;1.0;1.0;1.0;1.0;2.0;3.0;2.0;2.0;1.0;2026-07-13 22:00:00+00:00
44.212;0.449;00.449_44.212;33.0;33.0;Lot-et-Garonne;VALLEE-GARONNE-AGENAIS;MONTESQUIEU;2026-07-15;29.0;196.0;0.2;0.2;0.2;1.0;1.0;1.0;1.0;1.0;1.0;1.0;3.0;1.0;1.0;2.0;1.0;2026-07-14 22:00:00+00:00
44.212;0.449;00.449_44.212;33.0;33.0;Lot-et-Garonne;VALLEE-GARONNE-AGENAIS;MONTESQUIEU;2026-07-16;29.0;197.0;4.0;4.0;4.0;1.0;1.0;1.0;1.0;1.0;1.0;2.0;1.0;3.0;1.0;1.0;3.0;2026-07-15 22:00:00+00:00
44.212;0.449;00.449_44.212;33.0;33.0;Lot-et-Garonne;VALLEE-GARONNE-AGENAIS;MONTESQUIEU;2026-07-17;29.0;198.0;2.7;2.7;2.7;3.0;3.0;3.0;1.0;1.0;1.0;2.0;2.0;3.0;2.0;1.0;1.0;2026-07-16 22:00:00+00:00
44.212;0.449;00.449_44.212;33.0;33.0;Lot-et-Garonne;VALLEE-GARONNE-AGENAIS;MONTESQUIEU;2026-07-18;29.0;199.0;0.0;0.0;0.0;1.0;1.0;1.0;1.0;1.0;1.0;1.0;2.0;2.0;1.0;2.0;1.0;2026-07-17 22:00:00+00:00
44.212;0.449;00.449_44.212;33.0;33.0;Lot-et-Garonne;VALLEE-GARONNE-AGENAIS;MONTESQUIEU;2026-07-19;29.0;200.0;0.0;0.0;0.0;1.0;1.0;1.0;1.0;1.0;1.0;1.0;1.0;1.0;2.0;3.0;1.0;2026-07-18 22:00:00+00:00
44.212;0.449;00.449_44.212;33.0;33.0;Lot-et-Garonne;VALLEE-GARONNE-AGENAIS;MONTESQUIEU;2026-07-20;30.0;201.0;0.0;0.0;0.0;1.0;1.0;1.0;1.0;1.0;1.0;3.0;2.0;1.0;1.0;2.0;1.0;2026-07-19 22:00:00+00:00
44.212;0.449;00.449_44.212;33.0;33.0;Lot-et-Garonne;VALLEE-GARONNE-AGENAIS;MONTESQUIEU;2026-07-21;30.0;202.0;0.0;0.0;0.0;1.0;1.0;1.0;1.0;1.0;1.0;4.0;2.0;1.0;1.0;3.0;3.0;2026-07-20 22:00:00+00:00
44.212;0.449;00.449_44.212;33.0;33.0;Lot-et-Garonne;VALLEE-GARONNE-AGENAIS;MONTESQUIEU;2026-07-22;30.0;203.0;0.0;0.0;0.0;1.0;1.0;1.0;1.0;1.0;1.0;2.0;1.0;1.0;1.0;1.0;2.0;2026-07-21 22:00:00+00:00
44.212;0.449;00.449_44.212;33.0;33.0;Lot-et-Garonne;VALLEE-GARONNE-AGENAIS;MONTESQUIEU;2026-07-23;30.0;204.0;0.0;0.0;0.0;1.0;1.0;1.0;1.0;1.0;1.0;1.0;2.0;3.0;1.0;1.0;1.0;2026-07-22 22:00:00+00:00
44.212;0.449;00.449_44.212;33.0;33.0;Lot-et-Garonne;VALLEE-GARONNE-AGENAIS;MONTESQUIEU;2026-07-24;30.0;205.0;0.2;0.2;0.2;1.0;1.0;1.0;1.0;1.0;1.0;2.0;1.0;2.0;3.0;1.0;2.0;2026-07-23 22:00:00+00:00
44.212;0.449;00.449_44.212;33.0;33.0;Lot-et-Garonne;VALLEE-GARONNE-AGENAIS;MONTESQUIEU;2026-07-25;30.0;206.0;4.0;4.0;4.0;1.0;1.0;1.0;1.0;1.0;1.0;4.0;4.0;1.0;4.0;2.0;3.0;2026-07-24 22:00:00+00:00
44.212;0.449;00.449_44.212;33.0;33.0;Lot-et-Garonne;VALLEE-GARONNE-AGENAIS;MONTESQUIEU;2026-07-26;30.0;207.0;2.1;2.1;2.1;1.0;1.0;1.0;1.0;1.0;1.0;2.0;3.0;3.0;2.0;2.0;3.0;2026-07-25 22:00:00+00:00
44.212;0.449;00.449_44.212;33.0;33.0;Lot-et-Garonne;VALLEE-GARONNE-AGENAIS;MONTESQUIEU;2026-07-27;31.0;208.0;1.1;1.1;1.1;1.0;1.0;1.0;1.0;1.0;1.0;3.0;2.0;1.0;3.0;4.0;1.0;2026-07-26 22:00:00+00:00
44.212;0.449;00.449_44.212;33.0;33.0;Lot-et-Garonne;VALLEE-GARONNE-AGENAIS;MONTESQUIEU;2026-07-28;31.0;209.0;0.0;0.0;0.0;1.0;1.0;1.0;1.0;1.0;1.0;2.0;3.0;2.0;3.0;2.0;1.0;2026-07-27 22:00:00+00:00
44.212;0.449;00.449_44.212;33.0;33.0;Lot-et-Garonne;VALLEE-GARONNE-AGENAIS;MONTESQUIEU;2026-07-29;31.0;210.0;0.0;0.0;0.0;1.0;1.0;1.0;1.0;1.0;1.0;3.0;1.0;3.0;2.0;1.0;2.0;2026-07-28 22:00:00+00:00
44.212;0.449;00.449_44.212;33.0;33.0;Lot-et-Garonne;VALLEE-GARONNE-AGENAIS;MONTESQUIEU;2026-07-30;31.0;211.0;0.1;0.1;0.1;1.0;1.0;1.0;1.0;1.0;1.0;1.0;2.0;2.0;3.0;1.0;2.0;2026-07-29 22:00:00+00:00
44.212;0.449;00.449_44.212;33.0;33.0;Lot-et-Garonne;VALLEE-GARONNE-AGENAIS;MONTESQUIEU;2026-07-31;31.0;212.0;0.0;0.0;0.0;1.0;1.0;1.0;1.0;1.0;1.0;4.0;1.0;2.0;1.0;1.0;2.0;2026-07-30 22:00:00+00:00
44.212;0.449;00.449_44.212;33.0;33.0;Lot-et-Garonne;VALLEE-GARONNE-AGENAIS;MONTESQUIEU;2026-08-01;31.0;213.0;0.0;0.0;0.0;1.0;1.0;1.0;1.0;1.0;1.0;1.0;2.0;1.0;1.0;1.0;3.0;2026-07-31 22:00:00+00:00
44.212;0.449;00.449_44.212;33.0;33.0;Lot-et-Garonne;VALLEE-GARONNE-AGENAIS;MONTESQUIEU;2026-08-02;31.0;214.0;0.0;0.0;0.0;1.0;1.0;1.0;1.0;1.0;1.0;1.0;2.0;3.0;1.0;1.0;2.0;2026-08-01 22:00:00+00:00
44.212;0.449;00.449_44.212;33.0;33.0;Lot-et-Garonne;VALLEE-GARONNE-AGENAIS;MONTESQUIEU;2026-08-03;32.0;215.0;0.7999999999999999;0.7999999999999999;0.7999999999999999;1.0;1.0;1.0;1.0;1.0;1.0;1.0;1.0;1.0;1.0;2.0;4.0;2026-08-02 22:00:00+00:00
44.212;0.449;00.449_44.212;33.0;33.0;Lot-et-Garonne;VALLEE-GARONNE-AGENAIS;MONTESQUIEU;2026-08-04;32.0;216.0;0.0;0.0;0.0;1.0;1.0;1.0;1.0;1.0;1.0;1.0;4.0;1.0;3.0;1.0;2.0;2026-08-03 22:00:00+00:00
44.212;0.449;00.449_44.212;33.0;33.0;Lot-et-Garonne;VALLEE-GARONNE-AGENAIS;MONTESQUIEU;2026-08-05;32.0;217.0;0.0;0.0;0.0;1.0;1.0;1.0;1.0;1.0;1.0;2.0;2.0;2.0;2.0;1.0;2.0;2026-08-04 22:00:00+00:00
44.212;0.449;00.449_44.212;33.0;33.0;Lot-et-Garonne;VALLEE-GARONNE-AGENAIS;MONTESQUIEU;2026-08-06;32.0;218.0;0.0;0.0;0.0;1.0;1.0;1.0;1.0;1.0;1.0;1.0;3.0;1.0;1.0;1.0;1.0;2026-08-05 22:00:00+00:00
44.212;0.449;00.449_44.212;33.0;33.0;Lot-et-Garonne;VALLEE-GARONNE-AGENAIS;MONTESQUIEU;2026-08-07;32.0;219.0;0.0;0.0;0.0;1.0;1.0;1.0;1.0;1.0;1.0;2.0;1.0;4.0;1.0;1.0;2.0;2026-08-06 22:00:00+00:00
44.212;0.449;00.449_44.212;33.0;33.0;Lot-et-Garonne;VALLEE-GARONNE-AGENAIS;MONTESQUIEU;2026-08-08;32.0;220.0;0.0;0.0;0.0;1.0;1.0;1.0;1.0;1.0;1.0;3.0;2.0;1.0;3.0;1.0;1.0;2026-08-07 22:00:00+00:00
44.212;0.449;00.449_44.212;33.0;33.0;Lot-et-Garonne;VALLEE-GARONNE-AGENAIS;MONTESQUIEU;2026-08-09;32.0;221.0;2.7;2.7;2.7;1.0;1.0;1.0;1.0;1.0;1.0;1.0;3.0;4.0;2.0;2.0;1.0;2026-08-08 22:00:00+00:00
44.212;0.449;00.449_44.212;33.0;33.0;Lot-et-Garonne;VALLEE-GARONNE-AGENAIS;MONTESQUIEU;2026-08-10;33.0;222.0;2.4000000000000004;2.4000000000000004;2.4000000000000004;1.0;1.0;1.0;1.0;1.0;1.0;1.0;1.0;1.0;1.0;1.0;1.0;2026-08-09 22:00:00+00:00
44.212;0.449;00.449_44.212;33.0;33.0;Lot-et-Garonne;VALLEE-GARONNE-AGENAIS;MONTESQUIEU;2026-08-11;33.0;223.0;0.0;0.0;0.0;1.0;1.0;1.0;1.0;1.0;1.0;1.0;1.0;1.0;1.0;1.0;3.0;2026-08-10 22:00:00+00:00
44.212;0.449;00.449_44.212;33.0;33.0;Lot-et-Garonne;VALLEE-GARONNE-AGENAIS;MONTESQUIEU;2026-08-12;33.0;224.0;0.0;0.0;0.0;1.0;1.0;1.0;1.0;1.0;1.0;1.0;2.0;1.0;1.0;1.0;1.0;2026-08-11 22:00:00+00:00
44.212;0.449;00.449_44.212;33.0;33.0;Lot-et-Garonne;VALLEE-GARONNE-AGENAIS;MONTESQUIEU;2026-08-13;33.0;225.0;0.0;0.0;0.0;1.0;1.0;1.0;1.0;1.0;1.0;1.0;3.0;1.0;3.0;2.0;3.0;2026-08-12 22:00:00+00:00
44.212;0.449;00.449_44.212;33.0;33.0;Lot-et-Garonne;VALLEE-GARONNE-AGENAIS;MONTESQUIEU;2026-08-14;33.0;226.0;0.0;0.0;0.0;1.0;1.0;1.0;1.0;1.0;1.0;1.0;2.0;2.0;2.0;3.0;1.0;2026-08-13 22:00:00+00:00
44.212;0.449;00.449_44.212;33.0;33.0;Lot-et-Garonne;VALLEE-GARONNE-AGENAIS;MONTESQUIEU;2026-08-15;33.0;227.0;43.2;43.2;43.2;1.0;1.0;1.0;3.0;3.0;3.0;2.0;2.0;1.0;1.0;1.0;2.0;2026-08-14 22:00:00+00:00
44.212;0.449;00.449_44.212;33.0;33.0;Lot-et-Garonne;VALLEE-GARONNE-AGENAIS;MONTESQUIEU;2026-08-16;33.0;228.0;0.0;0.0;0.0;1.0;1.0;1.0;1.0;1.0;1.0;4.0;3.0;1.0;1.0;4.0;1.0;2026-08-15 22:00:00+00:00
44.212;0.449;00.449_44.212;33.0;33.0;Lot-et-Garonne;VALLEE-GARONNE-AGENAIS;MONTESQUIEU;2026-08-17;34.0;229.0;0.0;0.0;0.0;1.0;1.0;1.0;1.0;1.0;1.0;2.0;1.0;1.0;4.0;1.0;1.0;2026-08-16 22:00:00+00:00
44.212;0.449;00.449_44.212;33.0;33.0;Lot-et-Garonne;VALLEE-GARONNE-AGENAIS;MONTESQUIEU;2026-08-18;34.0;230.0;0.0;0.0;0.0;1.0;1.0;1.0;1.0;1.0;1.0;1.0;2.0;4.0;1.0;2.0;1.0;2026-08-17 22:00:00+00:00
44.212;0.449;00.449_44.212;33.0;33.0;Lot-et-Garonne;VALLEE-GARONNE-AGENAIS;MONTESQUIEU;2026-08-19;34.0;231.0;0.0;0.0;0.0;1.0;1.0;1.0;1.0;1.0;1.0;1.0;1.0;1.0;2.0;4.0;1.0;2026-08-18 22:00:00+00:00
44.212;0.449;00.449_44.212;33.0;33.0;Lot-et-Garonne;VALLEE-GARONNE-AGENAIS;MONTESQUIEU;2026-08-20;34.0;232.0;14.6;14.6;14.6;1.0;1.0;1.0;1.0;1.0;1.0;1.0;2.0;1.0;1.0;1.0;3.0;2026-08-19 22:00:00+00:00
44.212;0.449;00.449_44.212;33.0;33.0;Lot-et-Garonne;VALLEE-GARONNE-AGENAIS;MONTESQUIEU;2026-08-21;34.0;233.0;4.7;4.7;4.7;1.0;1.0;1.0;2.0;2.0;2.0;1.0;3.0;2.0;2.0;1.0;3.0;2026-08-20 22:00:00+00:00
44.212;0.449;00.449_44.212;33.0;33.0;Lot-et-Garonne;VALLEE-GARONNE-AGENAIS;MONTESQUIEU;2026-08-22;34.0;234.0;0.0;0.0;0.0;1.0;1.0;1.0;2.0;2.0;2.0;1.0;1.0;2.0;2.0;1.0;2.0;2026-08-21 22:00:00+00:00
44.212;0.449;00.449_44.212;33.0;33.0;Lot-et-Garonne;VALLEE-GARONNE-AGENAIS;MONTESQUIEU;2026-08-23;34.0;235.0;3.7;3.7;3.7;1.0;1.0;1.0;2.0;2.0;2.0;2.0;1.0;2.0;2.0;2.0;1.0;2026-08-22 22:00:00+00:00
44.212;0.449;00.449_44.212;33.0;33.0;Lot-et-Garonne;VALLEE-GARONNE-AGENAIS;MONTESQUIEU;2026-08-24;35.0;236.0;13.9;13.9;13.9;1.0;1.0;1.0;2.0;2.0;2.0;3.0;1.0;4.0;1.0;1.0;2.0;2026-08-23 22:00:00+00:00
44.212;0.449;00.449_44.212;33.0;33.0;Lot-et-Garonne;VALLEE-GARONNE-AGENAIS;MONTESQUIEU;2026-08-25;;;;;;;;;3.0;3.0;3.0;;;;;;;2026-08-24 22:00:00+00:00
44.212;0.449;00.449_44.212;33.0;33.0;Lot-et-Garonne;VALLEE-GARONNE-AGENAIS;MONTESQUIEU;2026-08-26;;;;;;;;;3.0;3.0;3.0;;;;;;;2026-08-25 22:00:00+00:00
44.212;0.449;00.449_44.212;33.0;33.0;Lot-et-Garonne;VALLEE-GARONNE-AGENAIS;MONTESQUIEU;2026-08-27;;;;;;;;;3.0;3.0;3.0;;;;;;;2026-08-26 22:00:00+00:00
44.212;0.449;00.449_44.212;33.0;33.0;Lot-et-Garonne;VALLEE-GARONNE-AGENAIS;MONTESQUIEU;2026-08-28;;;;;;;;;3.0;4.0;4.0;;;;;;;2026-08-27 22:00:00+00:00
44.212;0.449;00.449_44.212;33.0;33.0;Lot-et-Garonne;VALLEE-GARONNE-AGENAIS;MONTESQUIEU;2026-08-29;;;;;;;;;4.0;4.0;4.0;;;;;;;2026-08-28 22:00:00+00:00
44.212;0.449;00.449_44.212;33.0;33.0;Lot-et-Garonne;VALLEE-GARONNE-AGENAIS;MONTESQUIEU;2026-08-30;;;;;;;;;4.0;4.0;4.0;;;;;;;2026-08-29 22:00:00+00:00
44.212;0.449;00.449_44.212;33.0;33.0;Lot-et-Garonne;VALLEE-GARONNE-AGENAIS;MONTESQUIEU;2026-08-31;;;;;;;;;4.0;4.0;4.0;;;;;;;2026-08-30 22:00:00+00:00
44.212;0.449;00.449_44.212;33.0;33.0;Lot-et-Garonne;VALLEE-GARONNE-AGENAIS;MONTESQUIEU;2026-09-01;;;;;;;;;4.0;4.0;4.0;;;;;;;2026-08-31 22:00:00+00:00
44.212;0.449;00.449_44.212;33.0;33.0;Lot-et-Garonne;VALLEE-GARONNE-AGENAIS;MONTESQUIEU;2026-09-02;;;;;;;;;4.0;4.0;4.0;;;;;;;2026-09-01 22:00:00+00:00
44.212;0.449;00.449_44.212;33.0;33.0;Lot-et-Garonne;VALLEE-GARONNE-AGENAIS;MONTESQUIEU;2026-09-03;;;;;;;;;4.0;4.0;4.0;;;;;;;2026-09-02 22:00:00+00:00
44.212;0.449;00.449_44.212;33.0;33.0;Lot-et-Garonne;VALLEE-GARONNE-AGENAIS;MONTESQUIEU;2026-09-04;;;;;;;;;4.0;4.0;4.0;;;;;;;2026-09-03 22:00:00+00:00
44.212;0.449;00.449_44.212;33.0;33.0;Lot-et-Garonne;VALLEE-GARONNE-AGENAIS;MONTESQUIEU;2026-09-05;;;;;;;;;4.0;4.0;4.0;;;;;;;2026-09-04 22:00:00+00:00
44.212;0.449;00.449_44.212;33.0;33.0;Lot-et-Garonne;VALLEE-GARONNE-AGENAIS;MONTESQUIEU;2026-09-06;;;;;;;;;4.0;4.0;4.0;;;;;;;2026-09-05 22:00:00+00:00
44.212;0.449;00.449_44.212;33.0;33.0;Lot-et-Garonne;VALLEE-GARONNE-AGENAIS;MONTESQUIEU;2026-09-07;;;;;;;;;4.0;4.0;4.0;;;;;;;2026-09-06 22:00:00+00:00
44.788;0.485;00.485_44.788;33.0;33.0;Bergeracois;SUD-BERGERAC;MONBAZILLAC;2026-01-01;1.0;1.0;0.0;0.0;0.0;1.0;1.0;1.0;;;;1.0;1.0;1.0;3.0;1.0;1.0;2025-12-31 23:00:00+00:00
44.788;0.485;00.485_44.788;33.0;33.0;Bergeracois;SUD-BERGERAC;MONBAZILLAC;2026-01-02;1.0;2.0;0.0;0.0;0.0;1.0;1.0;1.0;;;;2.0;1.0;3.0;3.0;2.0;3.0;2026-01-01 23:00:00+00:00
44.788;0.485;00.485_44.788;33.0;33.0;Bergeracois;SUD-BERGERAC;MONBAZILLAC;2026-01-03;1.0;3.0;0.0;0.0;0.0;1.0;1.0;1.0;;;;1.0;1.0;3.0;2.0;1.0;1.0;2026-01-02 23:00:00+00:00
44.788;0.485;00.485_44.788;33.0;33.0;Bergeracois;SUD-BERGERAC;MONBAZILLAC;2026-01-04;1.0;4.0;0.0;0.0;0.0;1.0;1.0;1.0;;;;1.0;1.0;2.0;1.0;1.0;2.0;2026-01-03 23:00:00+00:00
44.788;0.485;00.485_44.788;33.0;33.0;Bergeracois;SUD-BERGERAC;MONBAZILLAC;2026-01-05;2.0;5.0;0.0;0.0;0.0;1.0;1.0;1.0;;;;1.0;2.0;3.0;1.0;4.0;1.0;2026-01-04 23:00:00+00:00
44.788;0.485;00.485_44.788;33.0;33.0;Bergeracois;SUD-BERGERAC;MONBAZILLAC;2026-01-06;2.0;6.0;0.0;0.0;0.0;1.0;1.0;1.0;;;;2.0;3.0;3.0;1.0;1.0;1.0;2026-01-05 23:00:00+00:00
44.788;0.485;00.485_44.788;33.0;33.0;Bergeracois;SUD-BERGERAC;MONBAZILLAC;2026-01-07;2.0;7.0;2.5;2.5;2.5;1.0;1.0;1.0;;;;1.0;1.0;1.0;1.0;4.0;1.0;2026-01-06 23:00:00+00:00
44.788;0.485;00.485_44.788;33.0;33.0;Bergeracois;SUD-BERGERAC;MONBAZILLAC;2026-01-08;2.0;8.0;11.5;11.5;11.5;1.0;1.0;1.0;;;;1.0;4.0;4.0;3.0;2.0;2.0;2026-01-07 23:00:00+00:00
44.788;0.485;00.485_44.788;33.0;33.0;Bergeracois;SUD-BERGERAC;MONBAZILLAC;2026-01-09;2.0;9.0;9.6;9.6;9.6;1.0;1.0;1.0;;;;1.0;2.0;1.0;1.0;1.0;1.0;2026-01-08 23:00:00+00:00
44.788;0.485;00.485_44.788;33.0;33.0;Bergeracois;SUD-BERGERAC;MONBAZILLAC;2026-01-10;2.0;10.0;0.0;0.0;0.0;1.0;1.0;1.0;;;;1.0;2.0;1.0;1.0;1.0;1.0;2026-01-09 23:00:00+00:00
44.788;0.485;00.485_44.788;33.0;33.0;Bergeracois;SUD-BERGERAC;MONBAZILLAC;2026-01-11;2.0;11.0;0.0;0.0;0.0;1.0;1.0;1.0;;;;1.0;2.0;1.0;2.0;3.0;1.0;2026-01-10 23:00:00+00:00
44.788;0.485;00.485_44.788;33.0;33.0;Bergeracois;SUD-BERGERAC;MONBAZILLAC;2026-01-12;3.0;12.0;0.0;0.0;0.0;1.0;1.0;1.0;;;;2.0;2.0;2.0;3.0;1.0;1.0;2026-01-11 23:00:00+00:00
44.788;0.485;00.485_44.788;33.0;33.0;Bergeracois;SUD-BERGERAC;MONBAZILLAC;2026-01-13;3.0;13.0;0.0;0.0;0.0;1.0;1.0;1.0;;;;3.0;4.0;3.0;2.0;1.0;1.0;2026-01-12 23:00:00+00:00
44.788;0.485;00.485_44.788;33.0;33.0;Bergeracois;SUD-BERGERAC;MONBAZILLAC;2026-01-14;3.0;14.0;0.0;0.0;0.0;1.0;1.0;1.0;;;;3.0;2.0;4.0;1.0;3.0;2.0;2026-01-13 23:00:00+00:00
44.788;0.485;00.485_44.788;33.0;33.0;Bergeracois;SUD-BERGERAC;MONBAZILLAC;2026-01-15;3.0;15.0;3.0;3.0;3.0;1.0;1.0;1.0;;;;3.0;2.0;2.0;1.0;3.0;1.0;2026-01-14 23:00:00+00:00
44.788;0.485;00.485_44.788;33.0;33.0;Bergeracois;SUD-BERGERAC;MONBAZILLAC;2026-01-16;3.0;16.0;3.4000000000000004;3.4000000000000004;3.4000000000000004;1.0;1.0;1.0;;;;2.0;3.0;2.0;1.0;3.0;1.0;2026-01-15 23:00:00+00:00
44.788;0.485;00.485_44.788;33.0;33.0;Bergeracois;SUD-BERGERAC;MONBAZILLAC;2026-01-17;3.0;17.0;4.8;4.8;4.8;1.0;1.0;1.0;;;;1.0;1.0;2.0;1.0;1.0;2.0;2026-01-16 23:00:00+00:00
44.788;0.485;00.485_44.788;33.0;33.0;Bergeracois;SUD-BERGERAC;MONBAZILLAC;2026-01-18;3.0;18.0;1.7;1.7;1.7;1.0;1.0;1.0;;;;3.0;2.0;3.0;1.0;1.0;2.0;2026-01-17 23:00:00+00:00
44.788;0.485;00.485_44.788;33.0;33.0;Bergeracois;SUD-BERGERAC;MONBAZILLAC;2026-01-19;4.0;19.0;2.0;2.0;2.0;1.0;1.0;1.0;;;;2.0;1.0;1.0;2.0;1.0;1.0;2026-01-18 23:00:00+00:00
44.788;0.485;00.485_44.788;33.0;33.0;Bergeracois;SUD-BERGERAC;MONBAZILLAC;2026-01-20;4.0;20.0;0.0;0.0;0.0;1.0;1.0;1.0;;;;1.0;2.0;1.0;2.0;2.0;1.0;2026-01-19 23:00:00+00:00
44.788;0.485;00.485_44.788;33.0;33.0;Bergeracois;SUD-BERGERAC;MONBAZILLAC;2026-01-21;4.0;21.0;6.9;6.9;6.9;1.0;1.0;1.0;;;;2.0;1.0;1.0;4.0;1.0;2.0;2026-01-20 23:00:00+00:00
44.788;0.485;00.485_44.788;33.0;33.0;Bergeracois;SUD-BERGERAC;MONBAZILLAC;2026-01-22;4.0;22.0;3.3000000000000003;3.3000000000000003;3.3000000000000003;1.0;1.0;1.0;;;;1.0;4.0;1.0;3.0;3.0;2.0;2026-01-21 23:00:00+00:00
44.788;0.485;00.485_44.788;33.0;33.0;Bergeracois;SUD-BERGERAC;MONBAZILLAC;2026-01-23;4.0;23.0;2.8;2.8;2.8;1.0;1.0;1.0;;;;1.0;1.0;2.0;3.0;1.0;2.0;2026-01-22 23:00:00+00:00
44.788;0.485;00.485_44.788;33.0;33.0;Bergeracois;SUD-BERGERAC;MONBAZILLAC;2026-01-24;4.0;24.0;4.4;4.4;4.4;1.0;1.0;1.0;;;;1.0;3.0;1.0;3.0;2.0;1.0;2026-01-23 23:00:00+00:00
44.788;0.485;00.485_44.788;33.0;33.0;Bergeracois;SUD-BERGERAC;MONBAZILLAC;2026-01-25;4.0;25.0;13.3;13.3;13.3;1.0;1.0;1.0;;;;1.0;1.0;2.0;2.0;1.0;1.0;2026-01-24 23:00:00+00:00
44.788;0.485;00.485_44.788;33.0;33.0;Bergeracois;SUD-BERGERAC;MONBAZILLAC;2026-01-26;5.0;26.0;0.0;0.0;0.0;1.0;1.0;1.0;;;;1.0;3.0;1.0;2.0;1.0;3.0;2026-01-25 23:00:00+00:00
44.788;0.485;00.485_44.788;33.0;33.0;Bergeracois;SUD-BERGERAC;MONBAZILLAC;2026-01-27;5.0;27.0;5.5;5.5;5.5;1.0;1.0;1.0;;;;1.0;2.0;1.0;1.0;3.0;4.0;2026-01-26 23:00:00+00:00
44.788;0.485;00.485_44.788;33.0;33.0;Bergeracois;SUD-BERGERAC;MONBAZILLAC;2026-01-28;5.0;28.0;4.8;4.8;4.8;1.0;1.0;1.0;;;;1.0;3.0;2.0;1.0;2.0;2.0;2026-01-27 23:00:00+00:00
44.788;0.485;00.485_44.788;33.0;33.0;Bergeracois;SUD-BERGERAC;MONBAZILLAC;2026-01-29;5.0;29.0;2.6;2.6;2.6;1.0;1.0;1.0;;;;2.0;2.0;1.0;1.0;2.0;3.0;2026-01-28 23:00:00+00:00
44.788;0.485;00.485_44.788;33.0;33.0;Bergeracois;SUD-BERGERAC;MONBAZILLAC;2026-01-30;5.0;30.0;2.4;2.4;2.4;1.0;1.0;1.0;;;;3.0;1.0;2.0;1.0;1.0;3.0;2026-01-29 23:00:00+00:00
44.788;0.485;00.485_44.788;33.0;33.0;Bergeracois;SUD-BERGERAC;MONBAZILLAC;2026-01-31;5.0;31.0;4.1000000000000005;4.1000000000000005;4.1000000000000005;1.0;1.0;1.0;;;;1.0;1.0;4.0;1.0;1.0;1.0;2026-01-30 23:00:00+00:00
44.788;0.485;00.485_44.788;33.0;33.0;Bergeracois;SUD-BERGERAC;MONBAZILLAC;2026-02-01;5.0;32.0;2.1;2.1;2.1;1.0;1.0;1.0;;;;2.0;1.0;1.0;1.0;4.0;1.0;2026-01-31 23:00:00+00:00
44.788;0.485;00.485_44.788;33.0;33.0;Bergeracois;SUD-BERGERAC;MONBAZILLAC;2026-02-02;6.0;33.0;4.6;4.6;4.6;1.0;1.0;1.0;;;;2.0;1.0;1.0;4.0;2.0;2.0;2026-02-01 23:00:00+00:00
44.788;0.485;00.485_44.788;33.0;33.0;Bergeracois;SUD-BERGERAC;MONBAZILLAC;2026-02-03;6.0;34.0;0.5;0.5;0.5;1.0;1.0;1.0;;;;1.0;3.0;1.0;1.0;4.0;1.0;2026-02-02 23:00:00+00:00
44.788;0.485;00.485_44.788;33.0;33.0;Bergeracois;SUD-BERGERAC;MONBAZILLAC;2026-02-04;6.0;35.0;3.7;3.7;3.7;1.0;1.0;1.0;;;;1.0;1.0;2.0;1.0;4.0;1.0;2026-02-03 23:00:00+00:00
44.788;0.485;00.485_44.788;33.0;33.0;Bergeracois;SUD-BERGERAC;MONBAZILLAC;2026-02-05;6.0;36.0;12.1;12.1;12.1;1.0;1.0;1.0;;;;1.0;3.0;2.0;3.0;1.0;3.0;2026-02-04 23:00:00+00:00
44.788;0.485;00.485_44.788;33.0;33.0;Bergeracois;SUD-BERGERAC;MONBAZILLAC;2026-02-06;6.0;37.0;0.4;0.4;0.4;1.0;1.0;1.0;;;;3.0;4.0;1.0;1.0;2.0;3.0;2026-02-05 23:00:00+00:00
44.788;0.485;00.485_44.788;33.0;33.0;Bergeracois;SUD-BERGERAC;MONBAZILLAC;2026-02-07;6.0;38.0;1.9;1.9;1.9;1.0;1.0;1.0;;;;1.0;2.0;3.0;1.0;2.0;1.0;2026-02-06 23:00:00+00:00
44.788;0.485;00.485_44.788;33.0;33.0;Bergeracois;SUD-BERGERAC;MONBAZILLAC;2026-02-08;6.0;39.0;0.0;0.0;0.0;1.0;1.0;1.0;;;;2.0;3.0;4.0;3.0;1.0;1.0;2026-02-07 23:00:00+00:00
44.788;0.485;00.485_44.788;33.0;33.0;Bergeracois;SUD-BERGERAC;MONBAZILLAC;2026-02-09;7.0;40.0;2.1;2.1;2.1;1.0;1.0;1.0;;;;1.0;1.0;1.0;3.0;2.0;1.0;2026-02-08 23:00:00+00:00
44.788;0.485;00.485_44.788;33.0;33.0;Bergeracois;SUD-BERGERAC;MONBAZILLAC;2026-02-10;7.0;41.0;21.3;21.3;21.3;1.0;1.0;1.0;;;;1.0;1.0;1.0;2.0;2.0;1.0;2026-02-09 23:00:00+00:00
44.788;0.485;00.485_44.788;33.0;33.0;Bergeracois;SUD-BERGERAC;MONBAZILLAC;2026-02-11;7.0;42.0;10.7;10.7;10.7;1.0;1.0;1.0;;;;2.0;2.0;1.0;1.0;1.0;1.0;2026-02-10 23:00:00+00:00
44.788;0.485;00.485_44.788;33.0;33.0;Bergeracois;SUD-BERGERAC;MONBAZILLAC;2026-02-12;7.0;43.0;22.8;22.8;22.8;1.0;1.0;1.0;;;;2.0;1.0;3.0;2.0;2.0;1.0;2026-02-11 23:00:00+00:00
44.788;0.485;00.485_44.788;33.0;33.0;Bergeracois;SUD-BERGERAC;MONBAZILLAC;2026-02-13;7.0;44.0;1.7000000000000002;1.7000000000000002;1.7000000000000002;1.0;1.0;1.0;;;;1.0;4.0;1.0;2.0;1.0;4.0;2026-02-12 23:00:00+00:00
44.788;0.485;00.485_44.788;33.0;33.0;Bergeracois;SUD-BERGERAC;MONBAZILLAC;2026-02-14;7.0;45.0;2.9;2.9;2.9;1.0;1.0;1.0;;;;1.0;2.0;1.0;2.0;2.0;1.0;2026-02-13 23:00:00+00:00
44.788;0.485;00.485_44.788;33.0;33.0;Bergeracois;SUD-BERGERAC;MONBAZILLAC;2026-02-15;7.0;46.0;7.6;7.6;7.6;1.0;1.0;1.0;;;;1.0;2.0;3.0;1.0;4.0;1.0;2026-02-14 23:00:00+00:00
44.788;0.485;00.485_44.788;33.0;33.0;Bergeracois;SUD-BERGERAC;MONBAZILLAC;2026-02-16;8.0;47.0;4.8;4.8;4.8;1.0;1.0;1.0;;;;2.0;2.0;3.0;1.0;1.0;2.0;2026-02-15 23:00:00+00:00
44.788;0.485;00.485_44.788;33.0;33.0;Bergeracois;SUD-BERGERAC;MONBAZILLAC;2026-02-17;8.0;48.0;0.1;0.1;0.1;1.0;1.0;1.0;;;;4.0;2.0;1.0;1.0;2.0;1.0;2026-02-16 23:00:00+00:00
44.788;0.485;00.485_44.788;33.0;33.0;Bergeracois;SUD-BERGERAC;MONBAZILLAC;2026-02-18;8.0;49.0;4.1000000000000005;4.1000000000000005;4.1000000000000005;1.0;1.0;1.0;;;;1.0;1.0;2.0;1.0;1.0;1.0;2026-02-17 23:00:00+00:00
44.788;0.485;00.485_44.788;33.0;33.0;Bergeracois;SUD-BERGERAC;MONBAZILLAC;2026-02-19;8.0;50.0;9.0;9.0;9.0;1.0;1.0;1.0;;;;2.0;1.0;3.0;1.0;2.0;2.0;2026-02-18 23:00:00+00:00
44.788;0.485;00.485_44.788;33.0;33.0;Bergeracois;SUD-BERGERAC;MONBAZILLAC;2026-02-20;8.0;51.0;0.1;0.1;0.1;1.0;1.0;1.0;;;;1.0;1.0;1.0;2.0;1.0;1.0;2026-02-19 23:00:00+00:00
44.788;0.485;00.485_44.788;33.0;33.0;Bergeracois;SUD-BERGERAC;MONBAZILLAC;2026-02-21;8.0;52.0;0.0;0.0;0.0;1.0;1.0;1.0;;;;2.0;3.0;2.0;1.0;1.0;1.0;2026-02-20 23:00:00+00:00
44.788;0.485;00.485_44.788;33.0;33.0;Bergeracois;SUD-BERGERAC;MONBAZILLAC;2026-02-22;8.0;53.0;0.0;0.0;0.0;1.0;1.0;1.0;;;;2.0;1.0;1.0;1.0;3.0;1.0;2026-02-21 23:00:00+00:00
44.788;0.485;00.485_44.788;33.0;33.0;Bergeracois;SUD-BERGERAC;MONBAZILLAC;2026-02-23;9.0;54.0;0.0;0.0;0.0;1.0;1.0;1.0;;;;1.0;1.0;1.0;1.0;2.0;2.0;2026-02-22 23:00:00+00:00
44.788;0.485;00.485_44.788;33.0;33.0;Bergeracois;SUD-BERGERAC;MONBAZILLAC;2026-02-24;9.0;55.0;0.0;0.0;0.0;1.0;1.0;1.0;;;;4.0;2.0;1.0;2.0;1.0;2.0;2026-02-23 23:00:00+00:00
44.788;0.485;00.485_44.788;33.0;33.0;Bergeracois;SUD-BERGERAC;MONBAZILLAC;2026-02-25;9.0;56.0;0.0;0.0;0.0;1.0;1.0;1.0;;;;2.0;3.0;1.0;1.0;2.0;2.0;2026-02-24 23:00:00+00:00
44.788;0.485;00.485_44.788;33.0;33.0;Bergeracois;SUD-BERGERAC;MONBAZILLAC;2026-02-26;9.0;57.0;0.0;0.0;0.0;1.0;1.0;1.0;;;;1.0;2.0;1.0;1.0;1.0;3.0;2026-02-25 23:00:00+00:00
44.788;0.485;00.485_44.788;33.0;33.0;Bergeracois;SUD-BERGERAC;MONBAZILLAC;2026-02-27;9.0;58.0;0.0;0.0;0.0;1.0;1.0;1.0;;;;1.0;1.0;2.0;1.0;1.0;1.0;2026-02-26 23:00:00+00:00
44.788;0.485;00.485_44.788;33.0;33.0;Bergeracois;SUD-BERGERAC;MONBAZILLAC;2026-02-28;9.0;59.0;0.8999999999999999;0.8999999999999999;0.8999999999999999;1.0;1.0;1.0;;;;3.0;3.0;1.0;1.0;1.0;1.0;2026-02-27 23:00:00+00:00
44.788;0.485;00.485_44.788;33.0;33.0;Bergeracois;SUD-BERGERAC;MONBAZILLAC;2026-03-01;9.0;60.0;0.0;0.0;0.0;1.0;1.0;1.0;;;;2.0;2.0;2.0;4.0;2.0;2.0;2026-02-28 23:00:00+00:00
44.788;0.485;00.485_44.788;33.0;33.0;Bergeracois;SUD-BERGERAC;MONBAZILLAC;2026-03-02;10.0;61.0;0.0;0.0;0.0;1.0;1.0;1.0;;;;1.0;1.0;2.0;1.0;2.0;2.0;2026-03-01 23:00:00+00:00
44.788;0.485;00.485_44.788;33.0;33.0;Bergeracois;SUD-BERGERAC;MONBAZILLAC;2026-03-03;10.0;62.0;0.0;0.0;0.0;1.0;1.0;1.0;;;;2.0;1.0;1.0;2.0;4.0;2.0;2026-03-02 23:00:00+00:00
44.788;0.485;00.485_44.788;33.0;33.0;Bergeracois;SUD-BERGERAC;MONBAZILLAC;2026-03-04;10.0;63.0;0.0;0.0;0.0;1.0;1.0;1.0;;;;1.0;2.0;3.0;1.0;2.0;1.0;2026-03-03 23:00:00+00:00
44.788;0.485;00.485_44.788;33.0;33.0;Bergeracois;SUD-BERGERAC;MONBAZILLAC;2026-03-05;10.0;64.0;0.7;0.7;0.7;1.0;1.0;1.0;;;;1.0;1.0;3.0;1.0;1.0;1.0;2026-03-04 23:00:00+00:00
44.788;0.485;00.485_44.788;33.0;33.0;Bergeracois;SUD-BERGERAC;MONBAZILLAC;2026-03-06;10.0;65.0;0.1;0.1;0.1;1.0;1.0;1.0;;;;3.0;1.0;3.0;3.0;4.0;1.0;2026-03-05 23:00:00+00:00
44.788;0.485;00.485_44.788;33.0;33.0;Bergeracois;SUD-BERGERAC;MONBAZILLAC;2026-03-07;10.0;66.0;0.2;0.2;0.2;1.0;1.0;1.0;;;;2.0;1.0;2.0;4.0;3.0;1.0;2026-03-06 23:00:00+00:00
44.788;0.485;00.485_44.788;33.0;33.0;Bergeracois;SUD-BERGERAC;MONBAZILLAC;2026-03-08;10.0;67.0;0.0;0.0;0.0;1.0;1.0;1.0;;;;1.0;2.0;2.0;1.0;1.0;4.0;2026-03-07 23:00:00+00:00
44.788;0.485;00.485_44.788;33.0;33.0;Bergeracois;SUD-BERGERAC;MONBAZILLAC;2026-03-09;11.0;68.0;0.0;0.0;0.0;1.0;1.0;1.0;;;;4.0;1.0;3.0;1.0;3.0;4.0;2026-03-08 23:00:00+00:00
44.788;0.485;00.485_44.788;33.0;33.0;Bergeracois;SUD-BERGERAC;MONBAZILLAC;2026-03-10;11.0;69.0;0.0;0.0;0.0;1.0;1.0;1.0;;;;1.0;3.0;3.0;3.0;1.0;2.0;2026-03-09 23:00:00+00:00
44.788;0.485;00.485_44.788;33.0;33.0;Bergeracois;SUD-BERGERAC;MONBAZILLAC;2026-03-11;11.0;70.0;2.7;2.7;2.7;1.0;1.0;1.0;;;;1.0;1.0;1.0;2.0;2.0;2.0;2026-03-10 23:00:00+00:00
44.788;0.485;00.485_44.788;33.0;33.0;Bergeracois;SUD-BERGERAC;MONBAZILLAC;2026-03-12;11.0;71.0;0.0;0.0;0.0;1.0;1.0;1.0;;;;1.0;2.0;1.0;2.0;1.0;2.0;2026-03-11 23:00:00+00:00
44.788;0.485;00.485_44.788;33.0;33.0;Bergeracois;SUD-BERGERAC;MONBAZILLAC;2026-03-13;11.0;72.0;7.4;7.4;7.4;1.0;1.0;1.0;;;;1.0;2.0;1.0;1.0;3.0;1.0;2026-03-12 23:00:00+00:00
44.788;0.485;00.485_44.788;33.0;33.0;Bergeracois;SUD-BERGERAC;MONBAZILLAC;2026-03-14;11.0;73.0;6.1000000000000005;6.1000000000000005;6.1000000000000005;1.0;1.0;1.0;;;;1.0;1.0;2.0;1.0;1.0;4.0;2026-03-13 23:00:00+00:00
44.788;0.485;00.485_44.788;33.0;33.0;Bergeracois;SUD-BERGERAC;MONBAZILLAC;2026-03-15;11.0;74.0;0.0;0.0;0.0;1.0;1.0;1.0;;;;3.0;1.0;2.0;2.0;3.0;1.0;2026-03-14 23:00:00+00:00
44.788;0.485;00.485_44.788;33.0;33.0;Bergeracois;SUD-BERGERAC;MONBAZILLAC;2026-03-16;12.0;75.0;0.0;0.0;0.0;1.0;1.0;1.0;;;;1.0;1.0;2.0;1.0;1.0;1.0;2026-03-15 23:00:00+00:00
44.788;0.485;00.485_44.788;33.0;33.0;Bergeracois;SUD-BERGERAC;MONBAZILLAC;2026-03-17;12.0;76.0;0.0;0.0;0.0;1.0;1.0;1.0;;;;1.0;1.0;1.0;2.0;3.0;2.0;2026-03-16 23:00:00+00:00
44.788;0.485;00.485_44.788;33.0;33.0;Bergeracois;SUD-BERGERAC;MONBAZILLAC;2026-03-18;12.0;77.0;0.0;0.0;0.0;1.0;1.0;1.0;;;;4.0;3.0;2.0;3.0;3.0;3.0;2026-03-17 23:00:00+00:00
44.788;0.485;00.485_44.788;33.0;33.0;Bergeracois;SUD-BERGERAC;MONBAZILLAC;2026-03-19;12.0;78.0;0.0;0.0;0.0;1.0;1.0;1.0;;;;1.0;1.0;1.0;1.0;2.0;2.0;2026-03-18 23:00:00+00:00
44.788;0.485;00.485_44.788;33.0;33.0;Bergeracois;SUD-BERGERAC;MONBAZILLAC;2026-03-20;12.0;79.0;0.0;0.0;0.0;1.0;1.0;1.0;;;;1.0;2.0;2.0;3.0;2.0;1.0;2026-03-19 23:00:00+00:00
44.788;0.485;00.485_44.788;33.0;33.0;Bergeracois;SUD-BERGERAC;MONBAZILLAC;2026-03-21;12.0;80.0;0.0;0.0;0.0;1.0;1.0;1.0;;;;3.0;4.0;1.0;3.0;1.0;1.0;2026-03-20 23:00:00+00:00
44.788;0.485;00.485_44.788;33.0;33.0;Bergeracois;SUD-BERGERAC;MONBAZILLAC;2026-03-22;12.0;81.0;0.0;0.0;0.0;1.0;1.0;1.0;;;;2.0;2.0;1.0;2.0;2.0;1.0;2026-03-21 23:00:00+00:00
44.788;0.485;00.485_44.788;33.0;33.0;Bergeracois;SUD-BERGERAC;MONBAZILLAC;2026-03-23;13.0;82.0;0.0;0.0;0.0;1.0;1.0;1.0;;;;1.0;1.0;1.0;3.0;4.0;1.0;2026-03-22 23:00:00+00:00
44.788;0.485;00.485_44.788;33.0;33.0;Bergeracois;SUD-BERGERAC;MONBAZILLAC;2026-03-24;13.0;83.0;0.0;0.0;0.0;1.0;1.0;1.0;;;;2.0;3.0;1.0;2.0;1.0;2.0;2026-03-23 23:00:00+00:00
44.788;0.485;00.485_44.788;33.0;33.0;Bergeracois;SUD-BERGERAC;MONBAZILLAC;2026-03-25;13.0;84.0;0.4;0.4;0.4;1.0;1.0;1.0;;;;1.0;1.0;2.0;1.0;2.0;3.0;2026-03-24 23:00:00+00:00
44.788;0.485;00.485_44.788;33.0;33.0;Bergeracois;SUD-BERGERAC;MONBAZILLAC;2026-03-26;13.0;85.0;0.0;0.0;0.0;1.0;1.0;1.0;;;;1.0;2.0;2.0;2.0;1.0;3.0;2026-03-25 23:00:00+00:00
44.788;0.485;00.485_44.788;33.0;33.0;Bergeracois;SUD-BERGERAC;MONBAZILLAC;2026-03-27;13.0;86.0;0.0;0.0;0.0;1.0;1.0;1.0;;;;2.0;2.0;1.0;1.0;1.0;3.0;2026-03-26 23:00:00+00:00
44.788;0.485;00.485_44.788;33.0;33.0;Bergeracois;SUD-BERGERAC;MONBAZILLAC;2026-03-28;13.0;87.0;2.5;2.5;2.5;1.0;1.0;1.0;;;;1.0;4.0;2.0;1.0;1.0;3.0;2026-03-27 23:00:00+00:00
44.788;0.485;00.485_44.788;33.0;33.0;Bergeracois;SUD-BERGERAC;MONBAZILLAC;2026-03-29;13.0;88.0;0.0;0.0;0.0;1.0;1.0;1.0;;;;4.0;1.0;1.0;1.0;3.0;1.0;2026-03-28 23:00:00+00:00
44.788;0.485;00.485_44.788;33.0;33.0;Bergeracois;SUD-BERGERAC;MONBAZILLAC;2026-03-30;14.0;89.0;0.2;0.2;0.2;1.0;1.0;1.0;;;;1.0;3.0;1.0;1.0;2.0;1.0;2026-03-29 22:00:00+00:00
44.788;0.485;00.485_44.788;33.0;33.0;Bergeracois;SUD-BERGERAC;MONBAZILLAC;2026-03-31;14.0;90.0;0.1;0.1;0.1;1.0;1.0;1.0;2.0;2.0;2.0;2.0;1.0;2.0;3.0;1.0;2.0;2026-03-30 22:00:00+00:00
44.788;0.485;00.485_44.788;33.0;33.0;Bergeracois;SUD-BERGERAC;MONBAZILLAC;2026-04-01;14.0;91.0;0.1;0.1;0.1;1.0;1.0;1.0;2.0;2.0;2.0;4.0;1.0;3.0;1.0;1.0;1.0;2026-03-31 22:00:00+00:00
44.788;0.485;00.485_44.788;33.0;33.0;Bergeracois;SUD-BERGERAC;MONBAZILLAC;2026-04-02;14.0;92.0;0.0;0.0;0.0;1.0;1.0;1.0;2.0;2.0;2.0;2.0;2.0;1.0;3.0;2.0;1.0;2026-04-01 22:00:00+00:00
44.788;0.485;00.485_44.788;33.0;33.0;Bergeracois;SUD-BERGERAC;MONBAZILLAC;2026-04-03;14.0;93.0;0.1;0.1;0.1;1.0;1.0;1.0;2.0;2.0;2.0;3.0;1.0;2.0;1.0;2.0;2.0;2026-04-02 22:00:00+00:00
44.788;0.485;00.485_44.788;33.0;33.0;Bergeracois;SUD-BERGERAC;MONBAZILLAC;2026-04-04;14.0;94.0;0.0;0.0;0.0;1.0;1.0;1.0;2.0;2.0;2.0;1.0;1.0;3.0;1.0;1.0;1.0;2026-04-03 22:00:00+00:00
44.788;0.485;00.485_44.788;33.0;33.0;Bergeracois;SUD-BERGERAC;MONBAZILLAC;2026-04-05;14.0;95.0;0.0;0.0;0.0;1.0;1.0;1.0;2.0;2.0;2.0;1.0;1.0;1.0;1.0;3.0;3.0;2026-04-04 22:00:00+00:00
44.788;0.485;00.485_44.788;33.0;33.0;Bergeracois;SUD-BERGERAC;MONBAZILLAC;2026-04-06;15.0;96.0;0.0;0.0;0.0;1.0;1.0;1.0;2.0;2.0;2.0;1.0;1.0;1.0;1.0;1.0;1.0;2026-04-05 22:00:00+00:00
44.788;0.485;00.485_44.788;33.0;33.0;Bergeracois;SUD-BERGERAC;MONBAZILLAC;2026-04-07;15.0;97.0;0.0;0.0;0.0;1.0;1.0;1.0;2.0;2.0;2.0;3.0;2.0;1.0;2.0;2.0;1.0;2026-04-06 22:00:00+00:00
44.788;0.485;00.485_44.788;33.0;33.0;Bergeracois;SUD-BERGERAC;MONBAZILLAC;2026-04-08;15.0;98.0;0.0;0.0;0.0;1.0;1.0;1.0;2.0;2.0;2.0;2.0;1.0;1.0;2.0;2.0;2.0;2026-04-07 22:00:00+00:00
44.788;0.485;00.485_44.788;33.0;33.0;Bergeracois;SUD-BERGERAC;MONBAZILLAC;2026-04-09;15.0;99.0;0.0;0.0;0.0;1.0;1.0;1.0;2.0;2.0;2.0;2.0;1.0;1.0;2.0;1.0;1.0;2026-04-08 22:00:00+00:00
44.788;0.485;00.485_44.788;33.0;33.0;Bergeracois;SUD-BERGERAC;MONBAZILLAC;2026-04-10;15.0;100.0;0.0;0.0;0.0;1.0;1.0;1.0;2.0;2.0;2.0;1.0;1.0;1.0;2.0;1.0;2.0;2026-04-09 22:00:00+00:00
44.788;0.485;00.485_44.788;33.0;33.0;Bergeracois;SUD-BERGERAC;MONBAZILLAC;2026-04-11;15.0;101.0;9.3;9.3;9.3;1.0;1.0;1.0;2.0;2.0;2.0;1.0;2.0;1.0;1.0;4.0;1.0;2026-04-10 22:00:00+00:00
44.788;0.485;00.485_44.788;33.0;33.0;Bergeracois;SUD-BERGERAC;MONBAZILLAC;2026-04-12;15.0;102.0;0.3;0.3;0.3;1.0;1.0;1.0;;2.0;;1.0;1.0;1.0;2.0;2.0;1.0;2026-04-11 22:00:00+00:00
44.788;0.485;00.485_44.788;33.0;33.0;Bergeracois;SUD-BERGERAC;MONBAZILLAC;2026-04-13;16.0;103.0;1.4;1.4;1.4;1.0;1.0;1.0;;2.0;;2.0;1.0;2.0;3.0;2.0;1.0;2026-04-12 22:00:00+00:00
44.788;0.485;00.485_44.788;33.0;33.0;Bergeracois;SUD-BERGERAC;MONBAZILLAC;2026-04-14;16.0;104.0;0.0;0.0;0.0;1.0;1.0;1.0;;2.0;;1.0;2.0;2.0;1.0;1.0;1.0;2026-04-13 22:00:00+00:00
44.788;0.485;00.485_44.788;33.0;33.0;Bergeracois;SUD-BERGERAC;MONBAZILLAC;2026-04-15;16.0;105.0;0.0;0.0;0.0;1.0;1.0;1.0;;2.0;;3.0;2.0;1.0;1.0;1.0;2.0;2026-04-14 22:00:00+00:00
44.788;0.485;00.485_44.788;33.0;33.0;Bergeracois;SUD-BERGERAC;MONBAZILLAC;2026-04-16;16.0;106.0;0.0;0.0;0.0;1.0;1.0;1.0;;2.0;;1.0;1.0;1.0;2.0;2.0;1.0;2026-04-15 22:00:00+00:00
44.788;0.485;00.485_44.788;33.0;33.0;Bergeracois;SUD-BERGERAC;MONBAZILLAC;2026-04-17;16.0;107.0;0.0;0.0;0.0;1.0;1.0;1.0;;2.0;;2.0;1.0;1.0;1.0;1.0;2.0;2026-04-16 22:00:00+00:00
44.788;0.485;00.485_44.788;33.0;33.0;Bergeracois;SUD-BERGERAC;MONBAZILLAC;2026-04-18;16.0;108.0;0.0;0.0;0.0;1.0;1.0;1.0;;2.0;;1.0;1.0;2.0;2.0;2.0;1.0;2026-04-17 22:00:00+00:00
44.788;0.485;00.485_44.788;33.0;33.0;Bergeracois;SUD-BERGERAC;MONBAZILLAC;2026-04-19;16.0;109.0;0.0;0.0;0.0;1.0;1.0;1.0;;2.0;;2.0;3.0;1.0;2.0;4.0;2.0;2026-04-18 22:00:00+00:00
44.788;0.485;00.485_44.788;33.0;33.0;Bergeracois;SUD-BERGERAC;MONBAZILLAC;2026-04-20;17.0;110.0;0.0;0.0;0.0;1.0;1.0;1.0;;2.0;;1.0;1.0;1.0;1.0;4.0;3.0;2026-04-19 22:00:00+00:00
44.788;0.485;00.485_44.788;33.0;33.0;Bergeracois;SUD-BERGERAC;MONBAZILLAC;2026-04-21;17.0;111.0;0.3;0.3;0.3;1.0;1.0;1.0;;2.0;;3.0;1.0;2.0;3.0;1.0;1.0;2026-04-20 22:00:00+00:00
44.788;0.485;00.485_44.788;33.0;33.0;Bergeracois;SUD-BERGERAC;MONBAZILLAC;2026-04-22;17.0;112.0;0.1;0.1;0.1;1.0;1.0;1.0;;2.0;;1.0;2.0;4.0;1.0;1.0;1.0;2026-04-21 22:00:00+00:00
44.788;0.485;00.485_44.788;33.0;33.0;Bergeracois;SUD-BERGERAC;MONBAZILLAC;2026-04-23;17.0;113.0;0.0;0.0;0.0;1.0;1.0;1.0;;2.0;;1.0;2.0;3.0;1.0;1.0;1.0;2026-04-22 22:00:00+00:00
44.788;0.485;00.485_44.788;33.0;33.0;Bergeracois;SUD-BERGERAC;MONBAZILLAC;2026-04-24;17.0;114.0;0.0;0.0;0.0;1.0;1.0;1.0;;2.0;;1.0;3.0;3.0;1.0;1.0;3.0;2026-04-23 22:00:00+00:00
44.788;0.485;00.485_44.788;33.0;33.0;Bergeracois;SUD-BERGERAC;MONBAZILLAC;2026-04-25;17.0;115.0;0.0;0.0;0.0;1.0;1.0;1.0;;2.0;;1.0;1.0;1.0;1.0;1.0;1.0;2026-04-24 22:00:00+00:00
44.788;0.485;00.485_44.788;33.0;33.0;Bergeracois;SUD-BERGERAC;MONBAZILLAC;2026-04-26;17.0;116.0;0.0;0.0;0.0;1.0;1.0;1.0;;2.0;;3.0;3.0;1.0;2.0;2.0;2.0;2026-04-25 22:00:00+00:00
44.788;0.485;00.485_44.788;33.0;33.0;Bergeracois;SUD-BERGERAC;MONBAZILLAC;2026-04-27;18.0;117.0;0.0;0.0;0.0;1.0;1.0;1.0;;2.0;;3.0;2.0;2.0;2.0;1.0;1.0;2026-04-26 22:00:00+00:00
44.788;0.485;00.485_44.788;33.0;33.0;Bergeracois;SUD-BERGERAC;MONBAZILLAC;2026-04-28;18.0;118.0;2.8;2.8;2.8;1.0;1.0;1.0;;2.0;;1.0;1.0;1.0;3.0;1.0;1.0;2026-04-27 22:00:00+00:00
44.788;0.485;00.485_44.788;33.0;33.0;Bergeracois;SUD-BERGERAC;MONBAZILLAC;2026-04-29;18.0;119.0;0.5;0.5;0.5;1.0;1.0;1.0;;2.0;;3.0;1.0;2.0;2.0;1.0;1.0;2026-04-28 22:00:00+00:00
44.788;0.485;00.485_44.788;33.0;33.0;Bergeracois;SUD-BERGERAC;MONBAZILLAC;2026-04-30;18.0;120.0;7.899999999999999;7.899999999999999;7.899999999999999;1.0;1.0;1.0;;2.0;;2.0;1.0;1.0;2.0;3.0;2.0;2026-04-29 22:00:00+00:00
44.788;0.485;00.485_44.788;33.0;33.0;Bergeracois;SUD-BERGERAC;MONBAZILLAC;2026-05-01;18.0;121.0;0.9;0.9;0.9;2.0;2.0;2.0;;2.0;;1.0;1.0;1.0;1.0;1.0;2.0;2026-04-30 22:00:00+00:00
44.788;0.485;00.485_44.788;33.0;33.0;Bergeracois;SUD-BERGERAC;MONBAZILLAC;2026-05-02;18.0;122.0;6.2;6.2;6.2;1.0;1.0;1.0;;2.0;;2.0;1.0;3.0;1.0;1.0;3.0;2026-05-01 22:00:00+00:00
44.788;0.485;00.485_44.788;33.0;33.0;Bergeracois;SUD-BERGERAC;MONBAZILLAC;2026-05-03;18.0;123.0;10.4;10.4;10.4;1.0;1.0;1.0;;2.0;;2.0;1.0;3.0;1.0;1.0;1.0;2026-05-02 22:00:00+00:00
44.788;0.485;00.485_44.788;33.0;33.0;Bergeracois;SUD-BERGERAC;MONBAZILLAC;2026-05-04;19.0;124.0;8.9;8.9;8.9;1.0;1.0;1.0;;2.0;;2.0;1.0;3.0;2.0;1.0;4.0;2026-05-03 22:00:00+00:00
44.788;0.485;00.485_44.788;33.0;33.0;Bergeracois;SUD-BERGERAC;MONBAZILLAC;2026-05-05;19.0;125.0;2.9;2.9;2.9;1.0;1.0;1.0;;2.0;;1.0;2.0;1.0;2.0;2.0;2.0;2026-05-04 22:00:00+00:00
44.788;0.485;00.485_44.788;33.0;33.0;Bergeracois;SUD-BERGERAC;MONBAZILLAC;2026-05-06;19.0;126.0;4.6;4.6;4.6;1.0;1.0;1.0;;2.0;;1.0;1.0;1.0;3.0;3.0;2.0;2026-05-05 22:00:00+00:00
44.788;0.485;00.485_44.788;33.0;33.0;Bergeracois;SUD-BERGERAC;MONBAZILLAC;2026-05-07;19.0;127.0;0.0;0.0;0.0;1.0;1.0;1.0;;2.0;;2.0;1.0;1.0;1.0;2.0;1.0;2026-05-06 22:00:00+00:00
44.788;0.485;00.485_44.788;33.0;33.0;Bergeracois;SUD-BERGERAC;MONBAZILLAC;2026-05-08;19.0;128.0;0.0;0.0;0.0;1.0;1.0;1.0;;2.0;;2.0;2.0;1.0;2.0;1.0;2.0;2026-05-07 22:00:00+00:00
44.788;0.485;00.485_44.788;33.0;33.0;Bergeracois;SUD-BERGERAC;MONBAZILLAC;2026-05-09;19.0;129.0;0.0;0.0;0.0;1.0;1.0;1.0;;2.0;;1.0;1.0;2.0;2.0;1.0;1.0;2026-05-08 22:00:00+00:00
44.788;0.485;00.485_44.788;33.0;33.0;Bergeracois;SUD-BERGERAC;MONBAZILLAC;2026-05-10;19.0;130.0;0.9;0.9;0.9;1.0;1.0;1.0;;2.0;;3.0;1.0;1.0;1.0;1.0;1.0;2026-05-09 22:00:00+00:00
44.788;0.485;00.485_44.788;33.0;33.0;Bergeracois;SUD-BERGERAC;MONBAZILLAC;2026-05-11;20.0;131.0;0.0;0.0;0.0;1.0;1.0;1.0;;2.0;;1.0;4.0;3.0;1.0;3.0;1.0;2026-05-10 22:00:00+00:00
44.788;0.485;00.485_44.788;33.0;33.0;Bergeracois;SUD-BERGERAC;MONBAZILLAC;2026-05-12;20.0;132.0;0.0;0.0;0.0;1.0;1.0;1.0;;2.0;;2.0;2.0;1.0;2.0;1.0;1.0;2026-05-11 22:00:00+00:00
44.788;0.485;00.485_44.788;33.0;33.0;Bergeracois;SUD-BERGERAC;MONBAZILLAC;2026-05-13;20.0;133.0;0.0;0.0;0.0;1.0;1.0;1.0;;2.0;;1.0;1.0;3.0;3.0;2.0;1.0;2026-05-12 22:00:00+00:00
44.788;0.485;00.485_44.788;33.0;33.0;Bergeracois;SUD-BERGERAC;MONBAZILLAC;2026-05-14;20.0;134.0;13.3;13.3;13.3;1.0;1.0;1.0;;2.0;;1.0;2.0;1.0;2.0;3.0;2.0;2026-05-13 22:00:00+00:00
44.788;0.485;00.485_44.788;33.0;33.0;Bergeracois;SUD-BERGERAC;MONBAZILLAC;2026-05-15;20.0;135.0;0.5;0.5;0.5;1.0;1.0;1.0;;2.0;;1.0;1.0;4.0;1.0;1.0;1.0;2026-05-14 22:00:00+00:00
44.788;0.485;00.485_44.788;33.0;33.0;Bergeracois;SUD-BERGERAC;MONBAZILLAC;2026-05-16;20.0;136.0;0.3;0.3;0.3;1.0;1.0;1.0;;2.0;;3.0;2.0;1.0;4.0;2.0;4.0;2026-05-15 22:00:00+00:00
44.788;0.485;00.485_44.788;33.0;33.0;Bergeracois;SUD-BERGERAC;MONBAZILLAC;2026-05-17;20.0;137.0;0.4;0.4;0.4;1.0;1.0;1.0;;2.0;;2.0;1.0;3.0;2.0;2.0;3.0;2026-05-16 22:00:00+00:00
44.788;0.485;00.485_44.788;33.0;33.0;Bergeracois;SUD-BERGERAC;MONBAZILLAC;2026-05-18;21.0;138.0;0.1;0.1;0.1;1.0;1.0;1.0;;2.0;;1.0;2.0;1.0;1.0;3.0;1.0;2026-05-17 22:00:00+00:00
44.788;0.485;00.485_44.788;33.0;33.0;Bergeracois;SUD-BERGERAC;MONBAZILLAC;2026-05-19;21.0;139.0;0.0;0.0;0.0;1.0;1.0;1.0;;2.0;;1.0;1.0;4.0;1.0;2.0;4.0;2026-05-18 22:00:00+00:00
44.788;0.485;00.485_44.788;33.0;33.0;Bergeracois;SUD-BERGERAC;MONBAZILLAC;2026-05-20;21.0;140.0;0.2;0.2;0.2;1.0;1.0;1.0;;2.0;;1.0;3.0;1.0;2.0;1.0;3.0;2026-05-19 22:00:00+00:00
44.788;0.485;00.485_44.788;33.0;33.0;Bergeracois;SUD-BERGERAC;MONBAZILLAC;2026-05-21;21.0;141.0;0.0;0.0;0.0;1.0;1.0;1.0;;2.0;;1.0;1.0;3.0;1.0;4.0;1.0;2026-05-20 22:00:00+00:00
44.788;0.485;00.485_44.788;33.0;33.0;Bergeracois;SUD-BERGERAC;MONBAZILLAC;2026-05-22;21.0;142.0;0.0;0.0;0.0;1.0;1.0;1.0;;2.0;;1.0;1.0;2.0;2.0;2.0;2.0;2026-05-21 22:00:00+00:00
44.788;0.485;00.485_44.788;33.0;33.0;Bergeracois;SUD-BERGERAC;MONBAZILLAC;2026-05-23;21.0;143.0;0.0;0.0;0.0;1.0;1.0;1.0;;2.0;;1.0;1.0;4.0;1.0;1.0;1.0;2026-05-22 22:00:00+00:00
44.788;0.485;00.485_44.788;33.0;33.0;Bergeracois;SUD-BERGERAC;MONBAZILLAC;2026-05-24;21.0;144.0;0.0;0.0;0.0;1.0;1.0;1.0;;2.0;;1.0;1.0;1.0;4.0;1.0;1.0;2026-05-23 22:00:00+00:00
44.788;0.485;00.485_44.788;33.0;33.0;Bergeracois;SUD-BERGERAC;MONBAZILLAC;2026-05-25;22.0;145.0;0.0;0.0;0.0;1.0;1.0;1.0;;2.0;;1.0;1.0;3.0;2.0;1.0;2.0;2026-05-24 22:00:00+00:00
44.788;0.485;00.485_44.788;33.0;33.0;Bergeracois;SUD-BERGERAC;MONBAZILLAC;2026-05-26;22.0;146.0;0.0;0.0;0.0;1.0;1.0;1.0;;2.0;;2.0;1.0;2.0;1.0;2.0;3.0;2026-05-25 22:00:00+00:00
44.788;0.485;00.485_44.788;33.0;33.0;Bergeracois;SUD-BERGERAC;MONBAZILLAC;2026-05-27;22.0;147.0;0.0;0.0;0.0;1.0;1.0;1.0;;2.0;;1.0;2.0;1.0;1.0;1.0;2.0;2026-05-26 22:00:00+00:00
44.788;0.485;00.485_44.788;33.0;33.0;Bergeracois;SUD-BERGERAC;MONBAZILLAC;2026-05-28;22.0;148.0;0.0;0.0;0.0;1.0;1.0;1.0;;2.0;;1.0;1.0;1.0;1.0;3.0;4.0;2026-05-27 22:00:00+00:00
44.788;0.485;00.485_44.788;33.0;33.0;Bergeracois;SUD-BERGERAC;MONBAZILLAC;2026-05-29;22.0;149.0;0.0;0.0;0.0;1.0;1.0;1.0;;2.0;;1.0;3.0;2.0;1.0;4.0;1.0;2026-05-28 22:00:00+00:00
44.788;0.485;00.485_44.788;33.0;33.0;Bergeracois;SUD-BERGERAC;MONBAZILLAC;2026-05-30;22.0;150.0;0.0;0.0;0.0;1.0;1.0;1.0;;2.0;;1.0;2.0;4.0;1.0;1.0;1.0;2026-05-29 22:00:00+00:00
44.788;0.485;00.485_44.788;33.0;33.0;Bergeracois;SUD-BERGERAC;MONBAZILLAC;2026-05-31;22.0;151.0;0.0;0.0;0.0;1.0;1.0;1.0;2.0;2.0;2.0;1.0;1.0;2.0;1.0;2.0;1.0;2026-05-30 22:00:00+00:00
44.788;0.485;00.485_44.788;33.0;33.0;Bergeracois;SUD-BERGERAC;MONBAZILLAC;2026-06-01;23.0;152.0;0.0;0.0;0.0;1.0;1.0;1.0;2.0;2.0;2.0;1.0;2.0;2.0;1.0;2.0;1.0;2026-05-31 22:00:00+00:00
44.788;0.485;00.485_44.788;33.0;33.0;Bergeracois;SUD-BERGERAC;MONBAZILLAC;2026-06-02;23.0;153.0;2.5;2.5;2.5;1.0;1.0;1.0;2.0;2.0;2.0;1.0;1.0;2.0;2.0;1.0;3.0;2026-06-01 22:00:00+00:00
44.788;0.485;00.485_44.788;33.0;33.0;Bergeracois;SUD-BERGERAC;MONBAZILLAC;2026-06-03;23.0;154.0;0.2;0.2;0.2;1.0;1.0;1.0;2.0;2.0;2.0;4.0;1.0;1.0;4.0;2.0;3.0;2026-06-02 22:00:00+00:00
44.788;0.485;00.485_44.788;33.0;33.0;Bergeracois;SUD-BERGERAC;MONBAZILLAC;2026-06-04;23.0;155.0;8.8;8.8;8.8;1.0;1.0;1.0;2.0;2.0;2.0;2.0;1.0;1.0;1.0;3.0;3.0;2026-06-03 22:00:00+00:00
44.788;0.485;00.485_44.788;33.0;33.0;Bergeracois;SUD-BERGERAC;MONBAZILLAC;2026-06-05;23.0;156.0;1.2;1.2;1.2;1.0;1.0;1.0;2.0;2.0;2.0;2.0;2.0;2.0;2.0;3.0;1.0;2026-06-04 22:00:00+00:00
44.788;0.485;00.485_44.788;33.0;33.0;Bergeracois;SUD-BERGERAC;MONBAZILLAC;2026-06-06;23.0;157.0;0.4;0.4;0.4;1.0;1.0;1.0;2.0;2.0;2.0;1.0;1.0;2.0;3.0;3.0;1.0;2026-06-05 22:00:00+00:00
44.788;0.485;00.485_44.788;33.0;33.0;Bergeracois;SUD-BERGERAC;MONBAZILLAC;2026-06-07;23.0;158.0;0.0;0.0;0.0;1.0;1.0;1.0;2.0;2.0;2.0;1.0;2.0;3.0;3.0;1.0;1.0;2026-06-06 22:00:00+00:00
44.788;0.485;00.485_44.788;33.0;33.0;Bergeracois;SUD-BERGERAC;MONBAZILLAC;2026-06-08;24.0;159.0;0.1;0.1;0.1;1.0;1.0;1.0;2.0;2.0;2.0;2.0;3.0;2.0;1.0;1.0;3.0;2026-06-07 22:00:00+00:00
44.788;0.485;00.485_44.788;33.0;33.0;Bergeracois;SUD-BERGERAC;MONBAZILLAC;2026-06-09;24.0;160.0;0.4;0.4;0.4;1.0;1.0;1.0;2.0;2.0;2.0;1.0;2.0;2.0;1.0;2.0;1.0;2026-06-08 22:00:00+00:00
44.788;0.485;00.485_44.788;33.0;33.0;Bergeracois;SUD-BERGERAC;MONBAZILLAC;2026-06-10;24.0;161.0;0.2;0.2;0.2;1.0;1.0;1.0;2.0;2.0;2.0;3.0;2.0;2.0;2.0;2.0;1.0;2026-06-09 22:00:00+00:00
44.788;0.485;00.485_44.788;33.0;33.0;Bergeracois;SUD-BERGERAC;MONBAZILLAC;2026-06-11;24.0;162.0;0.0;0.0;0.0;1.0;1.0;1.0;2.0;2.0;2.0;3.0;1.0;1.0;1.0;2.0;3.0;2026-06-10 22:00:00+00:00
44.788;0.485;00.485_44.788;33.0;33.0;Bergeracois;SUD-BERGERAC;MONBAZILLAC;2026-06-12;24.0;163.0;0.0;0.0;0.0;1.0;1.0;1.0;2.0;2.0;2.0;1.0;4.0;1.0;2.0;1.0;3.0;2026-06-11 22:00:00+00:00
44.788;0.485;00.485_44.788;33.0;33.0;Bergeracois;SUD-BERGERAC;MONBAZILLAC;2026-06-13;24.0;164.0;0.0;0.0;0.0;1.0;1.0;1.0;2.0;2.0;2.0;3.0;4.0;1.0;2.0;2.0;4.0;2026-06-12 22:00:00+00:00
44.788;0.485;00.485_44.788;33.0;33.0;Bergeracois;SUD-BERGERAC;MONBAZILLAC;2026-06-14;24.0;165.0;0.0;0.0;0.0;1.0;1.0;1.0;2.0;2.0;2.0;4.0;1.0;2.0;1.0;1.0;2.0;2026-06-13 22:00:00+00:00
44.788;0.485;00.485_44.788;33.0;33.0;Bergeracois;SUD-BERGERAC;MONBAZILLAC;2026-06-15;25.0;166.0;0.0;0.0;0.0;1.0;1.0;1.0;2.0;2.0;2.0;1.0;2.0;1.0;1.0;2.0;1.0;2026-06-14 22:00:00+00:00
44.788;0.485;00.485_44.788;33.0;33.0;Bergeracois;SUD-BERGERAC;MONBAZILLAC;2026-06-16;25.0;167.0;0.0;0.0;0.0;1.0;1.0;1.0;2.0;2.0;2.0;3.0;1.0;1.0;3.0;2.0;1.0;2026-06-15 22:00:00+00:00
44.788;0.485;00.485_44.788;33.0;33.0;Bergeracois;SUD-BERGERAC;MONBAZILLAC;2026-06-17;25.0;168.0;0.0;0.0;0.0;1.0;1.0;1.0;2.0;2.0;2.0;1.0;2.0;1.0;2.0;2.0;2.0;2026-06-16 22:00:00+00:00
44.788;0.485;00.485_44.788;33.0;33.0;Bergeracois;SUD-BERGERAC;MONBAZILLAC;2026-06-18;25.0;169.0;0.0;0.0;0.0;1.0;1.0;1.0;2.0;2.0;2.0;2.0;2.0;1.0;4.0;3.0;1.0;2026-06-17 22:00:00+00:00
44.788;0.485;00.485_44.788;33.0;33.0;Bergeracois;SUD-BERGERAC;MONBAZILLAC;2026-06-19;25.0;170.0;0.0;0.0;0.0;1.0;1.0;1.0;2.0;2.0;2.0;3.0;1.0;3.0;1.0;2.0;1.0;2026-06-18 22:00:00+00:00
44.788;0.485;00.485_44.788;33.0;33.0;Bergeracois;SUD-BERGERAC;MONBAZILLAC;2026-06-20;25.0;171.0;0.1;0.1;0.1;1.0;1.0;1.0;2.0;2.0;2.0;1.0;1.0;1.0;2.0;2.0;4.0;2026-06-19 22:00:00+00:00
44.788;0.485;00.485_44.788;33.0;33.0;Bergeracois;SUD-BERGERAC;MONBAZILLAC;2026-06-21;25.0;172.0;0.0;0.0;0.0;1.0;1.0;1.0;1.0;1.0;1.0;3.0;1.0;4.0;1.0;4.0;1.0;2026-06-20 22:00:00+00:00
44.788;0.485;00.485_44.788;33.0;33.0;Bergeracois;SUD-BERGERAC;MONBAZILLAC;2026-06-22;26.0;173.0;0.0;0.0;0.0;1.0;1.0;1.0;1.0;1.0;1.0;1.0;1.0;1.0;4.0;2.0;1.0;2026-06-21 22:00:00+00:00
44.788;0.485;00.485_44.788;33.0;33.0;Bergeracois;SUD-BERGERAC;MONBAZILLAC;2026-06-23;26.0;174.0;0.0;0.0;0.0;1.0;1.0;1.0;1.0;1.0;1.0;2.0;1.0;3.0;1.0;1.0;1.0;2026-06-22 22:00:00+00:00
44.788;0.485;00.485_44.788;33.0;33.0;Bergeracois;SUD-BERGERAC;MONBAZILLAC;2026-06-24;26.0;175.0;0.0;0.0;0.0;1.0;1.0;1.0;1.0;1.0;1.0;2.0;2.0;2.0;3.0;3.0;3.0;2026-06-23 22:00:00+00:00
44.788;0.485;00.485_44.788;33.0;33.0;Bergeracois;SUD-BERGERAC;MONBAZILLAC;2026-06-25;26.0;176.0;0.0;0.0;0.0;1.0;1.0;1.0;1.0;1.0;1.0;1.0;1.0;2.0;3.0;1.0;2.0;2026-06-24 22:00:00+00:00
44.788;0.485;00.485_44.788;33.0;33.0;Bergeracois;SUD-BERGERAC;MONBAZILLAC;2026-06-26;26.0;177.0;0.0;0.0;0.0;1.0;1.0;1.0;1.0;1.0;1.0;1.0;1.0;2.0;1.0;1.0;1.0;2026-06-25 22:00:00+00:00
44.788;0.485;00.485_44.788;33.0;33.0;Bergeracois;SUD-BERGERAC;MONBAZILLAC;2026-06-27;26.0;178.0;2.1;2.1;2.1;1.0;1.0;1.0;1.0;1.0;1.0;1.0;1.0;2.0;1.0;1.0;1.0;2026-06-26 22:00:00+00:00
44.788;0.485;00.485_44.788;33.0;33.0;Bergeracois;SUD-BERGERAC;MONBAZILLAC;2026-06-28;26.0;179.0;9.4;9.4;9.4;1.0;1.0;1.0;1.0;1.0;1.0;1.0;3.0;2.0;3.0;1.0;3.0;2026-06-27 22:00:00+00:00
44.788;0.485;00.485_44.788;33.0;33.0;Bergeracois;SUD-BERGERAC;MONBAZILLAC;2026-06-29;27.0;180.0;0.3;0.3;0.3;1.0;1.0;1.0;1.0;1.0;1.0;2.0;3.0;1.0;3.0;2.0;1.0;2026-06-28 22:00:00+00:00
44.788;0.485;00.485_44.788;33.0;33.0;Bergeracois;SUD-BERGERAC;MONBAZILLAC;2026-06-30;27.0;181.0;0.0;0.0;0.0;1.0;1.0;1.0;1.0;1.0;1.0;4.0;1.0;3.0;1.0;1.0;1.0;2026-06-29 22:00:00+00:00
44.788;0.485;00.485_44.788;33.0;33.0;Bergeracois;SUD-BERGERAC;MONBAZILLAC;2026-07-01;27.0;182.0;0.0;0.0;0.0;1.0;1.0;1.0;1.0;1.0;1.0;1.0;1.0;2.0;2.0;2.0;2.0;2026-06-30 22:00:00+00:00
44.788;0.485;00.485_44.788;33.0;33.0;Bergeracois;SUD-BERGERAC;MONBAZILLAC;2026-07-02;27.0;183.0;0.0;0.0;0.0;1.0;1.0;1.0;1.0;1.0;1.0;3.0;4.0;2.0;1.0;1.0;1.0;2026-07-01 22:00:00+00:00
44.788;0.485;00.485_44.788;33.0;33.0;Bergeracois;SUD-BERGERAC;MONBAZILLAC;2026-07-03;27.0;184.0;0.0;0.0;0.0;1.0;1.0;1.0;1.0;1.0;1.0;3.0;2.0;2.0;2.0;1.0;2.0;2026-07-02 22:00:00+00:00
44.788;0.485;00.485_44.788;33.0;33.0;Bergeracois;SUD-BERGERAC;MONBAZILLAC;2026-07-04;27.0;185.0;0.0;0.0;0.0;1.0;1.0;1.0;1.0;1.0;1.0;1.0;2.0;3.0;2.0;3.0;4.0;2026-07-03 22:00:00+00:00
44.788;0.485;00.485_44.788;33.0;33.0;Bergeracois;SUD-BERGERAC;MONBAZILLAC;2026-07-05;27.0;186.0;0.0;0.0;0.0;1.0;1.0;1.0;1.0;1.0;1.0;1.0;1.0;3.0;1.0;4.0;1.0;2026-07-04 22:00:00+00:00
44.788;0.485;00.485_44.788;33.0;33.0;Bergeracois;SUD-BERGERAC;MONBAZILLAC;2026-07-06;28.0;187.0;0.0;0.0;0.0;1.0;1.0;1.0;1.0;1.0;1.0;2.0;1.0;1.0;1.0;2.0;1.0;2026-07-05 22:00:00+00:00
44.788;0.485;00.485_44.788;33.0;33.0;Bergeracois;SUD-BERGERAC;MONBAZILLAC;2026-07-07;28.0;188.0;0.0;0.0;0.0;1.0;1.0;1.0;1.0;1.0;1.0;2.0;1.0;2.0;1.0;2.0;1.0;2026-07-06 22:00:00+00:00
44.788;0.485;00.485_44.788;33.0;33.0;Bergeracois;SUD-BERGERAC;MONBAZILLAC;2026-07-08;28.0;189.0;0.0;0.0;0.0;1.0;1.0;1.0;1.0;1.0;1.0;1.0;4.0;2.0;1.0;2.0;2.0;2026-07-07 22:00:00+00:00
44.788;0.485;00.485_44.788;33.0;33.0;Bergeracois;SUD-BERGERAC;MONBAZILLAC;2026-07-09;28.0;190.0;0.0;0.0;0.0;1.0;1.0;1.0;1.0;1.0;1.0;1.0;1.0;3.0;2.0;2.0;2.0;2026-07-08 22:00:00+00:00
44.788;0.485;00.485_44.788;33.0;33.0;Bergeracois;SUD-BERGERAC;MONBAZILLAC;2026-07-10;28.0;191.0;17.8;17.8;17.8;1.0;1.0;1.0;1.0;1.0;1.0;1.0;1.0;1.0;3.0;3.0;3.0;2026-07-09 22:00:00+00:00
44.788;0.485;00.485_44.788;33.0;33.0;Bergeracois;SUD-BERGERAC;MONBAZILLAC;2026-07-11;28.0;192.0;0.0;0.0;0.0;1.0;1.0;1.0;1.0;1.0;1.0;2.0;1.0;3.0;1.0;2.0;1.0;2026-07-10 22:00:00+00:00
44.788;0.485;00.485_44.788;33.0;33.0;Bergeracois;SUD-BERGERAC;MONBAZILLAC;2026-07-12;28.0;193.0;0.0;0.0;0.0;1.0;1.0;1.0;1.0;1.0;1.0;1.0;1.0;3.0;1.0;2.0;1.0;2026-07-11 22:00:00+00:00
44.788;0.485;00.485_44.788;33.0;33.0;Bergeracois;SUD-BERGERAC;MONBAZILLAC;2026-07-13;29.0;194.0;0.0;0.0;0.0;1.0;1.0;1.0;1.0;1.0;1.0;1.0;1.0;1.0;2.0;2.0;1.0;2026-07-12 22:00:00+00:00
44.788;0.485;00.485_44.788;33.0;33.0;Bergeracois;SUD-BERGERAC;MONBAZILLAC;2026-07-14;29.0;195.0;0.0;0.0;0.0;1.0;1.0;1.0;1.0;1.0;1.0;1.0;3.0;1.0;4.0;2.0;2.0;2026-07-13 22:00:00+00:00
44.788;0.485;00.485_44.788;33.0;33.0;Bergeracois;SUD-BERGERAC;MONBAZILLAC;2026-07-15;29.0;196.0;2.6;2.6;2.6;1.0;1.0;1.0;1.0;1.0;1.0;1.0;2.0;1.0;2.0;3.0;1.0;2026-07-14 22:00:00+00:00
44.788;0.485;00.485_44.788;33.0;33.0;Bergeracois;SUD-BERGERAC;MONBAZILLAC;2026-07-16;29.0;197.0;3.2;3.2;3.2;1.0;1.0;1.0;1.0;1.0;1.0;2.0;2.0;1.0;1.0;1.0;1.0;2026-07-15 22:00:00+00:00
44.788;0.485;00.485_44.788;33.0;33.0;Bergeracois;SUD-BERGERAC;MONBAZILLAC;2026-07-17;29.0;198.0;0.2;0.2;0.2;1.0;1.0;1.0;1.0;1.0;1.0;2.0;3.0;1.0;1.0;4.0;1.0;2026-07-16 22:00:00+00:00
44.788;0.485;00.485_44.788;33.0;33.0;Bergeracois;SUD-BERGERAC;MONBAZILLAC;2026-07-18;29.0;199.0;0.0;0.0;0.0;1.0;1.0;1.0;1.0;1.0;1.0;1.0;1.0;1.0;3.0;3.0;1.0;2026-07-17 22:00:00+00:00
44.788;0.485;00.485_44.788;33.0;33.0;Bergeracois;SUD-BERGERAC;MONBAZILLAC;2026-07-19;29.0;200.0;0.0;0.0;0.0;1.0;1.0;1.0;1.0;1.0;1.0;1.0;4.0;1.0;1.0;3.0;2.0;2026-07-18 22:00:00+00:00
44.788;0.485;00.485_44.788;33.0;33.0;Bergeracois;SUD-BERGERAC;MONBAZILLAC;2026-07-20;30.0;201.0;0.0;0.0;0.0;1.0;1.0;1.0;1.0;1.0;1.0;1.0;1.0;1.0;4.0;3.0;2.0;2026-07-19 22:00:00+00:00
44.788;0.485;00.485_44.788;33.0;33.0;Bergeracois;SUD-BERGERAC;MONBAZILLAC;2026-07-21;30.0;202.0;0.0;0.0;0.0;1.0;1.0;1.0;1.0;1.0;1.0;1.0;4.0;1.0;1.0;1.0;1.0;2026-07-20 22:00:00+00:00
44.788;0.485;00.485_44.788;33.0;33.0;Bergeracois;SUD-BERGERAC;MONBAZILLAC;2026-07-22;30.0;203.0;0.0;0.0;0.0;1.0;1.0;1.0;1.0;1.0;1.0;1.0;2.0;1.0;2.0;4.0;3.0;2026-07-21 22:00:00+00:00
44.788;0.485;00.485_44.788;33.0;33.0;Bergeracois;SUD-BERGERAC;MONBAZILLAC;2026-07-23;30.0;204.0;0.0;0.0;0.0;1.0;1.0;1.0;1.0;1.0;1.0;3.0;2.0;2.0;1.0;3.0;2.0;2026-07-22 22:00:00+00:00
44.788;0.485;00.485_44.788;33.0;33.0;Bergeracois;SUD-BERGERAC;MONBAZILLAC;2026-07-24;30.0;205.0;0.0;0.0;0.0;1.0;1.0;1.0;1.0;1.0;1.0;1.0;2.0;2.0;2.0;3.0;1.0;2026-07-23 22:00:00+00:00
44.788;0.485;00.485_44.788;33.0;33.0;Bergeracois;SUD-BERGERAC;MONBAZILLAC;2026-07-25;30.0;206.0;0.4;0.4;0.4;1.0;1.0;1.0;1.0;1.0;1.0;1.0;2.0;1.0;1.0;2.0;1.0;2026-07-24 22:00:00+00:00
44.788;0.485;00.485_44.788;33.0;33.0;Bergeracois;SUD-BERGERAC;MONBAZILLAC;2026-07-26;30.0;207.0;0.0;0.0;0.0;1.0;1.0;1.0;1.0;1.0;1.0;1.0;1.0;1.0;4.0;3.0;2.0;2026-07-25 22:00:00+00:00
44.788;0.485;00.485_44.788;33.0;33.0;Bergeracois;SUD-BERGERAC;MONBAZILLAC;2026-07-27;31.0;208.0;0.8;0.8;0.8;1.0;1.0;1.0;1.0;1.0;1.0;1.0;2.0;2.0;1.0;1.0;2.0;2026-07-26 22:00:00+00:00
44.788;0.485;00.485_44.788;33.0;33.0;Bergeracois;SUD-BERGERAC;MONBAZILLAC;2026-07-28;31.0;209.0;0.0;0.0;0.0;1.0;1.0;1.0;1.0;1.0;1.0;1.0;2.0;1.0;1.0;3.0;2.0;2026-07-27 22:00:00+00:00
44.788;0.485;00.485_44.788;33.0;33.0;Bergeracois;SUD-BERGERAC;MONBAZILLAC;2026-07-29;31.0;210.0;0.0;0.0;0.0;1.0;1.0;1.0;1.0;1.0;1.0;3.0;1.0;3.0;1.0;3.0;3.0;2026-07-28 22:00:00+00:00
44.788;0.485;00.485_44.788;33.0;33.0;Bergeracois;SUD-BERGERAC;MONBAZILLAC;2026-07-30;31.0;211.0;0.0;0.0;0.0;1.0;1.0;1.0;1.0;1.0;1.0;1.0;2.0;2.0;4.0;2.0;1.0;2026-07-29 22:00:00+00:00
44.788;0.485;00.485_44.788;33.0;33.0;Bergeracois;SUD-BERGERAC;MONBAZILLAC;2026-07-31;31.0;212.0;1.0;1.0;1.0;1.0;1.0;1.0;1.0;1.0;1.0;2.0;1.0;2.0;1.0;1.0;1.0;2026-07-30 22:00:00+00:00
44.788;0.485;00.485_44.788;33.0;33.0;Bergeracois;SUD-BERGERAC;MONBAZILLAC;2026-08-01;31.0;213.0;0.0;0.0;0.0;1.0;1.0;1.0;1.0;1.0;1.0;3.0;1.0;3.0;2.0;1.0;2.0;2026-07-31 22:00:00+00:00
44.788;0.485;00.485_44.788;33.0;33.0;Bergeracois;SUD-BERGERAC;MONBAZILLAC;2026-08-02;31.0;214.0;0.0;0.0;0.0;1.0;1.0;1.0;1.0;1.0;1.0;1.0;3.0;3.0;3.0;3.0;1.0;2026-08-01 22:00:00+00:00
44.788;0.485;00.485_44.788;33.0;33.0;Bergeracois;SUD-BERGERAC;MONBAZILLAC;2026-08-03;32.0;215.0;0.9;0.9;0.9;1.0;1.0;1.0;1.0;1.0;1.0;2.0;2.0;1.0;1.0;1.0;3.0;2026-08-02 22:00:00+00:00
44.788;0.485;00.485_44.788;33.0;33.0;Bergeracois;SUD-BERGERAC;MONBAZILLAC;2026-08-04;32.0;216.0;0.0;0.0;0.0;1.0;1.0;1.0;1.0;1.0;1.0;4.0;1.0;1.0;1.0;3.0;1.0;2026-08-03 22:00:00+00:00
44.788;0.485;00.485_44.788;33.0;33.0;Bergeracois;SUD-BERGERAC;MONBAZILLAC;2026-08-05;32.0;217.0;0.0;0.0;0.0;1.0;1.0;1.0;1.0;1.0;1.0;3.0;2.0;3.0;1.0;2.0;1.0;2026-08-04 22:00:00+00:00
44.788;0.485;00.485_44.788;33.0;33.0;Bergeracois;SUD-BERGERAC;MONBAZILLAC;2026-08-06;32.0;218.0;0.0;0.0;0.0;1.0;1.0;1.0;1.0;1.0;1.0;1.0;1.0;1.0;2.0;2.0;2.0;2026-08-05 22:00:00+00:00
44.788;0.485;00.485_44.788;33.0;33.0;Bergeracois;SUD-BERGERAC;MONBAZILLAC;2026-08-07;32.0;219.0;0.0;0.0;0.0;1.0;1.0;1.0;1.0;1.0;1.0;1.0;2.0;2.0;3.0;1.0;1.0;2026-08-06 22:00:00+00:00
44.788;0.485;00.485_44.788;33.0;33.0;Bergeracois;SUD-BERGERAC;MONBAZILLAC;2026-08-08;32.0;220.0;0.0;0.0;0.0;1.0;1.0;1.0;1.0;1.0;1.0;2.0;2.0;1.0;1.0;1.0;2.0;2026-08-07 22:00:00+00:00
44.788;0.485;00.485_44.788;33.0;33.0;Bergeracois;SUD-BERGERAC;MONBAZILLAC;2026-08-09;32.0;221.0;18.3;18.3;18.3;1.0;1.0;1.0;1.0;1.0;1.0;1.0;1.0;1.0;1.0;3.0;2.0;2026-08-08 22:00:00+00:00
44.788;0.485;00.485_44.788;33.0;33.0;Bergeracois;SUD-BERGERAC;MONBAZILLAC;2026-08-10;33.0;222.0;0.7000000000000001;0.7000000000000001;0.7000000000000001;1.0;1.0;1.0;1.0;1.0;1.0;1.0;2.0;1.0;3.0;2.0;3.0;2026-08-09 22:00:00+00:00
44.788;0.485;00.485_44.788;33.0;33.0;Bergeracois;SUD-BERGERAC;MONBAZILLAC;2026-08-11;33.0;223.0;0.0;0.0;0.0;1.0;1.0;1.0;1.0;1.0;1.0;2.0;1.0;3.0;1.0;1.0;2.0;2026-08-10 22:00:00+00:00
44.788;0.485;00.485_44.788;33.0;33.0;Bergeracois;SUD-BERGERAC;MONBAZILLAC;2026-08-12;33.0;224.0;0.0;0.0;0.0;1.0;1.0;1.0;1.0;1.0;1.0;2.0;1.0;3.0;1.0;2.0;1.0;2026-08-11 22:00:00+00:00
44.788;0.485;00.485_44.788;33.0;33.0;Bergeracois;SUD-BERGERAC;MONBAZILLAC;2026-08-13;33.0;225.0;0.0;0.0;0.0;1.0;1.0;1.0;1.0;1.0;1.0;1.0;3.0;4.0;1.0;2.0;1.0;2026-08-12 22:00:00+00:00
44.788;0.485;00.485_44.788;33.0;33.0;Bergeracois;SUD-BERGERAC;MONBAZILLAC;2026-08-14;33.0;226.0;0.0;0.0;0.0;1.0;1.0;1.0;1.0;1.0;1.0;1.0;1.0;2.0;1.0;2.0;3.0;2026-08-13 22:00:00+00:00
44.788;0.485;00.485_44.788;33.0;33.0;Bergeracois;SUD-BERGERAC;MONBAZILLAC;2026-08-15;33.0;227.0;6.1;6.1;6.1;1.0;1.0;1.0;1.0;1.0;1.0;2.0;3.0;1.0;1.0;2.0;1.0;2026-08-14 22:00:00+00:00
44.788;0.485;00.485_44.788;33.0;33.0;Bergeracois;SUD-BERGERAC;MONBAZILLAC;2026-08-16;33.0;228.0;1.3;1.3;1.3;1.0;1.0;1.0;1.0;1.0;1.0;2.0;3.0;1.0;3.0;1.0;1.0;2026-08-15 22:00:00+00:00
44.788;0.485;00.485_44.788;33.0;33.0;Bergeracois;SUD-BERGERAC;MONBAZILLAC;2026-08-17;34.0;229.0;0.0;0.0;0.0;1.0;1.0;1.0;1.0;1.0;1.0;1.0;1.0;2.0;1.0;2.0;3.0;2026-08-16 22:00:00+00:00
44.788;0.485;00.485_44.788;33.0;33.0;Bergeracois;SUD-BERGERAC;MONBAZILLAC;2026-08-18;34.0;230.0;0.0;0.0;0.0;1.0;1.0;1.0;1.0;1.0;1.0;1.0;1.0;1.0;1.0;1.0;2.0;2026-08-17 22:00:00+00:00
44.788;0.485;00.485_44.788;33.0;33.0;Bergeracois;SUD-BERGERAC;MONBAZILLAC;2026-08-19;34.0;231.0;0.0;0.0;0.0;1.0;1.0;1.0;1.0;1.0;1.0;1.0;2.0;4.0;3.0;1.0;2.0;2026-08-18 22:00:00+00:00
44.788;0.485;00.485_44.788;33.0;33.0;Bergeracois;SUD-BERGERAC;MONBAZILLAC;2026-08-20;34.0;232.0;0.1;0.1;0.1;1.0;1.0;1.0;1.0;1.0;1.0;3.0;1.0;1.0;2.0;1.0;3.0;2026-08-19 22:00:00+00:00
44.788;0.485;00.485_44.788;33.0;33.0;Bergeracois;SUD-BERGERAC;MONBAZILLAC;2026-08-21;34.0;233.0;9.6;9.6;9.6;1.0;1.0;1.0;1.0;1.0;1.0;2.0;2.0;3.0;2.0;1.0;2.0;2026-08-20 22:00:00+00:00
44.788;0.485;00.485_44.788;33.0;33.0;Bergeracois;SUD-BERGERAC;MONBAZILLAC;2026-08-22;34.0;234.0;0.0;0.0;0.0;1.0;1.0;1.0;1.0;1.0;1.0;3.0;1.0;2.0;1.0;1.0;1.0;2026-08-21 22:00:00+00:00
44.788;0.485;00.485_44.788;33.0;33.0;Bergeracois;SUD-BERGERAC;MONBAZILLAC;2026-08-23;34.0;235.0;12.9;12.9;12.9;1.0;1.0;1.0;1.0;1.0;1.0;3.0;3.0;1.0;1.0;2.0;4.0;2026-08-22 22:00:00+00:00
44.788;0.485;00.485_44.788;33.0;33.0;Bergeracois;SUD-BERGERAC;MONBAZILLAC;2026-08-24;35.0;236.0;5.0;5.0;5.0;1.0;1.0;1.0;1.0;1.0;1.0;1.0;2.0;2.0;2.0;1.0;2.0;2026-08-23 22:00:00+00:00
44.788;0.485;00.485_44.788;33.0;33.0;Bergeracois;SUD-BERGERAC;MONBAZILLAC;2026-08-25;;;;;;;;;1.0;1.0;1.0;;;;;;;2026-08-24 22:00:00+00:00
44.788;0.485;00.485_44.788;33.0;33.0;Bergeracois;SUD-BERGERAC;MONBAZILLAC;2026-08-26;;;;;;;;;2.0;2.0;2.0;;;;;;;2026-08-25 22:00:00+00:00
44.788;0.485;00.485_44.788;33.0;33.0;Bergeracois;SUD-BERGERAC;MONBAZILLAC;2026-08-27;;;;;;;;;2.0;2.0;2.0;;;;;;;2026-08-26 22:00:00+00:00
44.788;0.485;00.485_44.788;33.0;33.0;Bergeracois;SUD-BERGERAC;MONBAZILLAC;2026-08-28;;;;;;;;;2.0;2.0;2.0;;;;;;;2026-08-27 22:00:00+00:00
44.788;0.485;00.485_44.788;33.0;33.0;Bergeracois;SUD-BERGERAC;MONBAZILLAC;2026-08-29;;;;;;;;;2.0;2.0;2.0;;;;;;;2026-08-28 22:00:00+00:00
44.788;0.485;00.485_44.788;33.0;33.0;Bergeracois;SUD-BERGERAC;MONBAZILLAC;2026-08-30;;;;;;;;;2.0;2.0;2.0;;;;;;;2026-08-29 22:00:00+00:00
44.788;0.485;00.485_44.788;33.0;33.0;Bergeracois;SUD-BERGERAC;MONBAZILLAC;2026-08-31;;;;;;;;;2.0;2.0;2.0;;;;;;;2026-08-30 22:00:00+00:00
44.788;0.485;00.485_44.788;33.0;33.0;Bergeracois;SUD-BERGERAC;MONBAZILLAC;2026-09-01;;;;;;;;;2.0;2.0;2.0;;;;;;;2026-08-31 22:00:00+00:00
44.788;0.485;00.485_44.788;33.0;33.0;Bergeracois;SUD-BERGERAC;MONBAZILLAC;2026-09-02;;;;;;;;;2.0;2.0;2.0;;;;;;;2026-09-01 22:00:00+00:00
44.788;0.485;00.485_44.788;33.0;33.0;Bergeracois;SUD-BERGERAC;MONBAZILLAC;2026-09-03;;;;;;;;;2.0;2.0;2.0;;;;;;;2026-09-02 22:00:00+00:00
44.788;0.485;00.485_44.788;33.0;33.0;Bergeracois;SUD-BERGERAC;MONBAZILLAC;2026-09-04;;;;;;;;;2.0;2.0;2.0;;;;;;;2026-09-03 22:00:00+00:00
44.788;0.485;00.485_44.788;33.0;33.0;Bergeracois;SUD-BERGERAC;MONBAZILLAC;2026-09-05;;;;;;;;;2.0;2.0;2.0;;;;;;;2026-09-04 22:00:00+00:00
44.788;0.485;00.485_44.788;33.0;33.0;Bergeracois;SUD-BERGERAC;MONBAZILLAC;2026-09-06;;;;;;;;;2.0;2.0;3.0;;;;;;;2026-09-05 22:00:00+00:00
44.788;0.485;00.485_44.788;33.0;33.0;Bergeracois;SUD-BERGERAC;MONBAZILLAC;2026-09-07;;;;;;;;;2.0;2.0;3.0;;;;;;;2026-09-06 22:00:00+00:00
44.872;0.509;00.509_44.872;33.0;33.0;Bergeracois;BAS-VAL-DORDOGNE;BERGERAC;2026-01-01;1.0;1.0;0.0;0.0;0.0;1.0;1.0;1.0;;;;1.0;3.0;2.0;1.0;2.0;1.0;2025-12-31 23:00:00+00:00
44.872;0.509;00.509_44.872;33.0;33.0;Bergeracois;BAS-VAL-DORDOGNE;BERGERAC;2026-01-02;1.0;2.0;0.0;0.0;0.0;1.0;1.0;1.0;;;;1.0;1.0;3.0;4.0;1.0;1.0;2026-01-01 23:00:00+00:00
44.872;0.509;00.509_44.872;33.0;33.0;Bergeracois;BAS-VAL-DORDOGNE;BERGERAC;2026-01-03;1.0;3.0;0.0;0.0;0.0;1.0;1.0;1.0;;;;2.0;2.0;1.0;2.0;3.0;1.0;2026-01-02 23:00:00+00:00
44.872;0.509;00.509_44.872;33.0;33.0;Bergeracois;BAS-VAL-DORDOGNE;BERGERAC;2026-01-04;1.0;4.0;0.0;0.0;0.0;1.0;1.0;1.0;;;;2.0;2.0;1.0;2.0;1.0;2.0;2026-01-03 23:00:00+00:00
44.872;0.509;00.509_44.872;33.0;33.0;Bergeracois;BAS-VAL-DORDOGNE;BERGERAC;2026-01-05;2.0;5.0;0.0;0.0;0.0;1.0;1.0;1.0;;;;1.0;3.0;1.0;2.0;1.0;3.0;2026-01-04 23:00:00+00:00
44.872;0.509;00.509_44.872;33.0;33.0;Bergeracois;BAS-VAL-DORDOGNE;BERGERAC;2026-01-06;2.0;6.0;0.1;0.1;0.1;1.0;1.0;1.0;;;;4.0;1.0;3.0;2.0;2.0;2.0;2026-01-05 23:00:00+00:00
44.872;0.509;00.509_44.872;33.0;33.0;Bergeracois;BAS-VAL-DORDOGNE;BERGERAC;2026-01-07;2.0;7.0;2.0;2.0;2.0;1.0;1.0;1.0;;;;1.0;2.0;1.0;1.0;3.0;3.0;2026-01-06 23:00:00+00:00
44.872;0.509;00.509_44.872;33.0;33.0;Bergeracois;BAS-VAL-DORDOGNE;BERGERAC;2026-01-08;2.0;8.0;13.3;13.3;13.3;1.0;1.0;1.0;;;;2.0;3.0;4.0;3.0;1.0;1.0;2026-01-07 23:00:00+00:00
44.872;0.509;00.509_44.872;33.0;33.0;Bergeracois;BAS-VAL-DORDOGNE;BERGERAC;2026-01-09;2.0;9.0;12.8;12.8;12.8;1.0;1.0;1.0;;;;2.0;1.0;1.0;1.0;1.0;1.0;2026-01-08 23:00:00+00:00
44.872;0.509;00.509_44.872;33.0;33.0;Bergeracois;BAS-VAL-DORDOGNE;BERGERAC;2026-01-10;2.0;10.0;0.7;0.7;0.7;1.0;1.0;1.0;;;;3.0;1.0;1.0;1.0;2.0;3.0;2026-01-09 23:00:00+00:00
44.872;0.509;00.509_44.872;33.0;33.0;Bergeracois;BAS-VAL-DORDOGNE;BERGERAC;2026-01-11;2.0;11.0;0.1;0.1;0.1;1.0;1.0;1.0;;;;3.0;1.0;3.0;2.0;2.0;1.0;2026-01-10 23:00:00+00:00
44.872;0.509;00.509_44.872;33.0;33.0;Bergeracois;BAS-VAL-DORDOGNE;BERGERAC;2026-01-12;3.0;12.0;0.0;0.0;0.0;1.0;1.0;1.0;;;;1.0;2.0;3.0;2.0;2.0;3.0;2026-01-11 23:00:00+00:00
44.872;0.509;00.509_44.872;33.0;33.0;Bergeracois;BAS-VAL-DORDOGNE;BERGERAC;2026-01-13;3.0;13.0;0.0;0.0;0.0;1.0;1.0;1.0;;;;1.0;1.0;1.0;2.0;2.0;2.0;2026-01-12 23:00:00+00:00
44.872;0.509;00.509_44.872;33.0;33.0;Bergeracois;BAS-VAL-DORDOGNE;BERGERAC;2026-01-14;3.0;14.0;0.1;0.1;0.1;1.0;1.0;1.0;;;;2.0;2.0;1.0;1.0;1.0;3.0;2026-01-13 23:00:00+00:00
44.872;0.509;00.509_44.872;33.0;33.0;Bergeracois;BAS-VAL-DORDOGNE;BERGERAC;2026-01-15;3.0;15.0;3.5;3.5;3.5;1.0;1.0;1.0;;;;2.0;2.0;2.0;2.0;2.0;4.0;2026-01-14 23:00:00+00:00
44.872;0.509;00.509_44.872;33.0;33.0;Bergeracois;BAS-VAL-DORDOGNE;BERGERAC;2026-01-16;3.0;16.0;3.9;3.9;3.9;1.0;1.0;1.0;;;;3.0;1.0;1.0;1.0;1.0;1.0;2026-01-15 23:00:00+00:00
44.872;0.509;00.509_44.872;33.0;33.0;Bergeracois;BAS-VAL-DORDOGNE;BERGERAC;2026-01-17;3.0;17.0;4.2;4.2;4.2;1.0;1.0;1.0;;;;1.0;1.0;1.0;1.0;1.0;3.0;2026-01-16 23:00:00+00:00
44.872;0.509;00.509_44.872;33.0;33.0;Bergeracois;BAS-VAL-DORDOGNE;BERGERAC;2026-01-18;3.0;18.0;1.4;1.4;1.4;1.0;1.0;1.0;;;;1.0;2.0;3.0;1.0;1.0;2.0;2026-01-17 23:00:00+00:00
44.872;0.509;00.509_44.872;33.0;33.0;Bergeracois;BAS-VAL-DORDOGNE;BERGERAC;2026-01-19;4.0;19.0;2.3;2.3;2.3;1.0;1.0;1.0;;;;1.0;3.0;3.0;2.0;1.0;1.0;2026-01-18 23:00:00+00:00
44.872;0.509;00.509_44.872;33.0;33.0;Bergeracois;BAS-VAL-DORDOGNE;BERGERAC;2026-01-20;4.0;20.0;0.1;0.1;0.1;1.0;1.0;1.0;;;;1.0;2.0;1.0;3.0;2.0;1.0;2026-01-19 23:00:00+00:00
44.872;0.509;00.509_44.872;33.0;33.0;Bergeracois;BAS-VAL-DORDOGNE;BERGERAC;2026-01-21;4.0;21.0;4.7;4.7;4.7;1.0;1.0;1.0;;;;1.0;1.0;2.0;1.0;1.0;1.0;2026-01-20 23:00:00+00:00
44.872;0.509;00.509_44.872;33.0;33.0;Bergeracois;BAS-VAL-DORDOGNE;BERGERAC;2026-01-22;4.0;22.0;0.5;0.5;0.5;1.0;1.0;1.0;;;;1.0;3.0;3.0;2.0;2.0;2.0;2026-01-21 23:00:00+00:00
44.872;0.509;00.509_44.872;33.0;33.0;Bergeracois;BAS-VAL-DORDOGNE;BERGERAC;2026-01-23;4.0;23.0;2.3000000000000003;2.3000000000000003;2.3000000000000003;1.0;1.0;1.0;;;;1.0;2.0;1.0;3.0;2.0;1.0;2026-01-22 23:00:00+00:00
44.872;0.509;00.509_44.872;33.0;33.0;Bergeracois;BAS-VAL-DORDOGNE;BERGERAC;2026-01-24;4.0;24.0;7.300000000000001;7.300000000000001;7.300000000000001;1.0;1.0;1.0;;;;4.0;1.0;1.0;1.0;3.0;2.0;2026-01-23 23:00:00+00:00
44.872;0.509;00.509_44.872;33.0;33.0;Bergeracois;BAS-VAL-DORDOGNE;BERGERAC;2026-01-25;4.0;25.0;10.7;10.7;10.7;1.0;1.0;1.0;;;;1.0;2.0;1.0;3.0;3.0;1.0;2026-01-24 23:00:00+00:00
44.872;0.509;00.509_44.872;33.0;33.0;Bergeracois;BAS-VAL-DORDOGNE;BERGERAC;2026-01-26;5.0;26.0;0.0;0.0;0.0;1.0;1.0;1.0;;;;2.0;3.0;2.0;1.0;1.0;2.0;2026-01-25 23:00:00+00:00
44.872;0.509;00.509_44.872;33.0;33.0;Bergeracois;BAS-VAL-DORDOGNE;BERGERAC;2026-01-27;5.0;27.0;5.1;5.1;5.1;1.0;1.0;1.0;;;;2.0;1.0;1.0;2.0;1.0;3.0;2026-01-26 23:00:00+00:00
44.872;0.509;00.509_44.872;33.0;33.0;Bergeracois;BAS-VAL-DORDOGNE;BERGERAC;2026-01-28;5.0;28.0;4.9;4.9;4.9;1.0;1.0;1.0;;;;1.0;1.0;2.0;1.0;3.0;1.0;2026-01-27 23:00:00+00:00
44.872;0.509;00.509_44.872;33.0;33.0;Bergeracois;BAS-VAL-DORDOGNE;BERGERAC;2026-01-29;5.0;29.0;5.5;5.5;5.5;1.0;1.0;1.0;;;;1.0;1.0;2.0;3.0;1.0;1.0;2026-01-28 23:00:00+00:00
44.872;0.509;00.509_44.872;33.0;33.0;Bergeracois;BAS-VAL-DORDOGNE;BERGERAC;2026-01-30;5.0;30.0;6.800000000000001;6.800000000000001;6.800000000000001;1.0;1.0;1.0;;;;1.0;3.0;1.0;2.0;1.0;1.0;2026-01-29 23:00:00+00:00
44.872;0.509;00.509_44.872;33.0;33.0;Bergeracois;BAS-VAL-DORDOGNE;BERGERAC;2026-01-31;5.0;31.0;6.1;6.1;6.1;1.0;1.0;1.0;;;;2.0;1.0;1.0;2.0;1.0;1.0;2026-01-30 23:00:00+00:00
44.872;0.509;00.509_44.872;33.0;33.0;Bergeracois;BAS-VAL-DORDOGNE;BERGERAC;2026-02-01;5.0;32.0;2.6;2.6;2.6;1.0;1.0;1.0;;;;1.0;1.0;2.0;2.0;2.0;2.0;2026-01-31 23:00:00+00:00
44.872;0.509;00.509_44.872;33.0;33.0;Bergeracois;BAS-VAL-DORDOGNE;BERGERAC;2026-02-02;6.0;33.0;4.4;4.4;4.4;1.0;1.0;1.0;;;;1.0;4.0;4.0;2.0;2.0;2.0;2026-02-01 23:00:00+00:00
44.872;0.509;00.509_44.872;33.0;33.0;Bergeracois;BAS-VAL-DORDOGNE;BERGERAC;2026-02-03;6.0;34.0;3.1;3.1;3.1;1.0;1.0;1.0;;;;2.0;2.0;1.0;1.0;2.0;3.0;2026-02-02 23:00:00+00:00
44.872;0.509;00.509_44.872;33.0;33.0;Bergeracois;BAS-VAL-DORDOGNE;BERGERAC;2026-02-04;6.0;35.0;6.300000000000001;6.300000000000001;6.300000000000001;1.0;1.0;1.0;;;;1.0;2.0;1.0;1.0;1.0;3.0;2026-02-03 23:00:00+00:00
44.872;0.509;00.509_44.872;33.0;33.0;Bergeracois;BAS-VAL-DORDOGNE;BERGERAC;2026-02-05;6.0;36.0;13.8;13.8;13.8;1.0;1.0;1.0;;;;4.0;1.0;1.0;1.0;2.0;3.0;2026-02-04 23:00:00+00:00
44.872;0.509;00.509_44.872;33.0;33.0;Bergeracois;BAS-VAL-DORDOGNE;BERGERAC;2026-02-06;6.0;37.0;0.9;0.9;0.9;1.0;1.0;1.0;;;;4.0;3.0;1.0;1.0;1.0;2.0;2026-02-05 23:00:00+00:00
44.872;0.509;00.509_44.872;33.0;33.0;Bergeracois;BAS-VAL-DORDOGNE;BERGERAC;2026-02-07;6.0;38.0;1.7;1.7;1.7;1.0;1.0;1.0;;;;3.0;2.0;1.0;1.0;2.0;1.0;2026-02-06 23:00:00+00:00
44.872;0.509;00.509_44.872;33.0;33.0;Bergeracois;BAS-VAL-DORDOGNE;BERGERAC;2026-02-08;6.0;39.0;0.0;0.0;0.0;1.0;1.0;1.0;;;;4.0;3.0;4.0;2.0;1.0;1.0;2026-02-07 23:00:00+00:00
44.872;0.509;00.509_44.872;33.0;33.0;Bergeracois;BAS-VAL-DORDOGNE;BERGERAC;2026-02-09;7.0;40.0;2.0;2.0;2.0;1.0;1.0;1.0;;;;1.0;2.0;1.0;2.0;1.0;1.0;2026-02-08 23:00:00+00:00
44.872;0.509;00.509_44.872;33.0;33.0;Bergeracois;BAS-VAL-DORDOGNE;BERGERAC;2026-02-10;7.0;41.0;16.400000000000002;16.400000000000002;16.400000000000002;1.0;1.0;1.0;;;;1.0;3.0;3.0;2.0;1.0;1.0;2026-02-09 23:00:00+00:00
44.872;0.509;00.509_44.872;33.0;33.0;Bergeracois;BAS-VAL-DORDOGNE;BERGERAC;2026-02-11;7.0;42.0;14.4;14.4;14.4;1.0;1.0;1.0;;;;2.0;3.0;3.0;2.0;1.0;4.0;2026-02-10 23:00:00+00:00
44.872;0.509;00.509_44.872;33.0;33.0;Bergeracois;BAS-VAL-DORDOGNE;BERGERAC;2026-02-12;7.0;43.0;24.1;24.1;24.1;1.0;1.0;1.0;;;;3.0;2.0;2.0;3.0;3.0;1.0;2026-02-11 23:00:00+00:00
44.872;0.509;00.509_44.872;33.0;33.0;Bergeracois;BAS-VAL-DORDOGNE;BERGERAC;2026-02-13;7.0;44.0;1.9;1.9;1.9;1.0;1.0;1.0;;;;2.0;1.0;1.0;3.0;2.0;1.0;2026-02-12 23:00:00+00:00
44.872;0.509;00.509_44.872;33.0;33.0;Bergeracois;BAS-VAL-DORDOGNE;BERGERAC;2026-02-14;7.0;45.0;1.6;1.6;1.6;1.0;1.0;1.0;;;;1.0;2.0;1.0;2.0;2.0;1.0;2026-02-13 23:00:00+00:00
44.872;0.509;00.509_44.872;33.0;33.0;Bergeracois;BAS-VAL-DORDOGNE;BERGERAC;2026-02-15;7.0;46.0;8.6;8.6;8.6;1.0;1.0;1.0;;;;1.0;3.0;1.0;2.0;2.0;1.0;2026-02-14 23:00:00+00:00
44.872;0.509;00.509_44.872;33.0;33.0;Bergeracois;BAS-VAL-DORDOGNE;BERGERAC;2026-02-16;8.0;47.0;4.6000000000000005;4.6000000000000005;4.6000000000000005;1.0;1.0;1.0;;;;4.0;3.0;3.0;3.0;3.0;2.0;2026-02-15 23:00:00+00:00
44.872;0.509;00.509_44.872;33.0;33.0;Bergeracois;BAS-VAL-DORDOGNE;BERGERAC;2026-02-17;8.0;48.0;0.3;0.3;0.3;1.0;1.0;1.0;;;;1.0;1.0;3.0;2.0;1.0;1.0;2026-02-16 23:00:00+00:00
44.872;0.509;00.509_44.872;33.0;33.0;Bergeracois;BAS-VAL-DORDOGNE;BERGERAC;2026-02-18;8.0;49.0;2.8000000000000003;2.8000000000000003;2.8000000000000003;1.0;1.0;1.0;;;;2.0;3.0;1.0;2.0;2.0;1.0;2026-02-17 23:00:00+00:00
44.872;0.509;00.509_44.872;33.0;33.0;Bergeracois;BAS-VAL-DORDOGNE;BERGERAC;2026-02-19;8.0;50.0;12.8;12.8;12.8;1.0;1.0;1.0;;;;1.0;1.0;2.0;2.0;1.0;2.0;2026-02-18 23:00:00+00:00
44.872;0.509;00.509_44.872;33.0;33.0;Bergeracois;BAS-VAL-DORDOGNE;BERGERAC;2026-02-20;8.0;51.0;0.3;0.3;0.3;1.0;1.0;1.0;;;;3.0;4.0;1.0;1.0;2.0;1.0;2026-02-19 23:00:00+00:00
44.872;0.509;00.509_44.872;33.0;33.0;Bergeracois;BAS-VAL-DORDOGNE;BERGERAC;2026-02-21;8.0;52.0;0.0;0.0;0.0;1.0;1.0;1.0;;;;1.0;2.0;1.0;1.0;1.0;4.0;2026-02-20 23:00:00+00:00
44.872;0.509;00.509_44.872;33.0;33.0;Bergeracois;BAS-VAL-DORDOGNE;BERGERAC;2026-02-22;8.0;53.0;0.0;0.0;0.0;1.0;1.0;1.0;;;;2.0;1.0;1.0;4.0;2.0;3.0;2026-02-21 23:00:00+00:00
44.872;0.509;00.509_44.872;33.0;33.0;Bergeracois;BAS-VAL-DORDOGNE;BERGERAC;2026-02-23;9.0;54.0;0.0;0.0;0.0;1.0;1.0;1.0;;;;3.0;3.0;1.0;1.0;1.0;1.0;2026-02-22 23:00:00+00:00
44.872;0.509;00.509_44.872;33.0;33.0;Bergeracois;BAS-VAL-DORDOGNE;BERGERAC;2026-02-24;9.0;55.0;0.0;0.0;0.0;1.0;1.0;1.0;;;;1.0;1.0;2.0;3.0;1.0;2.0;2026-02-23 23:00:00+00:00
44.872;0.509;00.509_44.872;33.0;33.0;Bergeracois;BAS-VAL-DORDOGNE;BERGERAC;2026-02-25;9.0;56.0;0.0;0.0;0.0;1.0;1.0;1.0;;;;3.0;1.0;1.0;1.0;3.0;1.0;2026-02-24 23:00:00+00:00
44.872;0.509;00.509_44.872;33.0;33.0;Bergeracois;BAS-VAL-DORDOGNE;BERGERAC;2026-02-26;9.0;57.0;0.0;0.0;0.0;1.0;1.0;1.0;;;;2.0;2.0;1.0;2.0;2.0;1.0;2026-02-25 23:00:00+00:00
44.872;0.509;00.509_44.872;33.0;33.0;Bergeracois;BAS-VAL-DORDOGNE;BERGERAC;2026-02-27;9.0;58.0;0.4;0.4;0.4;1.0;1.0;1.0;;;;1.0;3.0;1.0;3.0;1.0;2.0;2026-02-26 23:00:00+00:00
44.872;0.509;00.509_44.872;33.0;33.0;Bergeracois;BAS-VAL-DORDOGNE;BERGERAC;2026-02-28;9.0;59.0;0.7;0.7;0.7;1.0;1.0;1.0;;;;1.0;2.0;1.0;3.0;3.0;1.0;2026-02-27 23:00:00+00:00
44.872;0.509;00.509_44.872;33.0;33.0;Bergeracois;BAS-VAL-DORDOGNE;BERGERAC;2026-03-01;9.0;60.0;0.0;0.0;0.0;1.0;1.0;1.0;;;;1.0;1.0;4.0;1.0;1.0;1.0;2026-02-28 23:00:00+00:00
44.872;0.509;00.509_44.872;33.0;33.0;Bergeracois;BAS-VAL-DORDOGNE;BERGERAC;2026-03-02;10.0;61.0;0.0;0.0;0.0;1.0;1.0;1.0;;;;3.0;1.0;1.0;1.0;3.0;1.0;2026-03-01 23:00:00+00:00
44.872;0.509;00.509_44.872;33.0;33.0;Bergeracois;BAS-VAL-DORDOGNE;BERGERAC;2026-03-03;10.0;62.0;0.0;0.0;0.0;1.0;1.0;1.0;;;;2.0;2.0;2.0;3.0;3.0;1.0;2026-03-02 23:00:00+00:00
44.872;0.509;00.509_44.872;33.0;33.0;Bergeracois;BAS-VAL-DORDOGNE;BERGERAC;2026-03-04;10.0;63.0;0.0;0.0;0.0;1.0;1.0;1.0;;;;3.0;3.0;1.0;1.0;1.0;2.0;2026-03-03 23:00:00+00:00
44.872;0.509;00.509_44.872;33.0;33.0;Bergeracois;BAS-VAL-DORDOGNE;BERGERAC;2026-03-05;10.0;64.0;1.2999999999999998;1.2999999999999998;1.2999999999999998;1.0;1.0;1.0;;;;1.0;2.0;3.0;1.0;3.0;1.0;2026-03-04 23:00:00+00:00
44.872;0.509;00.509_44.872;33.0;33.0;Bergeracois;BAS-VAL-DORDOGNE;BERGERAC;2026-03-06;10.0;65.0;0.5;0.5;0.5;1.0;1.0;1.0;;;;3.0;1.0;1.0;2.0;2.0;2.0;2026-03-05 23:00:00+00:00
44.872;0.509;00.509_44.872;33.0;33.0;Bergeracois;BAS-VAL-DORDOGNE;BERGERAC;2026-03-07;10.0;66.0;0.0;0.0;0.0;1.0;1.0;1.0;;;;3.0;3.0;2.0;2.0;4.0;3.0;2026-03-06 23:00:00+00:00
44.872;0.509;00.509_44.872;33.0;33.0;Bergeracois;BAS-VAL-DORDOGNE;BERGERAC;2026-03-08;10.0;67.0;0.0;0.0;0.0;1.0;1.0;1.0;;;;1.0;1.0;3.0;1.0;1.0;1.0;2026-03-07 23:00:00+00:00
44.872;0.509;00.509_44.872;33.0;33.0;Bergeracois;BAS-VAL-DORDOGNE;BERGERAC;2026-03-09;11.0;68.0;0.0;0.0;0.0;1.0;1.0;1.0;;;;1.0;1.0;1.0;3.0;3.0;2.0;2026-03-08 23:00:00+00:00
44.872;0.509;00.509_44.872;33.0;33.0;Bergeracois;BAS-VAL-DORDOGNE;BERGERAC;2026-03-10;11.0;69.0;0.0;0.0;0.0;1.0;1.0;1.0;;;;2.0;1.0;1.0;1.0;4.0;1.0;2026-03-09 23:00:00+00:00
44.872;0.509;00.509_44.872;33.0;33.0;Bergeracois;BAS-VAL-DORDOGNE;BERGERAC;2026-03-11;11.0;70.0;2.9;2.9;2.9;1.0;1.0;1.0;;;;1.0;2.0;3.0;2.0;1.0;1.0;2026-03-10 23:00:00+00:00
44.872;0.509;00.509_44.872;33.0;33.0;Bergeracois;BAS-VAL-DORDOGNE;BERGERAC;2026-03-12;11.0;71.0;0.0;0.0;0.0;1.0;1.0;1.0;;;;3.0;2.0;2.0;1.0;2.0;1.0;2026-03-11 23:00:00+00:00
44.872;0.509;00.509_44.872;33.0;33.0;Bergeracois;BAS-VAL-DORDOGNE;BERGERAC;2026-03-13;11.0;72.0;9.3;9.3;9.3;1.0;1.0;1.0;;;;3.0;1.0;1.0;2.0;2.0;2.0;2026-03-12 23:00:00+00:00
44.872;0.509;00.509_44.872;33.0;33.0;Bergeracois;BAS-VAL-DORDOGNE;BERGERAC;2026-03-14;11.0;73.0;4.9;4.9;4.9;1.0;1.0;1.0;;;;2.0;2.0;2.0;2.0;1.0;2.0;2026-03-13 23:00:00+00:00
44.872;0.509;00.509_44.872;33.0;33.0;Bergeracois;BAS-VAL-DORDOGNE;BERGERAC;2026-03-15;11.0;74.0;0.0;0.0;0.0;1.0;1.0;1.0;;;;1.0;3.0;2.0;1.0;1.0;1.0;2026-03-14 23:00:00+00:00
44.872;0.509;00.509_44.872;33.0;33.0;Bergeracois;BAS-VAL-DORDOGNE;BERGERAC;2026-03-16;12.0;75.0;0.0;0.0;0.0;1.0;1.0;1.0;;;;1.0;4.0;1.0;1.0;2.0;1.0;2026-03-15 23:00:00+00:00
44.872;0.509;00.509_44.872;33.0;33.0;Bergeracois;BAS-VAL-DORDOGNE;BERGERAC;2026-03-17;12.0;76.0;0.0;0.0;0.0;1.0;1.0;1.0;;;;2.0;3.0;1.0;1.0;2.0;1.0;2026-03-16 23:00:00+00:00
44.872;0.509;00.509_44.872;33.0;33.0;Bergeracois;BAS-VAL-DORDOGNE;BERGERAC;2026-03-18;12.0;77.0;0.0;0.0;0.0;1.0;1.0;1.0;;;;2.0;2.0;3.0;2.0;1.0;1.0;2026-03-17 23:00:00+00:00
44.872;0.509;00.509_44.872;33.0;33.0;Bergeracois;BAS-VAL-DORDOGNE;BERGERAC;2026-03-19;12.0;78.0;0.0;0.0;0.0;1.0;1.0;1.0;;;;1.0;1.0;1.0;3.0;1.0;1.0;2026-03-18 23:00:00+00:00
44.872;0.509;00.509_44.872;33.0;33.0;Bergeracois;BAS-VAL-DORDOGNE;BERGERAC;2026-03-20;12.0;79.0;0.0;0.0;0.0;1.0;1.0;1.0;;;;1.0;2.0;1.0;3.0;4.0;2.0;2026-03-19 23:00:00+00:00
44.872;0.509;00.509_44.872;33.0;33.0;Bergeracois;BAS-VAL-DORDOGNE;BERGERAC;2026-03-21;12.0;80.0;0.0;0.0;0.0;1.0;1.0;1.0;;;;1.0;3.0;1.0;1.0;1.0;1.0;2026-03-20 23:00:00+00:00
44.872;0.509;00.509_44.872;33.0;33.0;Bergeracois;BAS-VAL-DORDOGNE;BERGERAC;2026-03-22;12.0;81.0;0.0;0.0;0.0;1.0;1.0;1.0;;;;1.0;1.0;1.0;3.0;4.0;1.0;2026-03-21 23:00:00+00:00
44.872;0.509;00.509_44.872;33.0;33.0;Bergeracois;BAS-VAL-DORDOGNE;BERGERAC;2026-03-23;13.0;82.0;0.0;0.0;0.0;1.0;1.0;1.0;;;;3.0;2.0;1.0;1.0;3.0;3.0;2026-03-22 23:00:00+00:00
44.872;0.509;00.509_44.872;33.0;33.0;Bergeracois;BAS-VAL-DORDOGNE;BERGERAC;2026-03-24;13.0;83.0;0.0;0.0;0.0;1.0;1.0;1.0;;;;3.0;1.0;2.0;2.0;1.0;1.0;2026-03-23 23:00:00+00:00
44.872;0.509;00.509_44.872;33.0;33.0;Bergeracois;BAS-VAL-DORDOGNE;BERGERAC;2026-03-25;13.0;84.0;0.4;0.4;0.4;1.0;1.0;1.0;;;;2.0;2.0;2.0;3.0;3.0;1.0;2026-03-24 23:00:00+00:00
44.872;0.509;00.509_44.872;33.0;33.0;Bergeracois;BAS-VAL-DORDOGNE;BERGERAC;2026-03-26;13.0;85.0;0.0;0.0;0.0;1.0;1.0;1.0;;;;1.0;1.0;3.0;2.0;1.0;2.0;2026-03-25 23:00:00+00:00
44.872;0.509;00.509_44.872;33.0;33.0;Bergeracois;BAS-VAL-DORDOGNE;BERGERAC;2026-03-27;13.0;86.0;0.0;0.0;0.0;1.0;1.0;1.0;;;;2.0;2.0;1.0;3.0;1.0;1.0;2026-03-26 23:00:00+00:00
44.872;0.509;00.509_44.872;33.0;33.0;Bergeracois;BAS-VAL-DORDOGNE;BERGERAC;2026-03-28;13.0;87.0;2.3000000000000003;2.3000000000000003;2.3000000000000003;1.0;1.0;1.0;;;;1.0;1.0;1.0;1.0;1.0;1.0;2026-03-27 23:00:00+00:00
44.872;0.509;00.509_44.872;33.0;33.0;Bergeracois;BAS-VAL-DORDOGNE;BERGERAC;2026-03-29;13.0;88.0;0.0;0.0;0.0;1.0;1.0;1.0;;;;1.0;1.0;1.0;1.0;2.0;2.0;2026-03-28 23:00:00+00:00
44.872;0.509;00.509_44.872;33.0;33.0;Bergeracois;BAS-VAL-DORDOGNE;BERGERAC;2026-03-30;14.0;89.0;0.3;0.3;0.3;1.0;1.0;1.0;;;;2.0;4.0;1.0;1.0;4.0;1.0;2026-03-29 22:00:00+00:00
44.872;0.509;00.509_44.872;33.0;33.0;Bergeracois;BAS-VAL-DORDOGNE;BERGERAC;2026-03-31;14.0;90.0;0.2;0.2;0.2;1.0;1.0;1.0;2.0;2.0;2.0;4.0;1.0;2.0;1.0;2.0;1.0;2026-03-30 22:00:00+00:00
44.872;0.509;00.509_44.872;33.0;33.0;Bergeracois;BAS-VAL-DORDOGNE;BERGERAC;2026-04-01;14.0;91.0;0.1;0.1;0.1;1.0;1.0;1.0;2.0;2.0;2.0;1.0;1.0;1.0;1.0;1.0;1.0;2026-03-31 22:00:00+00:00
44.872;0.509;00.509_44.872;33.0;33.0;Bergeracois;BAS-VAL-DORDOGNE;BERGERAC;2026-04-02;14.0;92.0;0.0;0.0;0.0;1.0;1.0;1.0;2.0;2.0;2.0;1.0;1.0;3.0;1.0;1.0;2.0;2026-04-01 22:00:00+00:00
44.872;0.509;00.509_44.872;33.0;33.0;Bergeracois;BAS-VAL-DORDOGNE;BERGERAC;2026-04-03;14.0;93.0;0.1;0.1;0.1;1.0;1.0;1.0;2.0;2.0;2.0;1.0;1.0;2.0;2.0;1.0;2.0;2026-04-02 22:00:00+00:00
44.872;0.509;00.509_44.872;33.0;33.0;Bergeracois;BAS-VAL-DORDOGNE;BERGERAC;2026-04-04;14.0;94.0;0.0;0.0;0.0;1.0;1.0;1.0;2.0;2.0;2.0;1.0;3.0;4.0;1.0;3.0;4.0;2026-04-03 22:00:00+00:00
44.872;0.509;00.509_44.872;33.0;33.0;Bergeracois;BAS-VAL-DORDOGNE;BERGERAC;2026-04-05;14.0;95.0;0.0;0.0;0.0;1.0;1.0;1.0;2.0;2.0;2.0;2.0;1.0;1.0;1.0;3.0;1.0;2026-04-04 22:00:00+00:00
44.872;0.509;00.509_44.872;33.0;33.0;Bergeracois;BAS-VAL-DORDOGNE;BERGERAC;2026-04-06;15.0;96.0;0.0;0.0;0.0;1.0;1.0;1.0;2.0;2.0;2.0;1.0;1.0;2.0;1.0;2.0;1.0;2026-04-05 22:00:00+00:00
44.872;0.509;00.509_44.872;33.0;33.0;Bergeracois;BAS-VAL-DORDOGNE;BERGERAC;2026-04-07;15.0;97.0;0.0;0.0;0.0;1.0;1.0;1.0;2.0;2.0;2.0;1.0;1.0;2.0;1.0;3.0;3.0;2026-04-06 22:00:00+00:00
44.872;0.509;00.509_44.872;33.0;33.0;Bergeracois;BAS-VAL-DORDOGNE;BERGERAC;2026-04-08;15.0;98.0;0.0;0.0;0.0;1.0;1.0;1.0;2.0;2.0;2.0;3.0;1.0;3.0;2.0;2.0;2.0;2026-04-07 22:00:00+00:00
44.872;0.509;00.509_44.872;33.0;33.0;Bergeracois;BAS-VAL-DORDOGNE;BERGERAC;2026-04-09;15.0;99.0;0.0;0.0;0.0;1.0;1.0;1.0;2.0;2.0;2.0;2.0;3.0;1.0;1.0;2.0;1.0;2026-04-08 22:00:00+00:00
44.872;0.509;00.509_44.872;33.0;33.0;Bergeracois;BAS-VAL-DORDOGNE;BERGERAC;2026-04-10;15.0;100.0;0.0;0.0;0.0;1.0;1.0;1.0;2.0;2.0;2.0;3.0;2.0;1.0;1.0;3.0;1.0;2026-04-09 22:00:00+00:00
44.872;0.509;00.509_44.872;33.0;33.0;Bergeracois;BAS-VAL-DORDOGNE;BERGERAC;2026-04-11;15.0;101.0;12.4;12.4;12.4;1.0;1.0;1.0;2.0;2.0;2.0;2.0;1.0;3.0;2.0;1.0;4.0;2026-04-10 22:00:00+00:00
44.872;0.509;00.509_44.872;33.0;33.0;Bergeracois;BAS-VAL-DORDOGNE;BERGERAC;2026-04-12;15.0;102.0;0.3;0.3;0.3;1.0;1.0;1.0;;2.0;;2.0;1.0;1.0;2.0;1.0;1.0;2026-04-11 22:00:00+00:00
44.872;0.509;00.509_44.872;33.0;33.0;Bergeracois;BAS-VAL-DORDOGNE;BERGERAC;2026-04-13;16.0;103.0;0.9;0.9;0.9;1.0;1.0;1.0;;2.0;;1.0;2.0;2.0;3.0;2.0;1.0;2026-04-12 22:00:00+00:00
44.872;0.509;00.509_44.872;33.0;33.0;Bergeracois;BAS-VAL-DORDOGNE;BERGERAC;2026-04-14;16.0;104.0;0.0;0.0;0.0;1.0;1.0;1.0;;2.0;;1.0;1.0;1.0;2.0;1.0;1.0;2026-04-13 22:00:00+00:00
44.872;0.509;00.509_44.872;33.0;33.0;Bergeracois;BAS-VAL-DORDOGNE;BERGERAC;2026-04-15;16.0;105.0;0.0;0.0;0.0;1.0;1.0;1.0;;2.0;;1.0;1.0;2.0;1.0;2.0;1.0;2026-04-14 22:00:00+00:00
44.872;0.509;00.509_44.872;33.0;33.0;Bergeracois;BAS-VAL-DORDOGNE;BERGERAC;2026-04-16;16.0;106.0;0.0;0.0;0.0;1.0;1.0;1.0;;2.0;;2.0;1.0;2.0;3.0;1.0;1.0;2026-04-15 22:00:00+00:00
44.872;0.509;00.509_44.872;33.0;33.0;Bergeracois;BAS-VAL-DORDOGNE;BERGERAC;2026-04-17;16.0;107.0;0.0;0.0;0.0;1.0;1.0;1.0;;2.0;;2.0;1.0;1.0;1.0;1.0;1.0;2026-04-16 22:00:00+00:00
44.872;0.509;00.509_44.872;33.0;33.0;Bergeracois;BAS-VAL-DORDOGNE;BERGERAC;2026-04-18;16.0;108.0;0.0;0.0;0.0;1.0;1.0;1.0;;2.0;;1.0;1.0;1.0;1.0;3.0;3.0;2026-04-17 22:00:00+00:00
44.872;0.509;00.509_44.872;33.0;33.0;Bergeracois;BAS-VAL-DORDOGNE;BERGERAC;2026-04-19;16.0;109.0;0.0;0.0;0.0;1.0;1.0;1.0;;2.0;;2.0;2.0;3.0;2.0;2.0;1.0;2026-04-18 22:00:00+00:00
44.872;0.509;00.509_44.872;33.0;33.0;Bergeracois;BAS-VAL-DORDOGNE;BERGERAC;2026-04-20;17.0;110.0;0.0;0.0;0.0;1.0;1.0;1.0;;2.0;;3.0;1.0;2.0;1.0;1.0;2.0;2026-04-19 22:00:00+00:00
44.872;0.509;00.509_44.872;33.0;33.0;Bergeracois;BAS-VAL-DORDOGNE;BERGERAC;2026-04-21;17.0;111.0;0.0;0.0;0.0;1.0;1.0;1.0;;2.0;;1.0;1.0;4.0;2.0;1.0;3.0;2026-04-20 22:00:00+00:00
44.872;0.509;00.509_44.872;33.0;33.0;Bergeracois;BAS-VAL-DORDOGNE;BERGERAC;2026-04-22;17.0;112.0;0.0;0.0;0.0;1.0;1.0;1.0;;2.0;;1.0;2.0;1.0;1.0;4.0;1.0;2026-04-21 22:00:00+00:00
44.872;0.509;00.509_44.872;33.0;33.0;Bergeracois;BAS-VAL-DORDOGNE;BERGERAC;2026-04-23;17.0;113.0;0.0;0.0;0.0;1.0;1.0;1.0;;2.0;;1.0;1.0;1.0;1.0;3.0;3.0;2026-04-22 22:00:00+00:00
44.872;0.509;00.509_44.872;33.0;33.0;Bergeracois;BAS-VAL-DORDOGNE;BERGERAC;2026-04-24;17.0;114.0;0.0;0.0;0.0;1.0;1.0;1.0;;2.0;;1.0;2.0;3.0;4.0;2.0;3.0;2026-04-23 22:00:00+00:00
44.872;0.509;00.509_44.872;33.0;33.0;Bergeracois;BAS-VAL-DORDOGNE;BERGERAC;2026-04-25;17.0;115.0;0.0;0.0;0.0;1.0;1.0;1.0;;2.0;;1.0;1.0;1.0;2.0;1.0;3.0;2026-04-24 22:00:00+00:00
44.872;0.509;00.509_44.872;33.0;33.0;Bergeracois;BAS-VAL-DORDOGNE;BERGERAC;2026-04-26;17.0;116.0;0.0;0.0;0.0;1.0;1.0;1.0;;2.0;;1.0;2.0;1.0;2.0;1.0;3.0;2026-04-25 22:00:00+00:00
44.872;0.509;00.509_44.872;33.0;33.0;Bergeracois;BAS-VAL-DORDOGNE;BERGERAC;2026-04-27;18.0;117.0;0.0;0.0;0.0;1.0;1.0;1.0;;2.0;;1.0;1.0;1.0;3.0;1.0;1.0;2026-04-26 22:00:00+00:00
44.872;0.509;00.509_44.872;33.0;33.0;Bergeracois;BAS-VAL-DORDOGNE;BERGERAC;2026-04-28;18.0;118.0;0.2;0.2;0.2;1.0;1.0;1.0;;2.0;;3.0;1.0;2.0;2.0;1.0;1.0;2026-04-27 22:00:00+00:00
44.872;0.509;00.509_44.872;33.0;33.0;Bergeracois;BAS-VAL-DORDOGNE;BERGERAC;2026-04-29;18.0;119.0;0.3;0.3;0.3;1.0;1.0;1.0;;2.0;;1.0;1.0;1.0;1.0;2.0;2.0;2026-04-28 22:00:00+00:00
44.872;0.509;00.509_44.872;33.0;33.0;Bergeracois;BAS-VAL-DORDOGNE;BERGERAC;2026-04-30;18.0;120.0;5.9;5.9;5.9;1.0;1.0;1.0;;2.0;;2.0;2.0;2.0;1.0;2.0;1.0;2026-04-29 22:00:00+00:00
44.872;0.509;00.509_44.872;33.0;33.0;Bergeracois;BAS-VAL-DORDOGNE;BERGERAC;2026-05-01;18.0;121.0;1.7000000000000002;1.7000000000000002;1.7000000000000002;1.0;1.0;1.0;;2.0;;1.0;2.0;1.0;1.0;1.0;2.0;2026-04-30 22:00:00+00:00
44.872;0.509;00.509_44.872;33.0;33.0;Bergeracois;BAS-VAL-DORDOGNE;BERGERAC;2026-05-02;18.0;122.0;8.3;8.3;8.3;1.0;1.0;1.0;;2.0;;2.0;1.0;1.0;3.0;1.0;1.0;2026-05-01 22:00:00+00:00
44.872;0.509;00.509_44.872;33.0;33.0;Bergeracois;BAS-VAL-DORDOGNE;BERGERAC;2026-05-03;18.0;123.0;13.8;13.8;13.8;1.0;1.0;1.0;;2.0;;1.0;1.0;2.0;1.0;2.0;1.0;2026-05-02 22:00:00+00:00
44.872;0.509;00.509_44.872;33.0;33.0;Bergeracois;BAS-VAL-DORDOGNE;BERGERAC;2026-05-04;19.0;124.0;12.5;12.5;12.5;1.0;1.0;1.0;;2.0;;2.0;3.0;2.0;2.0;2.0;1.0;2026-05-03 22:00:00+00:00
44.872;0.509;00.509_44.872;33.0;33.0;Bergeracois;BAS-VAL-DORDOGNE;BERGERAC;2026-05-05;19.0;125.0;9.1;9.1;9.1;1.0;1.0;1.0;;2.0;;4.0;2.0;1.0;4.0;2.0;3.0;2026-05-04 22:00:00+00:00
44.872;0.509;00.509_44.872;33.0;33.0;Bergeracois;BAS-VAL-DORDOGNE;BERGERAC;2026-05-06;19.0;126.0;8.5;8.5;8.5;1.0;1.0;1.0;;2.0;;1.0;3.0;1.0;2.0;2.0;4.0;2026-05-05 22:00:00+00:00
44.872;0.509;00.509_44.872;33.0;33.0;Bergeracois;BAS-VAL-DORDOGNE;BERGERAC;2026-05-07;19.0;127.0;0.5;0.5;0.5;1.0;1.0;1.0;;2.0;;2.0;1.0;3.0;1.0;1.0;3.0;2026-05-06 22:00:00+00:00
44.872;0.509;00.509_44.872;33.0;33.0;Bergeracois;BAS-VAL-DORDOGNE;BERGERAC;2026-05-08;19.0;128.0;0.0;0.0;0.0;1.0;1.0;1.0;;2.0;;1.0;1.0;2.0;2.0;1.0;2.0;2026-05-07 22:00:00+00:00
44.872;0.509;00.509_44.872;33.0;33.0;Bergeracois;BAS-VAL-DORDOGNE;BERGERAC;2026-05-09;19.0;129.0;0.0;0.0;0.0;1.0;1.0;1.0;;2.0;;2.0;3.0;1.0;2.0;1.0;1.0;2026-05-08 22:00:00+00:00
44.872;0.509;00.509_44.872;33.0;33.0;Bergeracois;BAS-VAL-DORDOGNE;BERGERAC;2026-05-10;19.0;130.0;0.3;0.3;0.3;1.0;1.0;1.0;;2.0;;2.0;1.0;1.0;2.0;2.0;1.0;2026-05-09 22:00:00+00:00
44.872;0.509;00.509_44.872;33.0;33.0;Bergeracois;BAS-VAL-DORDOGNE;BERGERAC;2026-05-11;20.0;131.0;0.0;0.0;0.0;1.0;1.0;1.0;;2.0;;3.0;1.0;1.0;3.0;2.0;1.0;2026-05-10 22:00:00+00:00
44.872;0.509;00.509_44.872;33.0;33.0;Bergeracois;BAS-VAL-DORDOGNE;BERGERAC;2026-05-12;20.0;132.0;0.0;0.0;0.0;1.0;1.0;1.0;;2.0;;1.0;2.0;1.0;1.0;2.0;1.0;2026-05-11 22:00:00+00:00
44.872;0.509;00.509_44.872;33.0;33.0;Bergeracois;BAS-VAL-DORDOGNE;BERGERAC;2026-05-13;20.0;133.0;0.1;0.1;0.1;1.0;1.0;1.0;;2.0;;1.0;3.0;1.0;3.0;1.0;1.0;2026-05-12 22:00:00+00:00
44.872;0.509;00.509_44.872;33.0;33.0;Bergeracois;BAS-VAL-DORDOGNE;BERGERAC;2026-05-14;20.0;134.0;15.3;15.3;15.3;1.0;1.0;1.0;;2.0;;1.0;1.0;2.0;2.0;1.0;2.0;2026-05-13 22:00:00+00:00
44.872;0.509;00.509_44.872;33.0;33.0;Bergeracois;BAS-VAL-DORDOGNE;BERGERAC;2026-05-15;20.0;135.0;0.1;0.1;0.1;1.0;1.0;1.0;;2.0;;1.0;1.0;2.0;1.0;3.0;2.0;2026-05-14 22:00:00+00:00
44.872;0.509;00.509_44.872;33.0;33.0;Bergeracois;BAS-VAL-DORDOGNE;BERGERAC;2026-05-16;20.0;136.0;2.6;2.6;2.6;1.0;1.0;1.0;;2.0;;4.0;1.0;2.0;2.0;2.0;1.0;2026-05-15 22:00:00+00:00
44.872;0.509;00.509_44.872;33.0;33.0;Bergeracois;BAS-VAL-DORDOGNE;BERGERAC;2026-05-17;20.0;137.0;1.5000000000000002;1.5000000000000002;1.5000000000000002;1.0;1.0;1.0;;2.0;;2.0;2.0;2.0;1.0;1.0;2.0;2026-05-16 22:00:00+00:00
44.872;0.509;00.509_44.872;33.0;33.0;Bergeracois;BAS-VAL-DORDOGNE;BERGERAC;2026-05-18;21.0;138.0;0.0;0.0;0.0;1.0;1.0;1.0;;2.0;;1.0;1.0;1.0;1.0;1.0;2.0;2026-05-17 22:00:00+00:00
44.872;0.509;00.509_44.872;33.0;33.0;Bergeracois;BAS-VAL-DORDOGNE;BERGERAC;2026-05-19;21.0;139.0;0.2;0.2;0.2;1.0;1.0;1.0;;2.0;;3.0;1.0;2.0;2.0;1.0;1.0;2026-05-18 22:00:00+00:00
44.872;0.509;00.509_44.872;33.0;33.0;Bergeracois;BAS-VAL-DORDOGNE;BERGERAC;2026-05-20;21.0;140.0;0.1;0.1;0.1;1.0;1.0;1.0;;2.0;;2.0;3.0;1.0;1.0;4.0;1.0;2026-05-19 22:00:00+00:00
44.872;0.509;00.509_44.872;33.0;33.0;Bergeracois;BAS-VAL-DORDOGNE;BERGERAC;2026-05-21;21.0;141.0;0.0;0.0;0.0;1.0;1.0;1.0;;2.0;;2.0;1.0;3.0;1.0;1.0;1.0;2026-05-20 22:00:00+00:00
44.872;0.509;00.509_44.872;33.0;33.0;Bergeracois;BAS-VAL-DORDOGNE;BERGERAC;2026-05-22;21.0;142.0;0.0;0.0;0.0;1.0;1.0;1.0;;2.0;;2.0;2.0;1.0;1.0;3.0;3.0;2026-05-21 22:00:00+00:00
44.872;0.509;00.509_44.872;33.0;33.0;Bergeracois;BAS-VAL-DORDOGNE;BERGERAC;2026-05-23;21.0;143.0;0.0;0.0;0.0;1.0;1.0;1.0;;2.0;;1.0;1.0;2.0;2.0;3.0;1.0;2026-05-22 22:00:00+00:00
44.872;0.509;00.509_44.872;33.0;33.0;Bergeracois;BAS-VAL-DORDOGNE;BERGERAC;2026-05-24;21.0;144.0;0.0;0.0;0.0;1.0;1.0;1.0;;2.0;;2.0;2.0;1.0;1.0;3.0;2.0;2026-05-23 22:00:00+00:00
44.872;0.509;00.509_44.872;33.0;33.0;Bergeracois;BAS-VAL-DORDOGNE;BERGERAC;2026-05-25;22.0;145.0;0.0;0.0;0.0;1.0;1.0;1.0;;2.0;;2.0;1.0;2.0;1.0;2.0;3.0;2026-05-24 22:00:00+00:00
44.872;0.509;00.509_44.872;33.0;33.0;Bergeracois;BAS-VAL-DORDOGNE;BERGERAC;2026-05-26;22.0;146.0;0.0;0.0;0.0;1.0;1.0;1.0;;2.0;;3.0;4.0;3.0;3.0;1.0;1.0;2026-05-25 22:00:00+00:00
44.872;0.509;00.509_44.872;33.0;33.0;Bergeracois;BAS-VAL-DORDOGNE;BERGERAC;2026-05-27;22.0;147.0;0.0;0.0;0.0;1.0;1.0;1.0;;2.0;;1.0;1.0;2.0;2.0;1.0;1.0;2026-05-26 22:00:00+00:00
44.872;0.509;00.509_44.872;33.0;33.0;Bergeracois;BAS-VAL-DORDOGNE;BERGERAC;2026-05-28;22.0;148.0;0.0;0.0;0.0;1.0;1.0;1.0;;2.0;;1.0;2.0;1.0;1.0;2.0;1.0;2026-05-27 22:00:00+00:00
44.872;0.509;00.509_44.872;33.0;33.0;Bergeracois;BAS-VAL-DORDOGNE;BERGERAC;2026-05-29;22.0;149.0;0.0;0.0;0.0;1.0;1.0;1.0;;2.0;;1.0;2.0;1.0;1.0;2.0;2.0;2026-05-28 22:00:00+00:00
44.872;0.509;00.509_44.872;33.0;33.0;Bergeracois;BAS-VAL-DORDOGNE;BERGERAC;2026-05-30;22.0;150.0;0.0;0.0;0.0;1.0;1.0;1.0;;2.0;;3.0;1.0;3.0;4.0;2.0;3.0;2026-05-29 22:00:00+00:00
44.872;0.509;00.509_44.872;33.0;33.0;Bergeracois;BAS-VAL-DORDOGNE;BERGERAC;2026-05-31;22.0;151.0;0.0;0.0;0.0;1.0;1.0;1.0;2.0;2.0;2.0;1.0;3.0;2.0;2.0;1.0;2.0;2026-05-30 22:00:00+00:00
44.872;0.509;00.509_44.872;33.0;33.0;Bergeracois;BAS-VAL-DORDOGNE;BERGERAC;2026-06-01;23.0;152.0;0.0;0.0;0.0;1.0;1.0;1.0;2.0;2.0;2.0;3.0;1.0;4.0;3.0;2.0;2.0;2026-05-31 22:00:00+00:00
44.872;0.509;00.509_44.872;33.0;33.0;Bergeracois;BAS-VAL-DORDOGNE;BERGERAC;2026-06-02;23.0;153.0;3.3;3.3;3.3;1.0;1.0;1.0;2.0;2.0;2.0;1.0;1.0;1.0;1.0;1.0;2.0;2026-06-01 22:00:00+00:00
44.872;0.509;00.509_44.872;33.0;33.0;Bergeracois;BAS-VAL-DORDOGNE;BERGERAC;2026-06-03;23.0;154.0;0.3;0.3;0.3;1.0;1.0;1.0;2.0;2.0;2.0;1.0;3.0;1.0;1.0;3.0;1.0;2026-06-02 22:00:00+00:00
44.872;0.509;00.509_44.872;33.0;33.0;Bergeracois;BAS-VAL-DORDOGNE;BERGERAC;2026-06-04;23.0;155.0;11.0;11.0;11.0;1.0;1.0;1.0;2.0;2.0;2.0;2.0;3.0;3.0;1.0;1.0;2.0;2026-06-03 22:00:00+00:00
44.872;0.509;00.509_44.872;33.0;33.0;Bergeracois;BAS-VAL-DORDOGNE;BERGERAC;2026-06-05;23.0;156.0;0.0;0.0;0.0;1.0;1.0;1.0;2.0;2.0;2.0;3.0;2.0;1.0;1.0;2.0;1.0;2026-06-04 22:00:00+00:00
44.872;0.509;00.509_44.872;33.0;33.0;Bergeracois;BAS-VAL-DORDOGNE;BERGERAC;2026-06-06;23.0;157.0;0.2;0.2;0.2;1.0;1.0;1.0;2.0;2.0;2.0;1.0;3.0;4.0;2.0;1.0;1.0;2026-06-05 22:00:00+00:00
44.872;0.509;00.509_44.872;33.0;33.0;Bergeracois;BAS-VAL-DORDOGNE;BERGERAC;2026-06-07;23.0;158.0;0.0;0.0;0.0;1.0;1.0;1.0;2.0;2.0;2.0;2.0;1.0;1.0;3.0;1.0;1.0;2026-06-06 22:00:00+00:00
44.872;0.509;00.509_44.872;33.0;33.0;Bergeracois;BAS-VAL-DORDOGNE;BERGERAC;2026-06-08;24.0;159.0;0.0;0.0;0.0;1.0;1.0;1.0;2.0;2.0;2.0;2.0;1.0;4.0;1.0;1.0;1.0;2026-06-07 22:00:00+00:00
44.872;0.509;00.509_44.872;33.0;33.0;Bergeracois;BAS-VAL-DORDOGNE;BERGERAC;2026-06-09;24.0;160.0;0.7;0.7;0.7;1.0;1.0;1.0;2.0;2.0;2.0;1.0;1.0;1.0;2.0;2.0;1.0;2026-06-08 22:00:00+00:00
44.872;0.509;00.509_44.872;33.0;33.0;Bergeracois;BAS-VAL-DORDOGNE;BERGERAC;2026-06-10;24.0;161.0;0.7;0.7;0.7;1.0;1.0;1.0;2.0;2.0;2.0;2.0;1.0;1.0;2.0;1.0;3.0;2026-06-09 22:00:00+00:00
44.872;0.509;00.509_44.872;33.0;33.0;Bergeracois;BAS-VAL-DORDOGNE;BERGERAC;2026-06-11;24.0;162.0;0.0;0.0;0.0;1.0;1.0;1.0;2.0;2.0;2.0;1.0;4.0;3.0;1.0;3.0;2.0;2026-06-10 22:00:00+00:00
44.872;0.509;00.509_44.872;33.0;33.0;Bergeracois;BAS-VAL-DORDOGNE;BERGERAC;2026-06-12;24.0;163.0;0.0;0.0;0.0;1.0;1.0;1.0;2.0;2.0;2.0;2.0;2.0;2.0;1.0;1.0;3.0;2026-06-11 22:00:00+00:00
44.872;0.509;00.509_44.872;33.0;33.0;Bergeracois;BAS-VAL-DORDOGNE;BERGERAC;2026-06-13;24.0;164.0;0.0;0.0;0.0;1.0;1.0;1.0;2.0;2.0;2.0;4.0;2.0;2.0;3.0;1.0;3.0;2026-06-12 22:00:00+00:00
44.872;0.509;00.509_44.872;33.0;33.0;Bergeracois;BAS-VAL-DORDOGNE;BERGERAC;2026-06-14;24.0;165.0;0.0;0.0;0.0;1.0;1.0;1.0;2.0;2.0;2.0;2.0;1.0;2.0;1.0;2.0;3.0;2026-06-13 22:00:00+00:00
44.872;0.509;00.509_44.872;33.0;33.0;Bergeracois;BAS-VAL-DORDOGNE;BERGERAC;2026-06-15;25.0;166.0;0.0;0.0;0.0;1.0;1.0;1.0;2.0;2.0;2.0;2.0;2.0;2.0;1.0;1.0;3.0;2026-06-14 22:00:00+00:00
44.872;0.509;00.509_44.872;33.0;33.0;Bergeracois;BAS-VAL-DORDOGNE;BERGERAC;2026-06-16;25.0;167.0;0.0;0.0;0.0;1.0;1.0;1.0;1.0;1.0;1.0;1.0;1.0;1.0;1.0;1.0;2.0;2026-06-15 22:00:00+00:00
44.872;0.509;00.509_44.872;33.0;33.0;Bergeracois;BAS-VAL-DORDOGNE;BERGERAC;2026-06-17;25.0;168.0;0.0;0.0;0.0;1.0;1.0;1.0;1.0;1.0;1.0;1.0;2.0;1.0;1.0;2.0;1.0;2026-06-16 22:00:00+00:00
44.872;0.509;00.509_44.872;33.0;33.0;Bergeracois;BAS-VAL-DORDOGNE;BERGERAC;2026-06-18;25.0;169.0;0.0;0.0;0.0;1.0;1.0;1.0;1.0;1.0;1.0;1.0;1.0;2.0;2.0;1.0;1.0;2026-06-17 22:00:00+00:00
44.872;0.509;00.509_44.872;33.0;33.0;Bergeracois;BAS-VAL-DORDOGNE;BERGERAC;2026-06-19;25.0;170.0;0.0;0.0;0.0;1.0;1.0;1.0;1.0;1.0;1.0;4.0;2.0;1.0;2.0;2.0;1.0;2026-06-18 22:00:00+00:00
44.872;0.509;00.509_44.872;33.0;33.0;Bergeracois;BAS-VAL-DORDOGNE;BERGERAC;2026-06-20;25.0;171.0;0.1;0.1;0.1;1.0;1.0;1.0;1.0;1.0;1.0;3.0;2.0;1.0;1.0;2.0;2.0;2026-06-19 22:00:00+00:00
44.872;0.509;00.509_44.872;33.0;33.0;Bergeracois;BAS-VAL-DORDOGNE;BERGERAC;2026-06-21;25.0;172.0;0.0;0.0;0.0;1.0;1.0;1.0;1.0;1.0;1.0;1.0;1.0;3.0;1.0;1.0;4.0;2026-06-20 22:00:00+00:00
44.872;0.509;00.509_44.872;33.0;33.0;Bergeracois;BAS-VAL-DORDOGNE;BERGERAC;2026-06-22;26.0;173.0;0.0;0.0;0.0;1.0;1.0;1.0;1.0;1.0;1.0;3.0;1.0;1.0;1.0;2.0;1.0;2026-06-21 22:00:00+00:00
44.872;0.509;00.509_44.872;33.0;33.0;Bergeracois;BAS-VAL-DORDOGNE;BERGERAC;2026-06-23;26.0;174.0;0.0;0.0;0.0;1.0;1.0;1.0;1.0;1.0;1.0;1.0;1.0;1.0;1.0;1.0;1.0;2026-06-22 22:00:00+00:00
44.872;0.509;00.509_44.872;33.0;33.0;Bergeracois;BAS-VAL-DORDOGNE;BERGERAC;2026-06-24;26.0;175.0;0.0;0.0;0.0;1.0;1.0;1.0;1.0;1.0;1.0;1.0;2.0;2.0;3.0;1.0;2.0;2026-06-23 22:00:00+00:00
44.872;0.509;00.509_44.872;33.0;33.0;Bergeracois;BAS-VAL-DORDOGNE;BERGERAC;2026-06-25;26.0;176.0;0.0;0.0;0.0;1.0;1.0;1.0;1.0;1.0;1.0;3.0;1.0;2.0;2.0;4.0;3.0;2026-06-24 22:00:00+00:00
44.872;0.509;00.509_44.872;33.0;33.0;Bergeracois;BAS-VAL-DORDOGNE;BERGERAC;2026-06-26;26.0;177.0;0.1;0.1;0.1;1.0;1.0;1.0;1.0;1.0;1.0;4.0;1.0;1.0;1.0;2.0;2.0;2026-06-25 22:00:00+00:00
44.872;0.509;00.509_44.872;33.0;33.0;Bergeracois;BAS-VAL-DORDOGNE;BERGERAC;2026-06-27;26.0;178.0;0.0;0.0;0.0;1.0;1.0;1.0;1.0;1.0;1.0;1.0;2.0;2.0;1.0;3.0;2.0;2026-06-26 22:00:00+00:00
44.872;0.509;00.509_44.872;33.0;33.0;Bergeracois;BAS-VAL-DORDOGNE;BERGERAC;2026-06-28;26.0;179.0;9.5;9.5;9.5;1.0;1.0;1.0;1.0;1.0;1.0;1.0;3.0;1.0;1.0;3.0;1.0;2026-06-27 22:00:00+00:00
44.872;0.509;00.509_44.872;33.0;33.0;Bergeracois;BAS-VAL-DORDOGNE;BERGERAC;2026-06-29;27.0;180.0;0.1;0.1;0.1;1.0;1.0;1.0;1.0;1.0;1.0;3.0;1.0;1.0;2.0;1.0;1.0;2026-06-28 22:00:00+00:00
44.872;0.509;00.509_44.872;33.0;33.0;Bergeracois;BAS-VAL-DORDOGNE;BERGERAC;2026-06-30;27.0;181.0;0.0;0.0;0.0;1.0;1.0;1.0;1.0;1.0;1.0;4.0;3.0;3.0;2.0;3.0;3.0;2026-06-29 22:00:00+00:00
44.872;0.509;00.509_44.872;33.0;33.0;Bergeracois;BAS-VAL-DORDOGNE;BERGERAC;2026-07-01;27.0;182.0;0.0;0.0;0.0;1.0;1.0;1.0;1.0;1.0;1.0;1.0;1.0;1.0;2.0;3.0;3.0;2026-06-30 22:00:00+00:00
44.872;0.509;00.509_44.872;33.0;33.0;Bergeracois;BAS-VAL-DORDOGNE;BERGERAC;2026-07-02;27.0;183.0;0.0;0.0;0.0;1.0;1.0;1.0;1.0;1.0;1.0;1.0;1.0;1.0;4.0;1.0;1.0;2026-07-01 22:00:00+00:00
44.872;0.509;00.509_44.872;33.0;33.0;Bergeracois;BAS-VAL-DORDOGNE;BERGERAC;2026-07-03;27.0;184.0;0.0;0.0;0.0;1.0;1.0;1.0;1.0;1.0;1.0;2.0;1.0;3.0;1.0;2.0;4.0;2026-07-02 22:00:00+00:00
44.872;0.509;00.509_44.872;33.0;33.0;Bergeracois;BAS-VAL-DORDOGNE;BERGERAC;2026-07-04;27.0;185.0;0.0;0.0;0.0;1.0;1.0;1.0;1.0;1.0;1.0;2.0;1.0;1.0;1.0;2.0;1.0;2026-07-03 22:00:00+00:00
44.872;0.509;00.509_44.872;33.0;33.0;Bergeracois;BAS-VAL-DORDOGNE;BERGERAC;2026-07-05;27.0;186.0;0.0;0.0;0.0;1.0;1.0;1.0;1.0;1.0;1.0;4.0;3.0;3.0;4.0;1.0;1.0;2026-07-04 22:00:00+00:00
44.872;0.509;00.509_44.872;33.0;33.0;Bergeracois;BAS-VAL-DORDOGNE;BERGERAC;2026-07-06;28.0;187.0;0.0;0.0;0.0;1.0;1.0;1.0;1.0;1.0;1.0;4.0;4.0;2.0;2.0;1.0;1.0;2026-07-05 22:00:00+00:00
44.872;0.509;00.509_44.872;33.0;33.0;Bergeracois;BAS-VAL-DORDOGNE;BERGERAC;2026-07-07;28.0;188.0;0.0;0.0;0.0;1.0;1.0;1.0;1.0;1.0;1.0;2.0;2.0;1.0;3.0;1.0;4.0;2026-07-06 22:00:00+00:00
44.872;0.509;00.509_44.872;33.0;33.0;Bergeracois;BAS-VAL-DORDOGNE;BERGERAC;2026-07-08;28.0;189.0;0.0;0.0;0.0;1.0;1.0;1.0;1.0;1.0;1.0;1.0;2.0;1.0;1.0;1.0;4.0;2026-07-07 22:00:00+00:00
44.872;0.509;00.509_44.872;33.0;33.0;Bergeracois;BAS-VAL-DORDOGNE;BERGERAC;2026-07-09;28.0;190.0;0.0;0.0;0.0;1.0;1.0;1.0;1.0;1.0;1.0;2.0;1.0;3.0;1.0;3.0;1.0;2026-07-08 22:00:00+00:00
44.872;0.509;00.509_44.872;33.0;33.0;Bergeracois;BAS-VAL-DORDOGNE;BERGERAC;2026-07-10;28.0;191.0;4.0;4.0;4.0;1.0;1.0;1.0;1.0;1.0;1.0;1.0;3.0;2.0;1.0;1.0;2.0;2026-07-09 22:00:00+00:00
44.872;0.509;00.509_44.872;33.0;33.0;Bergeracois;BAS-VAL-DORDOGNE;BERGERAC;2026-07-11;28.0;192.0;0.7;0.7;0.7;1.0;1.0;1.0;1.0;1.0;1.0;1.0;1.0;1.0;2.0;2.0;2.0;2026-07-10 22:00:00+00:00
44.872;0.509;00.509_44.872;33.0;33.0;Bergeracois;BAS-VAL-DORDOGNE;BERGERAC;2026-07-12;28.0;193.0;0.1;0.1;0.1;1.0;1.0;1.0;1.0;1.0;1.0;2.0;1.0;3.0;4.0;2.0;2.0;2026-07-11 22:00:00+00:00
44.872;0.509;00.509_44.872;33.0;33.0;Bergeracois;BAS-VAL-DORDOGNE;BERGERAC;2026-07-13;29.0;194.0;0.0;0.0;0.0;1.0;1.0;1.0;1.0;1.0;1.0;2.0;2.0;1.0;1.0;3.0;1.0;2026-07-12 22:00:00+00:00
44.872;0.509;00.509_44.872;33.0;33.0;Bergeracois;BAS-VAL-DORDOGNE;BERGERAC;2026-07-14;29.0;195.0;0.0;0.0;0.0;1.0;1.0;1.0;1.0;1.0;1.0;3.0;1.0;1.0;2.0;1.0;1.0;2026-07-13 22:00:00+00:00
44.872;0.509;00.509_44.872;33.0;33.0;Bergeracois;BAS-VAL-DORDOGNE;BERGERAC;2026-07-15;29.0;196.0;2.6;2.6;2.6;1.0;1.0;1.0;1.0;1.0;1.0;1.0;4.0;1.0;3.0;1.0;2.0;2026-07-14 22:00:00+00:00
44.872;0.509;00.509_44.872;33.0;33.0;Bergeracois;BAS-VAL-DORDOGNE;BERGERAC;2026-07-16;29.0;197.0;5.1000000000000005;5.1000000000000005;5.1000000000000005;1.0;1.0;1.0;1.0;1.0;1.0;3.0;1.0;1.0;1.0;1.0;2.0;2026-07-15 22:00:00+00:00
44.872;0.509;00.509_44.872;33.0;33.0;Bergeracois;BAS-VAL-DORDOGNE;BERGERAC;2026-07-17;29.0;198.0;0.0;0.0;0.0;1.0;1.0;1.0;1.0;1.0;1.0;3.0;1.0;1.0;3.0;2.0;4.0;2026-07-16 22:00:00+00:00
44.872;0.509;00.509_44.872;33.0;33.0;Bergeracois;BAS-VAL-DORDOGNE;BERGERAC;2026-07-18;29.0;199.0;0.0;0.0;0.0;1.0;1.0;1.0;1.0;1.0;1.0;1.0;3.0;2.0;1.0;1.0;1.0;2026-07-17 22:00:00+00:00
44.872;0.509;00.509_44.872;33.0;33.0;Bergeracois;BAS-VAL-DORDOGNE;BERGERAC;2026-07-19;29.0;200.0;0.0;0.0;0.0;1.0;1.0;1.0;1.0;1.0;1.0;2.0;3.0;1.0;2.0;2.0;1.0;2026-07-18 22:00:00+00:00
44.872;0.509;00.509_44.872;33.0;33.0;Bergeracois;BAS-VAL-DORDOGNE;BERGERAC;2026-07-20;30.0;201.0;0.0;0.0;0.0;1.0;1.0;1.0;1.0;1.0;1.0;3.0;3.0;3.0;1.0;3.0;2.0;2026-07-19 22:00:00+00:00
44.872;0.509;00.509_44.872;33.0;33.0;Bergeracois;BAS-VAL-DORDOGNE;BERGERAC;2026-07-21;30.0;202.0;0.0;0.0;0.0;1.0;1.0;1.0;1.0;1.0;1.0;2.0;2.0;2.0;2.0;3.0;1.0;2026-07-20 22:00:00+00:00
44.872;0.509;00.509_44.872;33.0;33.0;Bergeracois;BAS-VAL-DORDOGNE;BERGERAC;2026-07-22;30.0;203.0;0.0;0.0;0.0;1.0;1.0;1.0;1.0;1.0;1.0;2.0;2.0;1.0;3.0;1.0;1.0;2026-07-21 22:00:00+00:00
44.872;0.509;00.509_44.872;33.0;33.0;Bergeracois;BAS-VAL-DORDOGNE;BERGERAC;2026-07-23;30.0;204.0;0.0;0.0;0.0;1.0;1.0;1.0;1.0;1.0;1.0;1.0;1.0;2.0;3.0;2.0;2.0;2026-07-22 22:00:00+00:00
44.872;0.509;00.509_44.872;33.0;33.0;Bergeracois;BAS-VAL-DORDOGNE;BERGERAC;2026-07-24;30.0;205.0;0.1;0.1;0.1;1.0;1.0;1.0;1.0;1.0;1.0;1.0;3.0;2.0;3.0;1.0;3.0;2026-07-23 22:00:00+00:00
44.872;0.509;00.509_44.872;33.0;33.0;Bergeracois;BAS-VAL-DORDOGNE;BERGERAC;2026-07-25;30.0;206.0;6.8;6.8;6.8;1.0;1.0;1.0;1.0;1.0;1.0;2.0;2.0;2.0;2.0;2.0;1.0;2026-07-24 22:00:00+00:00
44.872;0.509;00.509_44.872;33.0;33.0;Bergeracois;BAS-VAL-DORDOGNE;BERGERAC;2026-07-26;30.0;207.0;0.0;0.0;0.0;1.0;1.0;1.0;1.0;1.0;1.0;1.0;1.0;1.0;1.0;3.0;3.0;2026-07-25 22:00:00+00:00
44.872;0.509;00.509_44.872;33.0;33.0;Bergeracois;BAS-VAL-DORDOGNE;BERGERAC;2026-07-27;31.0;208.0;1.3;1.3;1.3;1.0;1.0;1.0;1.0;1.0;1.0;4.0;2.0;1.0;1.0;2.0;2.0;2026-07-26 22:00:00+00:00
44.872;0.509;00.509_44.872;33.0;33.0;Bergeracois;BAS-VAL-DORDOGNE;BERGERAC;2026-07-28;31.0;209.0;0.0;0.0;0.0;1.0;1.0;1.0;1.0;1.0;1.0;2.0;2.0;2.0;1.0;2.0;1.0;2026-07-27 22:00:00+00:00
44.872;0.509;00.509_44.872;33.0;33.0;Bergeracois;BAS-VAL-DORDOGNE;BERGERAC;2026-07-29;31.0;210.0;0.0;0.0;0.0;1.0;1.0;1.0;1.0;1.0;1.0;1.0;4.0;1.0;2.0;3.0;1.0;2026-07-28 22:00:00+00:00
44.872;0.509;00.509_44.872;33.0;33.0;Bergeracois;BAS-VAL-DORDOGNE;BERGERAC;2026-07-30;31.0;211.0;0.0;0.0;0.0;1.0;1.0;1.0;1.0;1.0;1.0;2.0;2.0;3.0;1.0;1.0;2.0;2026-07-29 22:00:00+00:00
44.872;0.509;00.509_44.872;33.0;33.0;Bergeracois;BAS-VAL-DORDOGNE;BERGERAC;2026-07-31;31.0;212.0;0.3;0.3;0.3;1.0;1.0;1.0;1.0;1.0;1.0;4.0;3.0;1.0;1.0;1.0;1.0;2026-07-30 22:00:00+00:00
44.872;0.509;00.509_44.872;33.0;33.0;Bergeracois;BAS-VAL-DORDOGNE;BERGERAC;2026-08-01;31.0;213.0;0.0;0.0;0.0;1.0;1.0;1.0;1.0;1.0;1.0;1.0;2.0;1.0;1.0;1.0;1.0;2026-07-31 22:00:00+00:00
44.872;0.509;00.509_44.872;33.0;33.0;Bergeracois;BAS-VAL-DORDOGNE;BERGERAC;2026-08-02;31.0;214.0;0.0;0.0;0.0;1.0;1.0;1.0;1.0;1.0;1.0;1.0;1.0;3.0;3.0;2.0;1.0;2026-08-01 22:00:00+00:00
44.872;0.509;00.509_44.872;33.0;33.0;Bergeracois;BAS-VAL-DORDOGNE;BERGERAC;2026-08-03;32.0;215.0;2.6;2.6;2.6;3.0;3.0;3.0;1.0;1.0;1.0;1.0;1.0;2.0;2.0;1.0;3.0;2026-08-02 22:00:00+00:00
44.872;0.509;00.509_44.872;33.0;33.0;Bergeracois;BAS-VAL-DORDOGNE;BERGERAC;2026-08-04;32.0;216.0;0.0;0.0;0.0;1.0;1.0;1.0;1.0;1.0;1.0;1.0;1.0;1.0;1.0;1.0;1.0;2026-08-03 22:00:00+00:00
44.872;0.509;00.509_44.872;33.0;33.0;Bergeracois;BAS-VAL-DORDOGNE;BERGERAC;2026-08-05;32.0;217.0;0.0;0.0;0.0;1.0;1.0;1.0;1.0;1.0;1.0;2.0;1.0;2.0;2.0;1.0;1.0;2026-08-04 22:00:00+00:00
44.872;0.509;00.509_44.872;33.0;33.0;Bergeracois;BAS-VAL-DORDOGNE;BERGERAC;2026-08-06;32.0;218.0;0.0;0.0;0.0;1.0;1.0;1.0;1.0;1.0;1.0;1.0;3.0;2.0;1.0;1.0;2.0;2026-08-05 22:00:00+00:00
44.872;0.509;00.509_44.872;33.0;33.0;Bergeracois;BAS-VAL-DORDOGNE;BERGERAC;2026-08-07;32.0;219.0;0.0;0.0;0.0;1.0;1.0;1.0;1.0;1.0;1.0;1.0;2.0;1.0;1.0;1.0;1.0;2026-08-06 22:00:00+00:00
44.872;0.509;00.509_44.872;33.0;33.0;Bergeracois;BAS-VAL-DORDOGNE;BERGERAC;2026-08-08;32.0;220.0;0.0;0.0;0.0;1.0;1.0;1.0;1.0;1.0;1.0;2.0;3.0;1.0;2.0;2.0;2.0;2026-08-07 22:00:00+00:00
44.872;0.509;00.509_44.872;33.0;33.0;Bergeracois;BAS-VAL-DORDOGNE;BERGERAC;2026-08-09;32.0;221.0;5.9;5.9;5.9;1.0;1.0;1.0;1.0;1.0;1.0;2.0;2.0;3.0;1.0;2.0;2.0;2026-08-08 22:00:00+00:00
44.872;0.509;00.509_44.872;33.0;33.0;Bergeracois;BAS-VAL-DORDOGNE;BERGERAC;2026-08-10;33.0;222.0;0.1;0.1;0.1;1.0;1.0;1.0;1.0;1.0;1.0;1.0;1.0;1.0;2.0;1.0;2.0;2026-08-09 22:00:00+00:00
44.872;0.509;00.509_44.872;33.0;33.0;Bergeracois;BAS-VAL-DORDOGNE;BERGERAC;2026-08-11;33.0;223.0;0.0;0.0;0.0;1.0;1.0;1.0;1.0;1.0;1.0;2.0;1.0;1.0;2.0;2.0;1.0;2026-08-10 22:00:00+00:00
44.872;0.509;00.509_44.872;33.0;33.0;Bergeracois;BAS-VAL-DORDOGNE;BERGERAC;2026-08-12;33.0;224.0;0.0;0.0;0.0;1.0;1.0;1.0;1.0;1.0;1.0;2.0;2.0;3.0;1.0;2.0;1.0;2026-08-11 22:00:00+00:00
44.872;0.509;00.509_44.872;33.0;33.0;Bergeracois;BAS-VAL-DORDOGNE;BERGERAC;2026-08-13;33.0;225.0;0.0;0.0;0.0;1.0;1.0;1.0;1.0;1.0;1.0;3.0;1.0;1.0;1.0;3.0;4.0;2026-08-12 22:00:00+00:00
44.872;0.509;00.509_44.872;33.0;33.0;Bergeracois;BAS-VAL-DORDOGNE;BERGERAC;2026-08-14;33.0;226.0;0.0;0.0;0.0;1.0;1.0;1.0;1.0;1.0;1.0;1.0;3.0;1.0;3.0;3.0;3.0;2026-08-13 22:00:00+00:00
44.872;0.509;00.509_44.872;33.0;33.0;Bergeracois;BAS-VAL-DORDOGNE;BERGERAC;2026-08-15;33.0;227.0;2.4;2.4;2.4;1.0;1.0;1.0;1.0;1.0;1.0;1.0;3.0;1.0;2.0;1.0;1.0;2026-08-14 22:00:00+00:00
44.872;0.509;00.509_44.872;33.0;33.0;Bergeracois;BAS-VAL-DORDOGNE;BERGERAC;2026-08-16;33.0;228.0;4.1;4.1;4.1;1.0;1.0;1.0;1.0;1.0;1.0;1.0;1.0;2.0;3.0;2.0;2.0;2026-08-15 22:00:00+00:00
44.872;0.509;00.509_44.872;33.0;33.0;Bergeracois;BAS-VAL-DORDOGNE;BERGERAC;2026-08-17;34.0;229.0;0.0;0.0;0.0;1.0;1.0;1.0;1.0;1.0;1.0;1.0;3.0;2.0;1.0;1.0;2.0;2026-08-16 22:00:00+00:00
44.872;0.509;00.509_44.872;33.0;33.0;Bergeracois;BAS-VAL-DORDOGNE;BERGERAC;2026-08-18;34.0;230.0;0.0;0.0;0.0;1.0;1.0;1.0;1.0;1.0;1.0;1.0;3.0;1.0;2.0;2.0;1.0;2026-08-17 22:00:00+00:00
44.872;0.509;00.509_44.872;33.0;33.0;Bergeracois;BAS-VAL-DORDOGNE;BERGERAC;2026-08-19;34.0;231.0;0.9;0.9;0.9;1.0;1.0;1.0;1.0;1.0;1.0;1.0;1.0;1.0;4.0;4.0;2.0;2026-08-18 22:00:00+00:00
44.872;0.509;00.509_44.872;33.0;33.0;Bergeracois;BAS-VAL-DORDOGNE;BERGERAC;2026-08-20;34.0;232.0;0.2;0.2;0.2;1.0;1.0;1.0;1.0;1.0;1.0;4.0;1.0;3.0;2.0;2.0;1.0;2026-08-19 22:00:00+00:00
44.872;0.509;00.509_44.872;33.0;33.0;Bergeracois;BAS-VAL-DORDOGNE;BERGERAC;2026-08-21;34.0;233.0;3.8;3.8;3.8;1.0;1.0;1.0;1.0;1.0;1.0;2.0;1.0;1.0;2.0;1.0;1.0;2026-08-20 22:00:00+00:00
44.872;0.509;00.509_44.872;33.0;33.0;Bergeracois;BAS-VAL-DORDOGNE;BERGERAC;2026-08-22;34.0;234.0;0.0;0.0;0.0;1.0;1.0;1.0;1.0;1.0;1.0;1.0;1.0;1.0;1.0;1.0;3.0;2026-08-21 22:00:00+00:00
44.872;0.509;00.509_44.872;33.0;33.0;Bergeracois;BAS-VAL-DORDOGNE;BERGERAC;2026-08-23;34.0;235.0;0.1;0.1;0.1;1.0;1.0;1.0;1.0;1.0;1.0;1.0;3.0;2.0;1.0;2.0;1.0;2026-08-22 22:00:00+00:00
44.872;0.509;00.509_44.872;33.0;33.0;Bergeracois;BAS-VAL-DORDOGNE;BERGERAC;2026-08-24;35.0;236.0;3.3000000000000003;3.3000000000000003;3.3000000000000003;1.0;1.0;1.0;1.0;1.0;1.0;1.0;1.0;3.0;1.0;1.0;2.0;2026-08-23 22:00:00+00:00
44.872;0.509;00.509_44.872;33.0;33.0;Bergeracois;BAS-VAL-DORDOGNE;BERGERAC;2026-08-25;;;;;;;;;1.0;1.0;1.0;;;;;;;2026-08-24 22:00:00+00:00
44.872;0.509;00.509_44.872;33.0;33.0;Bergeracois;BAS-VAL-DORDOGNE;BERGERAC;2026-08-26;;;;;;;;;1.0;1.0;1.0;;;;;;;2026-08-25 22:00:00+00:00
44.872;0.509;00.509_44.872;33.0;33.0;Bergeracois;BAS-VAL-DORDOGNE;BERGERAC;2026-08-27;;;;;;;;;1.0;1.0;1.0;;;;;;;2026-08-26 22:00:00+00:00
44.872;0.509;00.509_44.872;33.0;33.0;Bergeracois;BAS-VAL-DORDOGNE;BERGERAC;2026-08-28;;;;;;;;;1.0;1.0;1.0;;;;;;;2026-08-27 22:00:00+00:00
44.872;0.509;00.509_44.872;33.0;33.0;Bergeracois;BAS-VAL-DORDOGNE;BERGERAC;2026-08-29;;;;;;;;;1.0;1.0;1.0;;;;;;;2026-08-28 22:00:00+00:00
44.872;0.509;00.509_44.872;33.0;33.0;Bergeracois;BAS-VAL-DORDOGNE;BERGERAC;2026-08-30;;;;;;;;;1.0;1.0;1.0;;;;;;;2026-08-29 22:00:00+00:00
44.872;0.509;00.509_44.872;33.0;33.0;Bergeracois;BAS-VAL-DORDOGNE;BERGERAC;2026-08-31;;;;;;;;;1.0;1.0;1.0;;;;;;;2026-08-30 22:00:00+00:00
44.872;0.509;00.509_44.872;33.0;33.0;Bergeracois;BAS-VAL-DORDOGNE;BERGERAC;2026-09-01;;;;;;;;;1.0;1.0;1.0;;;;;;;2026-08-31 22:00:00+00:00
44.872;0.509;00.509_44.872;33.0;33.0;Bergeracois;BAS-VAL-DORDOGNE;BERGERAC;2026-09-02;;;;;;;;;1.0;1.0;1.0;;;;;;;2026-09-01 22:00:00+00:00
44.872;0.509;00.509_44.872;33.0;33.0;Bergeracois;BAS-VAL-DORDOGNE;BERGERAC;2026-09-03;;;;;;;;;1.0;1.0;1.0;;;;;;;2026-09-02 22:00:00+00:00
44.872;0.509;00.509_44.872;33.0;33.0;Bergeracois;BAS-VAL-DORDOGNE;BERGERAC;2026-09-04;;;;;;;;;1.0;1.0;1.0;;;;;;;2026-09-03 22:00:00+00:00
44.872;0.509;00.509_44.872;33.0;33.0;Bergeracois;BAS-VAL-DORDOGNE;BERGERAC;2026-09-05;;;;;;;;;1.0;1.0;1.0;;;;;;;2026-09-04 22:00:00+00:00
44.872;0.509;00.509_44.872;33.0;33.0;Bergeracois;BAS-VAL-DORDOGNE;BERGERAC;2026-09-06;;;;;;;;;1.0;1.0;1.0;;;;;;;2026-09-05 22:00:00+00:00
44.872;0.509;00.509_44.872;33.0;33.0;Bergeracois;BAS-VAL-DORDOGNE;BERGERAC;2026-09-07;;;;;;;;;1.0;1.0;1.0;;;;;;;2026-09-06 22:00:00+00:00
44.716;0.665;00.665_44.716;33.0;33.0;Bergeracois;SARLADAIS-SUD-DORDOGNE;BOISSE;2026-01-01;1.0;1.0;0.0;0.0;0.0;1.0;1.0;1.0;;;;1.0;2.0;2.0;1.0;2.0;1.0;2025-12-31 23:00:00+00:00
44.716;0.665;00.665_44.716;33.0;33.0;Bergeracois;SARLADAIS-SUD-DORDOGNE;BOISSE;2026-01-02;1.0;2.0;0.0;0.0;0.0;1.0;1.0;1.0;;;;3.0;2.0;1.0;1.0;2.0;2.0;2026-01-01 23:00:00+00:00
44.716;0.665;00.665_44.716;33.0;33.0;Bergeracois;SARLADAIS-SUD-DORDOGNE;BOISSE;2026-01-03;1.0;3.0;0.0;0.0;0.0;1.0;1.0;1.0;;;;4.0;3.0;1.0;1.0;3.0;1.0;2026-01-02 23:00:00+00:00
44.716;0.665;00.665_44.716;33.0;33.0;Bergeracois;SARLADAIS-SUD-DORDOGNE;BOISSE;2026-01-04;1.0;4.0;0.0;0.0;0.0;1.0;1.0;1.0;;;;1.0;2.0;1.0;1.0;1.0;1.0;2026-01-03 23:00:00+00:00
44.716;0.665;00.665_44.716;33.0;33.0;Bergeracois;SARLADAIS-SUD-DORDOGNE;BOISSE;2026-01-05;2.0;5.0;0.0;0.0;0.0;1.0;1.0;1.0;;;;2.0;2.0;1.0;1.0;2.0;1.0;2026-01-04 23:00:00+00:00
44.716;0.665;00.665_44.716;33.0;33.0;Bergeracois;SARLADAIS-SUD-DORDOGNE;BOISSE;2026-01-06;2.0;6.0;0.0;0.0;0.0;1.0;1.0;1.0;;;;1.0;2.0;1.0;2.0;1.0;1.0;2026-01-05 23:00:00+00:00
44.716;0.665;00.665_44.716;33.0;33.0;Bergeracois;SARLADAIS-SUD-DORDOGNE;BOISSE;2026-01-07;2.0;7.0;2.2;2.2;2.2;1.0;1.0;1.0;;;;2.0;1.0;1.0;2.0;3.0;4.0;2026-01-06 23:00:00+00:00
44.716;0.665;00.665_44.716;33.0;33.0;Bergeracois;SARLADAIS-SUD-DORDOGNE;BOISSE;2026-01-08;2.0;8.0;10.7;10.7;10.7;1.0;1.0;1.0;;;;1.0;2.0;2.0;2.0;2.0;1.0;2026-01-07 23:00:00+00:00
44.716;0.665;00.665_44.716;33.0;33.0;Bergeracois;SARLADAIS-SUD-DORDOGNE;BOISSE;2026-01-09;2.0;9.0;10.9;10.9;10.9;1.0;1.0;1.0;;;;3.0;1.0;1.0;1.0;3.0;1.0;2026-01-08 23:00:00+00:00
44.716;0.665;00.665_44.716;33.0;33.0;Bergeracois;SARLADAIS-SUD-DORDOGNE;BOISSE;2026-01-10;2.0;10.0;0.7;0.7;0.7;1.0;1.0;1.0;;;;2.0;1.0;2.0;1.0;1.0;1.0;2026-01-09 23:00:00+00:00
44.716;0.665;00.665_44.716;33.0;33.0;Bergeracois;SARLADAIS-SUD-DORDOGNE;BOISSE;2026-01-11;2.0;11.0;0.0;0.0;0.0;1.0;1.0;1.0;;;;1.0;2.0;3.0;2.0;2.0;1.0;2026-01-10 23:00:00+00:00
44.716;0.665;00.665_44.716;33.0;33.0;Bergeracois;SARLADAIS-SUD-DORDOGNE;BOISSE;2026-01-12;3.0;12.0;0.0;0.0;0.0;1.0;1.0;1.0;;;;1.0;2.0;3.0;2.0;1.0;1.0;2026-01-11 23:00:00+00:00
44.716;0.665;00.665_44.716;33.0;33.0;Bergeracois;SARLADAIS-SUD-DORDOGNE;BOISSE;2026-01-13;3.0;13.0;0.0;0.0;0.0;1.0;1.0;1.0;;;;1.0;2.0;1.0;1.0;1.0;1.0;2026-01-12 23:00:00+00:00
44.716;0.665;00.665_44.716;33.0;33.0;Bergeracois;SARLADAIS-SUD-DORDOGNE;BOISSE;2026-01-14;3.0;14.0;0.1;0.1;0.1;1.0;1.0;1.0;;;;2.0;1.0;2.0;2.0;2.0;2.0;2026-01-13 23:00:00+00:00
44.716;0.665;00.665_44.716;33.0;33.0;Bergeracois;SARLADAIS-SUD-DORDOGNE;BOISSE;2026-01-15;3.0;15.0;3.8;3.8;3.8;1.0;1.0;1.0;;;;1.0;2.0;2.0;2.0;1.0;3.0;2026-01-14 23:00:00+00:00
44.716;0.665;00.665_44.716;33.0;33.0;Bergeracois;SARLADAIS-SUD-DORDOGNE;BOISSE;2026-01-16;3.0;16.0;5.7;5.7;5.7;1.0;1.0;1.0;;;;1.0;2.0;1.0;2.0;1.0;3.0;2026-01-15 23:00:00+00:00
44.716;0.665;00.665_44.716;33.0;33.0;Bergeracois;SARLADAIS-SUD-DORDOGNE;BOISSE;2026-01-17;3.0;17.0;1.8;1.8;1.8;1.0;1.0;1.0;;;;1.0;1.0;1.0;1.0;2.0;1.0;2026-01-16 23:00:00+00:00
44.716;0.665;00.665_44.716;33.0;33.0;Bergeracois;SARLADAIS-SUD-DORDOGNE;BOISSE;2026-01-18;3.0;18.0;1.3000000000000005;1.3000000000000005;1.3000000000000005;1.0;1.0;1.0;;;;2.0;4.0;1.0;2.0;1.0;1.0;2026-01-17 23:00:00+00:00
44.716;0.665;00.665_44.716;33.0;33.0;Bergeracois;SARLADAIS-SUD-DORDOGNE;BOISSE;2026-01-19;4.0;19.0;1.9;1.9;1.9;1.0;1.0;1.0;;;;2.0;2.0;2.0;1.0;3.0;3.0;2026-01-18 23:00:00+00:00
44.716;0.665;00.665_44.716;33.0;33.0;Bergeracois;SARLADAIS-SUD-DORDOGNE;BOISSE;2026-01-20;4.0;20.0;0.3;0.3;0.3;1.0;1.0;1.0;;;;1.0;2.0;2.0;2.0;1.0;2.0;2026-01-19 23:00:00+00:00
44.716;0.665;00.665_44.716;33.0;33.0;Bergeracois;SARLADAIS-SUD-DORDOGNE;BOISSE;2026-01-21;4.0;21.0;4.0;4.0;4.0;1.0;1.0;1.0;;;;2.0;2.0;2.0;1.0;2.0;2.0;2026-01-20 23:00:00+00:00
44.716;0.665;00.665_44.716;33.0;33.0;Bergeracois;SARLADAIS-SUD-DORDOGNE;BOISSE;2026-01-22;4.0;22.0;0.8;0.8;0.8;1.0;1.0;1.0;;;;2.0;1.0;2.0;4.0;1.0;1.0;2026-01-21 23:00:00+00:00
44.716;0.665;00.665_44.716;33.0;33.0;Bergeracois;SARLADAIS-SUD-DORDOGNE;BOISSE;2026-01-23;4.0;23.0;2.4;2.4;2.4;1.0;1.0;1.0;;;;1.0;2.0;2.0;1.0;2.0;1.0;2026-01-22 23:00:00+00:00
44.716;0.665;00.665_44.716;33.0;33.0;Bergeracois;SARLADAIS-SUD-DORDOGNE;BOISSE;2026-01-24;4.0;24.0;3.9;3.9;3.9;1.0;1.0;1.0;;;;2.0;1.0;2.0;3.0;2.0;2.0;2026-01-23 23:00:00+00:00
44.716;0.665;00.665_44.716;33.0;33.0;Bergeracois;SARLADAIS-SUD-DORDOGNE;BOISSE;2026-01-25;4.0;25.0;11.0;11.0;11.0;1.0;1.0;1.0;;;;1.0;1.0;3.0;3.0;2.0;1.0;2026-01-24 23:00:00+00:00
44.716;0.665;00.665_44.716;33.0;33.0;Bergeracois;SARLADAIS-SUD-DORDOGNE;BOISSE;2026-01-26;5.0;26.0;0.0;0.0;0.0;1.0;1.0;1.0;;;;2.0;2.0;2.0;1.0;1.0;3.0;2026-01-25 23:00:00+00:00
44.716;0.665;00.665_44.716;33.0;33.0;Bergeracois;SARLADAIS-SUD-DORDOGNE;BOISSE;2026-01-27;5.0;27.0;7.1;7.1;7.1;1.0;1.0;1.0;;;;1.0;2.0;3.0;2.0;2.0;3.0;2026-01-26 23:00:00+00:00
44.716;0.665;00.665_44.716;33.0;33.0;Bergeracois;SARLADAIS-SUD-DORDOGNE;BOISSE;2026-01-28;5.0;28.0;6.8;6.8;6.8;1.0;1.0;1.0;;;;2.0;2.0;2.0;1.0;1.0;2.0;2026-01-27 23:00:00+00:00
44.716;0.665;00.665_44.716;33.0;33.0;Bergeracois;SARLADAIS-SUD-DORDOGNE;BOISSE;2026-01-29;5.0;29.0;1.4;1.4;1.4;1.0;1.0;1.0;;;;1.0;2.0;2.0;1.0;2.0;2.0;2026-01-28 23:00:00+00:00
44.716;0.665;00.665_44.716;33.0;33.0;Bergeracois;SARLADAIS-SUD-DORDOGNE;BOISSE;2026-01-30;5.0;30.0;3.9;3.9;3.9;1.0;1.0;1.0;;;;1.0;2.0;1.0;2.0;4.0;2.0;2026-01-29 23:00:00+00:00
44.716;0.665;00.665_44.716;33.0;33.0;Bergeracois;SARLADAIS-SUD-DORDOGNE;BOISSE;2026-01-31;5.0;31.0;4.1;4.1;4.1;1.0;1.0;1.0;;;;1.0;2.0;1.0;1.0;3.0;2.0;2026-01-30 23:00:00+00:00
44.716;0.665;00.665_44.716;33.0;33.0;Bergeracois;SARLADAIS-SUD-DORDOGNE;BOISSE;2026-02-01;5.0;32.0;1.3;1.3;1.3;1.0;1.0;1.0;;;;3.0;3.0;1.0;4.0;1.0;1.0;2026-01-31 23:00:00+00:00
44.716;0.665;00.665_44.716;33.0;33.0;Bergeracois;SARLADAIS-SUD-DORDOGNE;BOISSE;2026-02-02;6.0;33.0;7.5;7.5;7.5;1.0;1.0;1.0;;;;2.0;1.0;1.0;1.0;1.0;1.0;2026-02-01 23:00:00+00:00
44.716;0.665;00.665_44.716;33.0;33.0;Bergeracois;SARLADAIS-SUD-DORDOGNE;BOISSE;2026-02-03;6.0;34.0;3.8;3.8;3.8;1.0;1.0;1.0;;;;1.0;3.0;3.0;1.0;2.0;2.0;2026-02-02 23:00:00+00:00
44.716;0.665;00.665_44.716;33.0;33.0;Bergeracois;SARLADAIS-SUD-DORDOGNE;BOISSE;2026-02-04;6.0;35.0;1.8;1.8;1.8;1.0;1.0;1.0;;;;1.0;1.0;1.0;1.0;2.0;1.0;2026-02-03 23:00:00+00:00
44.716;0.665;00.665_44.716;33.0;33.0;Bergeracois;SARLADAIS-SUD-DORDOGNE;BOISSE;2026-02-05;6.0;36.0;11.9;11.9;11.9;1.0;1.0;1.0;;;;1.0;2.0;1.0;2.0;2.0;1.0;2026-02-04 23:00:00+00:00
44.716;0.665;00.665_44.716;33.0;33.0;Bergeracois;SARLADAIS-SUD-DORDOGNE;BOISSE;2026-02-06;6.0;37.0;4.7;4.7;4.7;1.0;1.0;1.0;;;;1.0;2.0;1.0;3.0;2.0;1.0;2026-02-05 23:00:00+00:00
44.716;0.665;00.665_44.716;33.0;33.0;Bergeracois;SARLADAIS-SUD-DORDOGNE;BOISSE;2026-02-07;6.0;38.0;2.0;2.0;2.0;1.0;1.0;1.0;;;;2.0;1.0;2.0;1.0;2.0;3.0;2026-02-06 23:00:00+00:00
44.716;0.665;00.665_44.716;33.0;33.0;Bergeracois;SARLADAIS-SUD-DORDOGNE;BOISSE;2026-02-08;6.0;39.0;0.0;0.0;0.0;1.0;1.0;1.0;;;;1.0;1.0;1.0;1.0;2.0;3.0;2026-02-07 23:00:00+00:00
44.716;0.665;00.665_44.716;33.0;33.0;Bergeracois;SARLADAIS-SUD-DORDOGNE;BOISSE;2026-02-09;7.0;40.0;2.4;2.4;2.4;1.0;1.0;1.0;;;;2.0;3.0;1.0;1.0;1.0;3.0;2026-02-08 23:00:00+00:00
44.716;0.665;00.665_44.716;33.0;33.0;Bergeracois;SARLADAIS-SUD-DORDOGNE;BOISSE;2026-02-10;7.0;41.0;22.0;22.0;22.0;1.0;1.0;1.0;;;;1.0;1.0;1.0;3.0;1.0;1.0;2026-02-09 23:00:00+00:00
44.716;0.665;00.665_44.716;33.0;33.0;Bergeracois;SARLADAIS-SUD-DORDOGNE;BOISSE;2026-02-11;7.0;42.0;11.8;11.8;11.8;1.0;1.0;1.0;;;;3.0;3.0;1.0;1.0;3.0;2.0;2026-02-10 23:00:00+00:00
44.716;0.665;00.665_44.716;33.0;33.0;Bergeracois;SARLADAIS-SUD-DORDOGNE;BOISSE;2026-02-12;7.0;43.0;20.9;20.9;20.9;1.0;1.0;1.0;;;;3.0;1.0;1.0;1.0;1.0;1.0;2026-02-11 23:00:00+00:00
44.716;0.665;00.665_44.716;33.0;33.0;Bergeracois;SARLADAIS-SUD-DORDOGNE;BOISSE;2026-02-13;7.0;44.0;1.2000000000000002;1.2000000000000002;1.2000000000000002;1.0;1.0;1.0;;;;1.0;1.0;1.0;1.0;1.0;4.0;2026-02-12 23:00:00+00:00
44.716;0.665;00.665_44.716;33.0;33.0;Bergeracois;SARLADAIS-SUD-DORDOGNE;BOISSE;2026-02-14;7.0;45.0;0.8;0.8;0.8;1.0;1.0;1.0;;;;4.0;2.0;1.0;2.0;2.0;1.0;2026-02-13 23:00:00+00:00
44.716;0.665;00.665_44.716;33.0;33.0;Bergeracois;SARLADAIS-SUD-DORDOGNE;BOISSE;2026-02-15;7.0;46.0;7.1;7.1;7.1;1.0;1.0;1.0;;;;1.0;1.0;3.0;3.0;1.0;2.0;2026-02-14 23:00:00+00:00
44.716;0.665;00.665_44.716;33.0;33.0;Bergeracois;SARLADAIS-SUD-DORDOGNE;BOISSE;2026-02-16;8.0;47.0;4.1000000000000005;4.1000000000000005;4.1000000000000005;1.0;1.0;1.0;;;;1.0;1.0;1.0;1.0;1.0;1.0;2026-02-15 23:00:00+00:00
44.716;0.665;00.665_44.716;33.0;33.0;Bergeracois;SARLADAIS-SUD-DORDOGNE;BOISSE;2026-02-17;8.0;48.0;0.3;0.3;0.3;1.0;1.0;1.0;;;;1.0;3.0;1.0;1.0;3.0;2.0;2026-02-16 23:00:00+00:00
44.716;0.665;00.665_44.716;33.0;33.0;Bergeracois;SARLADAIS-SUD-DORDOGNE;BOISSE;2026-02-18;8.0;49.0;3.6;3.6;3.6;1.0;1.0;1.0;;;;3.0;3.0;1.0;2.0;3.0;1.0;2026-02-17 23:00:00+00:00
44.716;0.665;00.665_44.716;33.0;33.0;Bergeracois;SARLADAIS-SUD-DORDOGNE;BOISSE;2026-02-19;8.0;50.0;8.8;8.8;8.8;1.0;1.0;1.0;;;;2.0;1.0;1.0;3.0;2.0;3.0;2026-02-18 23:00:00+00:00
44.716;0.665;00.665_44.716;33.0;33.0;Bergeracois;SARLADAIS-SUD-DORDOGNE;BOISSE;2026-02-20;8.0;51.0;0.2;0.2;0.2;1.0;1.0;1.0;;;;1.0;2.0;3.0;1.0;1.0;3.0;2026-02-19 23:00:00+00:00
44.716;0.665;00.665_44.716;33.0;33.0;Bergeracois;SARLADAIS-SUD-DORDOGNE;BOISSE;2026-02-21;8.0;52.0;0.0;0.0;0.0;1.0;1.0;1.0;;;;1.0;2.0;1.0;1.0;2.0;1.0;2026-02-20 23:00:00+00:00
44.716;0.665;00.665_44.716;33.0;33.0;Bergeracois;SARLADAIS-SUD-DORDOGNE;BOISSE;2026-02-22;8.0;53.0;0.0;0.0;0.0;1.0;1.0;1.0;;;;3.0;1.0;4.0;2.0;3.0;3.0;2026-02-21 23:00:00+00:00
44.716;0.665;00.665_44.716;33.0;33.0;Bergeracois;SARLADAIS-SUD-DORDOGNE;BOISSE;2026-02-23;9.0;54.0;0.0;0.0;0.0;1.0;1.0;1.0;;;;3.0;3.0;1.0;3.0;1.0;1.0;2026-02-22 23:00:00+00:00
44.716;0.665;00.665_44.716;33.0;33.0;Bergeracois;SARLADAIS-SUD-DORDOGNE;BOISSE;2026-02-24;9.0;55.0;0.0;0.0;0.0;1.0;1.0;1.0;;;;1.0;1.0;1.0;1.0;1.0;1.0;2026-02-23 23:00:00+00:00
44.716;0.665;00.665_44.716;33.0;33.0;Bergeracois;SARLADAIS-SUD-DORDOGNE;BOISSE;2026-02-25;9.0;56.0;0.0;0.0;0.0;1.0;1.0;1.0;;;;2.0;1.0;2.0;2.0;1.0;1.0;2026-02-24 23:00:00+00:00
44.716;0.665;00.665_44.716;33.0;33.0;Bergeracois;SARLADAIS-SUD-DORDOGNE;BOISSE;2026-02-26;9.0;57.0;0.0;0.0;0.0;1.0;1.0;1.0;;;;1.0;2.0;3.0;1.0;1.0;2.0;2026-02-25 23:00:00+00:00
44.716;0.665;00.665_44.716;33.0;33.0;Bergeracois;SARLADAIS-SUD-DORDOGNE;BOISSE;2026-02-27;9.0;58.0;0.0;0.0;0.0;1.0;1.0;1.0;;;;2.0;1.0;1.0;3.0;3.0;2.0;2026-02-26 23:00:00+00:00
44.716;0.665;00.665_44.716;33.0;33.0;Bergeracois;SARLADAIS-SUD-DORDOGNE;BOISSE;2026-02-28;9.0;59.0;1.7000000000000002;1.7000000000000002;1.7000000000000002;1.0;1.0;1.0;;;;1.0;2.0;1.0;1.0;1.0;1.0;2026-02-27 23:00:00+00:00
44.716;0.665;00.665_44.716;33.0;33.0;Bergeracois;SARLADAIS-SUD-DORDOGNE;BOISSE;2026-03-01;9.0;60.0;0.0;0.0;0.0;1.0;1.0;1.0;;;;1.0;1.0;2.0;3.0;2.0;1.0;2026-02-28 23:00:00+00:00
44.716;0.665;00.665_44.716;33.0;33.0;Bergeracois;SARLADAIS-SUD-DORDOGNE;BOISSE;2026-03-02;10.0;61.0;0.0;0.0;0.0;1.0;1.0;1.0;;;;3.0;1.0;1.0;2.0;2.0;1.0;2026-03-01 23:00:00+00:00
44.716;0.665;00.665_44.716;33.0;33.0;Bergeracois;SARLADAIS-SUD-DORDOGNE;BOISSE;2026-03-03;10.0;62.0;0.0;0.0;0.0;1.0;1.0;1.0;;;;1.0;3.0;4.0;3.0;3.0;3.0;2026-03-02 23:00:00+00:00
44.716;0.665;00.665_44.716;33.0;33.0;Bergeracois;SARLADAIS-SUD-DORDOGNE;BOISSE;2026-03-04;10.0;63.0;0.0;0.0;0.0;1.0;1.0;1.0;;;;1.0;3.0;1.0;2.0;2.0;1.0;2026-03-03 23:00:00+00:00
44.716;0.665;00.665_44.716;33.0;33.0;Bergeracois;SARLADAIS-SUD-DORDOGNE;BOISSE;2026-03-05;10.0;64.0;1.1;1.1;1.1;1.0;1.0;1.0;;;;1.0;1.0;2.0;1.0;1.0;2.0;2026-03-04 23:00:00+00:00
44.716;0.665;00.665_44.716;33.0;33.0;Bergeracois;SARLADAIS-SUD-DORDOGNE;BOISSE;2026-03-06;10.0;65.0;0.3;0.3;0.3;1.0;1.0;1.0;;;;1.0;1.0;1.0;2.0;3.0;2.0;2026-03-05 23:00:00+00:00
44.716;0.665;00.665_44.716;33.0;33.0;Bergeracois;SARLADAIS-SUD-DORDOGNE;BOISSE;2026-03-07;10.0;66.0;0.2;0.2;0.2;1.0;1.0;1.0;;;;2.0;1.0;2.0;1.0;1.0;3.0;2026-03-06 23:00:00+00:00
44.716;0.665;00.665_44.716;33.0;33.0;Bergeracois;SARLADAIS-SUD-DORDOGNE;BOISSE;2026-03-08;10.0;67.0;0.8;0.8;0.8;1.0;1.0;1.0;;;;4.0;2.0;1.0;2.0;1.0;1.0;2026-03-07 23:00:00+00:00
44.716;0.665;00.665_44.716;33.0;33.0;Bergeracois;SARLADAIS-SUD-DORDOGNE;BOISSE;2026-03-09;11.0;68.0;0.2;0.2;0.2;1.0;1.0;1.0;;;;3.0;2.0;1.0;1.0;2.0;1.0;2026-03-08 23:00:00+00:00
44.716;0.665;00.665_44.716;33.0;33.0;Bergeracois;SARLADAIS-SUD-DORDOGNE;BOISSE;2026-03-10;11.0;69.0;0.1;0.1;0.1;1.0;1.0;1.0;;;;2.0;2.0;4.0;1.0;1.0;2.0;2026-03-09 23:00:00+00:00
44.716;0.665;00.665_44.716;33.0;33.0;Bergeracois;SARLADAIS-SUD-DORDOGNE;BOISSE;2026-03-11;11.0;70.0;4.0;4.0;4.0;1.0;1.0;1.0;;;;1.0;3.0;1.0;3.0;1.0;1.0;2026-03-10 23:00:00+00:00
44.716;0.665;00.665_44.716;33.0;33.0;Bergeracois;SARLADAIS-SUD-DORDOGNE;BOISSE;2026-03-12;11.0;71.0;0.0;0.0;0.0;1.0;1.0;1.0;;;;4.0;1.0;1.0;2.0;3.0;2.0;2026-03-11 23:00:00+00:00
44.716;0.665;00.665_44.716;33.0;33.0;Bergeracois;SARLADAIS-SUD-DORDOGNE;BOISSE;2026-03-13;11.0;72.0;6.6000000000000005;6.6000000000000005;6.6000000000000005;1.0;1.0;1.0;;;;1.0;1.0;1.0;3.0;3.0;2.0;2026-03-12 23:00:00+00:00
44.716;0.665;00.665_44.716;33.0;33.0;Bergeracois;SARLADAIS-SUD-DORDOGNE;BOISSE;2026-03-14;11.0;73.0;6.3;6.3;6.3;1.0;1.0;1.0;;;;2.0;1.0;1.0;2.0;3.0;2.0;2026-03-13 23:00:00+00:00
44.716;0.665;00.665_44.716;33.0;33.0;Bergeracois;SARLADAIS-SUD-DORDOGNE;BOISSE;2026-03-15;11.0;74.0;0.0;0.0;0.0;1.0;1.0;1.0;;;;3.0;1.0;2.0;1.0;3.0;2.0;2026-03-14 23:00:00+00:00
44.716;0.665;00.665_44.716;33.0;33.0;Bergeracois;SARLADAIS-SUD-DORDOGNE;BOISSE;2026-03-16;12.0;75.0;0.1;0.1;0.1;1.0;1.0;1.0;;;;1.0;3.0;2.0;2.0;1.0;1.0;2026-03-15 23:00:00+00:00
44.716;0.665;00.665_44.716;33.0;33.0;Bergeracois;SARLADAIS-SUD-DORDOGNE;BOISSE;2026-03-17;12.0;76.0;0.0;0.0;0.0;1.0;1.0;1.0;;;;1.0;1.0;1.0;4.0;2.0;1.0;2026-03-16 23:00:00+00:00
44.716;0.665;00.665_44.716;33.0;33.0;Bergeracois;SARLADAIS-SUD-DORDOGNE;BOISSE;2026-03-18;12.0;77.0;0.0;0.0;0.0;1.0;1.0;1.0;;;;2.0;1.0;1.0;1.0;3.0;1.0;2026-03-17 23:00:00+00:00
44.716;0.665;00.665_44.716;33.0;33.0;Bergeracois;SARLADAIS-SUD-DORDOGNE;BOISSE;2026-03-19;12.0;78.0;0.0;0.0;0.0;1.0;1.0;1.0;;;;1.0;2.0;4.0;2.0;2.0;1.0;2026-03-18 23:00:00+00:00
44.716;0.665;00.665_44.716;33.0;33.0;Bergeracois;SARLADAIS-SUD-DORDOGNE;BOISSE;2026-03-20;12.0;79.0;0.0;0.0;0.0;1.0;1.0;1.0;;;;1.0;1.0;1.0;1.0;1.0;3.0;2026-03-19 23:00:00+00:00
44.716;0.665;00.665_44.716;33.0;33.0;Bergeracois;SARLADAIS-SUD-DORDOGNE;BOISSE;2026-03-21;12.0;80.0;0.0;0.0;0.0;1.0;1.0;1.0;;;;1.0;1.0;1.0;1.0;1.0;2.0;2026-03-20 23:00:00+00:00
44.716;0.665;00.665_44.716;33.0;33.0;Bergeracois;SARLADAIS-SUD-DORDOGNE;BOISSE;2026-03-22;12.0;81.0;0.0;0.0;0.0;1.0;1.0;1.0;;;;2.0;1.0;3.0;3.0;1.0;1.0;2026-03-21 23:00:00+00:00
44.716;0.665;00.665_44.716;33.0;33.0;Bergeracois;SARLADAIS-SUD-DORDOGNE;BOISSE;2026-03-23;13.0;82.0;0.0;0.0;0.0;1.0;1.0;1.0;;;;1.0;1.0;1.0;2.0;1.0;2.0;2026-03-22 23:00:00+00:00
44.716;0.665;00.665_44.716;33.0;33.0;Bergeracois;SARLADAIS-SUD-DORDOGNE;BOISSE;2026-03-24;13.0;83.0;0.0;0.0;0.0;1.0;1.0;1.0;;;;3.0;2.0;1.0;1.0;2.0;2.0;2026-03-23 23:00:00+00:00
44.716;0.665;00.665_44.716;33.0;33.0;Bergeracois;SARLADAIS-SUD-DORDOGNE;BOISSE;2026-03-25;13.0;84.0;0.5;0.5;0.5;1.0;1.0;1.0;;;;1.0;1.0;1.0;4.0;3.0;1.0;2026-03-24 23:00:00+00:00
44.716;0.665;00.665_44.716;33.0;33.0;Bergeracois;SARLADAIS-SUD-DORDOGNE;BOISSE;2026-03-26;13.0;85.0;0.0;0.0;0.0;1.0;1.0;1.0;;;;1.0;2.0;1.0;1.0;3.0;1.0;2026-03-25 23:00:00+00:00
44.716;0.665;00.665_44.716;33.0;33.0;Bergeracois;SARLADAIS-SUD-DORDOGNE;BOISSE;2026-03-27;13.0;86.0;0.0;0.0;0.0;1.0;1.0;1.0;;;;1.0;1.0;1.0;1.0;2.0;3.0;2026-03-26 23:00:00+00:00
44.716;0.665;00.665_44.716;33.0;33.0;Bergeracois;SARLADAIS-SUD-DORDOGNE;BOISSE;2026-03-28;13.0;87.0;1.1;1.1;1.1;1.0;1.0;1.0;;;;1.0;1.0;1.0;2.0;1.0;1.0;2026-03-27 23:00:00+00:00
44.716;0.665;00.665_44.716;33.0;33.0;Bergeracois;SARLADAIS-SUD-DORDOGNE;BOISSE;2026-03-29;13.0;88.0;0.0;0.0;0.0;1.0;1.0;1.0;;;;1.0;1.0;1.0;2.0;1.0;1.0;2026-03-28 23:00:00+00:00
44.716;0.665;00.665_44.716;33.0;33.0;Bergeracois;SARLADAIS-SUD-DORDOGNE;BOISSE;2026-03-30;14.0;89.0;0.6;0.6;0.6;1.0;1.0;1.0;;;;3.0;1.0;1.0;2.0;1.0;2.0;2026-03-29 22:00:00+00:00
44.716;0.665;00.665_44.716;33.0;33.0;Bergeracois;SARLADAIS-SUD-DORDOGNE;BOISSE;2026-03-31;14.0;90.0;0.3999999999999999;0.3999999999999999;0.3999999999999999;1.0;1.0;1.0;2.0;2.0;2.0;2.0;1.0;3.0;2.0;1.0;1.0;2026-03-30 22:00:00+00:00
44.716;0.665;00.665_44.716;33.0;33.0;Bergeracois;SARLADAIS-SUD-DORDOGNE;BOISSE;2026-04-01;14.0;91.0;0.1;0.1;0.1;1.0;1.0;1.0;2.0;2.0;2.0;2.0;1.0;2.0;3.0;2.0;3.0;2026-03-31 22:00:00+00:00
44.716;0.665;00.665_44.716;33.0;33.0;Bergeracois;SARLADAIS-SUD-DORDOGNE;BOISSE;2026-04-02;14.0;92.0;0.0;0.0;0.0;1.0;1.0;1.0;2.0;2.0;2.0;1.0;2.0;2.0;4.0;1.0;1.0;2026-04-01 22:00:00+00:00
44.716;0.665;00.665_44.716;33.0;33.0;Bergeracois;SARLADAIS-SUD-DORDOGNE;BOISSE;2026-04-03;14.0;93.0;0.4;0.4;0.4;1.0;1.0;1.0;2.0;2.0;2.0;3.0;3.0;2.0;1.0;1.0;3.0;2026-04-02 22:00:00+00:00
44.716;0.665;00.665_44.716;33.0;33.0;Bergeracois;SARLADAIS-SUD-DORDOGNE;BOISSE;2026-04-04;14.0;94.0;0.0;0.0;0.0;1.0;1.0;1.0;2.0;2.0;2.0;3.0;2.0;1.0;1.0;1.0;2.0;2026-04-03 22:00:00+00:00
44.716;0.665;00.665_44.716;33.0;33.0;Bergeracois;SARLADAIS-SUD-DORDOGNE;BOISSE;2026-04-05;14.0;95.0;0.0;0.0;0.0;1.0;1.0;1.0;2.0;2.0;2.0;2.0;1.0;3.0;1.0;1.0;2.0;2026-04-04 22:00:00+00:00
44.716;0.665;00.665_44.716;33.0;33.0;Bergeracois;SARLADAIS-SUD-DORDOGNE;BOISSE;2026-04-06;15.0;96.0;0.0;0.0;0.0;1.0;1.0;1.0;2.0;2.0;2.0;1.0;1.0;1.0;3.0;1.0;3.0;2026-04-05 22:00:00+00:00
44.716;0.665;00.665_44.716;33.0;33.0;Bergeracois;SARLADAIS-SUD-DORDOGNE;BOISSE;2026-04-07;15.0;97.0;0.0;0.0;0.0;1.0;1.0;1.0;2.0;2.0;2.0;1.0;1.0;2.0;2.0;1.0;1.0;2026-04-06 22:00:00+00:00
44.716;0.665;00.665_44.716;33.0;33.0;Bergeracois;SARLADAIS-SUD-DORDOGNE;BOISSE;2026-04-08;15.0;98.0;0.0;0.0;0.0;1.0;1.0;1.0;2.0;2.0;2.0;3.0;4.0;1.0;1.0;3.0;2.0;2026-04-07 22:00:00+00:00
44.716;0.665;00.665_44.716;33.0;33.0;Bergeracois;SARLADAIS-SUD-DORDOGNE;BOISSE;2026-04-09;15.0;99.0;0.0;0.0;0.0;1.0;1.0;1.0;2.0;2.0;2.0;2.0;2.0;2.0;1.0;1.0;1.0;2026-04-08 22:00:00+00:00
44.716;0.665;00.665_44.716;33.0;33.0;Bergeracois;SARLADAIS-SUD-DORDOGNE;BOISSE;2026-04-10;15.0;100.0;0.0;0.0;0.0;1.0;1.0;1.0;2.0;2.0;2.0;1.0;3.0;1.0;1.0;1.0;2.0;2026-04-09 22:00:00+00:00
44.716;0.665;00.665_44.716;33.0;33.0;Bergeracois;SARLADAIS-SUD-DORDOGNE;BOISSE;2026-04-11;15.0;101.0;12.9;12.9;12.9;1.0;1.0;1.0;2.0;2.0;2.0;1.0;2.0;1.0;3.0;1.0;1.0;2026-04-10 22:00:00+00:00
44.716;0.665;00.665_44.716;33.0;33.0;Bergeracois;SARLADAIS-SUD-DORDOGNE;BOISSE;2026-04-12;15.0;102.0;1.0;1.0;1.0;1.0;1.0;1.0;;2.0;;2.0;1.0;1.0;2.0;3.0;1.0;2026-04-11 22:00:00+00:00
44.716;0.665;00.665_44.716;33.0;33.0;Bergeracois;SARLADAIS-SUD-DORDOGNE;BOISSE;2026-04-13;16.0;103.0;3.6;3.6;3.6;1.0;1.0;1.0;;2.0;;2.0;1.0;1.0;4.0;1.0;4.0;2026-04-12 22:00:00+00:00
44.716;0.665;00.665_44.716;33.0;33.0;Bergeracois;SARLADAIS-SUD-DORDOGNE;BOISSE;2026-04-14;16.0;104.0;0.0;0.0;0.0;1.0;1.0;1.0;;2.0;;3.0;4.0;2.0;1.0;1.0;1.0;2026-04-13 22:00:00+00:00
44.716;0.665;00.665_44.716;33.0;33.0;Bergeracois;SARLADAIS-SUD-DORDOGNE;BOISSE;2026-04-15;16.0;105.0;0.0;0.0;0.0;1.0;1.0;1.0;;2.0;;1.0;2.0;1.0;1.0;2.0;2.0;2026-04-14 22:00:00+00:00
44.716;0.665;00.665_44.716;33.0;33.0;Bergeracois;SARLADAIS-SUD-DORDOGNE;BOISSE;2026-04-16;16.0;106.0;0.0;0.0;0.0;1.0;1.0;1.0;;2.0;;1.0;1.0;1.0;1.0;1.0;2.0;2026-04-15 22:00:00+00:00
44.716;0.665;00.665_44.716;33.0;33.0;Bergeracois;SARLADAIS-SUD-DORDOGNE;BOISSE;2026-04-17;16.0;107.0;0.0;0.0;0.0;1.0;1.0;1.0;;2.0;;1.0;2.0;1.0;1.0;1.0;2.0;2026-04-16 22:00:00+00:00
44.716;0.665;00.665_44.716;33.0;33.0;Bergeracois;SARLADAIS-SUD-DORDOGNE;BOISSE;2026-04-18;16.0;108.0;0.0;0.0;0.0;1.0;1.0;1.0;;2.0;;2.0;1.0;1.0;3.0;1.0;2.0;2026-04-17 22:00:00+00:00
44.716;0.665;00.665_44.716;33.0;33.0;Bergeracois;SARLADAIS-SUD-DORDOGNE;BOISSE;2026-04-19;16.0;109.0;0.0;0.0;0.0;1.0;1.0;1.0;;2.0;;1.0;2.0;1.0;1.0;1.0;1.0;2026-04-18 22:00:00+00:00
44.716;0.665;00.665_44.716;33.0;33.0;Bergeracois;SARLADAIS-SUD-DORDOGNE;BOISSE;2026-04-20;17.0;110.0;0.0;0.0;0.0;1.0;1.0;1.0;;2.0;;1.0;2.0;3.0;1.0;1.0;1.0;2026-04-19 22:00:00+00:00
44.716;0.665;00.665_44.716;33.0;33.0;Bergeracois;SARLADAIS-SUD-DORDOGNE;BOISSE;2026-04-21;17.0;111.0;0.1;0.1;0.1;1.0;1.0;1.0;;2.0;;1.0;2.0;1.0;3.0;1.0;1.0;2026-04-20 22:00:00+00:00
44.716;0.665;00.665_44.716;33.0;33.0;Bergeracois;SARLADAIS-SUD-DORDOGNE;BOISSE;2026-04-22;17.0;112.0;0.0;0.0;0.0;1.0;1.0;1.0;;2.0;;1.0;2.0;1.0;1.0;2.0;1.0;2026-04-21 22:00:00+00:00
44.716;0.665;00.665_44.716;33.0;33.0;Bergeracois;SARLADAIS-SUD-DORDOGNE;BOISSE;2026-04-23;17.0;113.0;0.0;0.0;0.0;1.0;1.0;1.0;;2.0;;1.0;1.0;2.0;1.0;3.0;2.0;2026-04-22 22:00:00+00:00
44.716;0.665;00.665_44.716;33.0;33.0;Bergeracois;SARLADAIS-SUD-DORDOGNE;BOISSE;2026-04-24;17.0;114.0;0.0;0.0;0.0;1.0;1.0;1.0;;2.0;;1.0;2.0;1.0;1.0;2.0;4.0;2026-04-23 22:00:00+00:00
44.716;0.665;00.665_44.716;33.0;33.0;Bergeracois;SARLADAIS-SUD-DORDOGNE;BOISSE;2026-04-25;17.0;115.0;0.0;0.0;0.0;1.0;1.0;1.0;;2.0;;2.0;3.0;1.0;3.0;2.0;1.0;2026-04-24 22:00:00+00:00
44.716;0.665;00.665_44.716;33.0;33.0;Bergeracois;SARLADAIS-SUD-DORDOGNE;BOISSE;2026-04-26;17.0;116.0;0.0;0.0;0.0;1.0;1.0;1.0;;2.0;;1.0;1.0;1.0;1.0;4.0;1.0;2026-04-25 22:00:00+00:00
44.716;0.665;00.665_44.716;33.0;33.0;Bergeracois;SARLADAIS-SUD-DORDOGNE;BOISSE;2026-04-27;18.0;117.0;0.0;0.0;0.0;1.0;1.0;1.0;;2.0;;3.0;3.0;1.0;2.0;2.0;3.0;2026-04-26 22:00:00+00:00
44.716;0.665;00.665_44.716;33.0;33.0;Bergeracois;SARLADAIS-SUD-DORDOGNE;BOISSE;2026-04-28;18.0;118.0;2.1;2.1;2.1;1.0;1.0;1.0;;2.0;;2.0;1.0;4.0;1.0;1.0;1.0;2026-04-27 22:00:00+00:00
44.716;0.665;00.665_44.716;33.0;33.0;Bergeracois;SARLADAIS-SUD-DORDOGNE;BOISSE;2026-04-29;18.0;119.0;0.9;0.9;0.9;1.0;1.0;1.0;;2.0;;1.0;3.0;2.0;2.0;2.0;2.0;2026-04-28 22:00:00+00:00
44.716;0.665;00.665_44.716;33.0;33.0;Bergeracois;SARLADAIS-SUD-DORDOGNE;BOISSE;2026-04-30;18.0;120.0;7.2;7.2;7.2;1.0;1.0;1.0;;2.0;;1.0;2.0;1.0;2.0;3.0;1.0;2026-04-29 22:00:00+00:00
44.716;0.665;00.665_44.716;33.0;33.0;Bergeracois;SARLADAIS-SUD-DORDOGNE;BOISSE;2026-05-01;18.0;121.0;0.2;0.2;0.2;1.0;1.0;1.0;;2.0;;1.0;1.0;3.0;2.0;1.0;3.0;2026-04-30 22:00:00+00:00
44.716;0.665;00.665_44.716;33.0;33.0;Bergeracois;SARLADAIS-SUD-DORDOGNE;BOISSE;2026-05-02;18.0;122.0;3.7;3.7;3.7;1.0;1.0;1.0;;2.0;;4.0;3.0;1.0;1.0;1.0;2.0;2026-05-01 22:00:00+00:00
44.716;0.665;00.665_44.716;33.0;33.0;Bergeracois;SARLADAIS-SUD-DORDOGNE;BOISSE;2026-05-03;18.0;123.0;13.5;13.5;13.5;1.0;1.0;1.0;;2.0;;2.0;2.0;2.0;1.0;1.0;2.0;2026-05-02 22:00:00+00:00
44.716;0.665;00.665_44.716;33.0;33.0;Bergeracois;SARLADAIS-SUD-DORDOGNE;BOISSE;2026-05-04;19.0;124.0;12.7;12.7;12.7;1.0;1.0;1.0;;2.0;;3.0;1.0;1.0;3.0;2.0;1.0;2026-05-03 22:00:00+00:00
44.716;0.665;00.665_44.716;33.0;33.0;Bergeracois;SARLADAIS-SUD-DORDOGNE;BOISSE;2026-05-05;19.0;125.0;7.6;7.6;7.6;1.0;1.0;1.0;;2.0;;2.0;1.0;2.0;1.0;1.0;1.0;2026-05-04 22:00:00+00:00
44.716;0.665;00.665_44.716;33.0;33.0;Bergeracois;SARLADAIS-SUD-DORDOGNE;BOISSE;2026-05-06;19.0;126.0;3.1;3.1;3.1;1.0;1.0;1.0;;2.0;;2.0;1.0;2.0;1.0;1.0;1.0;2026-05-05 22:00:00+00:00
44.716;0.665;00.665_44.716;33.0;33.0;Bergeracois;SARLADAIS-SUD-DORDOGNE;BOISSE;2026-05-07;19.0;127.0;0.0;0.0;0.0;1.0;1.0;1.0;;2.0;;1.0;1.0;1.0;2.0;1.0;4.0;2026-05-06 22:00:00+00:00
44.716;0.665;00.665_44.716;33.0;33.0;Bergeracois;SARLADAIS-SUD-DORDOGNE;BOISSE;2026-05-08;19.0;128.0;0.0;0.0;0.0;1.0;1.0;1.0;;2.0;;1.0;1.0;1.0;3.0;1.0;3.0;2026-05-07 22:00:00+00:00
44.716;0.665;00.665_44.716;33.0;33.0;Bergeracois;SARLADAIS-SUD-DORDOGNE;BOISSE;2026-05-09;19.0;129.0;0.0;0.0;0.0;1.0;1.0;1.0;;2.0;;1.0;1.0;2.0;1.0;3.0;1.0;2026-05-08 22:00:00+00:00
44.716;0.665;00.665_44.716;33.0;33.0;Bergeracois;SARLADAIS-SUD-DORDOGNE;BOISSE;2026-05-10;19.0;130.0;9.0;9.0;9.0;1.0;1.0;1.0;;2.0;;1.0;1.0;2.0;2.0;1.0;1.0;2026-05-09 22:00:00+00:00
44.716;0.665;00.665_44.716;33.0;33.0;Bergeracois;SARLADAIS-SUD-DORDOGNE;BOISSE;2026-05-11;20.0;131.0;0.0;0.0;0.0;1.0;1.0;1.0;;2.0;;3.0;1.0;1.0;1.0;1.0;2.0;2026-05-10 22:00:00+00:00
44.716;0.665;00.665_44.716;33.0;33.0;Bergeracois;SARLADAIS-SUD-DORDOGNE;BOISSE;2026-05-12;20.0;132.0;0.0;0.0;0.0;1.0;1.0;1.0;;2.0;;1.0;1.0;1.0;1.0;1.0;3.0;2026-05-11 22:00:00+00:00
44.716;0.665;00.665_44.716;33.0;33.0;Bergeracois;SARLADAIS-SUD-DORDOGNE;BOISSE;2026-05-13;20.0;133.0;0.0;0.0;0.0;1.0;1.0;1.0;;2.0;;1.0;4.0;1.0;2.0;4.0;1.0;2026-05-12 22:00:00+00:00
44.716;0.665;00.665_44.716;33.0;33.0;Bergeracois;SARLADAIS-SUD-DORDOGNE;BOISSE;2026-05-14;20.0;134.0;8.1;8.1;8.1;1.0;1.0;1.0;;2.0;;2.0;1.0;2.0;1.0;1.0;2.0;2026-05-13 22:00:00+00:00
44.716;0.665;00.665_44.716;33.0;33.0;Bergeracois;SARLADAIS-SUD-DORDOGNE;BOISSE;2026-05-15;20.0;135.0;0.6;0.6;0.6;1.0;1.0;1.0;;2.0;;3.0;1.0;1.0;1.0;1.0;1.0;2026-05-14 22:00:00+00:00
44.716;0.665;00.665_44.716;33.0;33.0;Bergeracois;SARLADAIS-SUD-DORDOGNE;BOISSE;2026-05-16;20.0;136.0;0.5;0.5;0.5;1.0;1.0;1.0;;2.0;;1.0;1.0;2.0;1.0;2.0;1.0;2026-05-15 22:00:00+00:00
44.716;0.665;00.665_44.716;33.0;33.0;Bergeracois;SARLADAIS-SUD-DORDOGNE;BOISSE;2026-05-17;20.0;137.0;3.2;3.2;3.2;1.0;1.0;1.0;;2.0;;1.0;1.0;1.0;3.0;1.0;1.0;2026-05-16 22:00:00+00:00
44.716;0.665;00.665_44.716;33.0;33.0;Bergeracois;SARLADAIS-SUD-DORDOGNE;BOISSE;2026-05-18;21.0;138.0;0.0;0.0;0.0;1.0;1.0;1.0;;2.0;;2.0;2.0;1.0;1.0;1.0;2.0;2026-05-17 22:00:00+00:00
44.716;0.665;00.665_44.716;33.0;33.0;Bergeracois;SARLADAIS-SUD-DORDOGNE;BOISSE;2026-05-19;21.0;139.0;0.3;0.3;0.3;1.0;1.0;1.0;;3.0;;2.0;1.0;1.0;2.0;2.0;1.0;2026-05-18 22:00:00+00:00
44.716;0.665;00.665_44.716;33.0;33.0;Bergeracois;SARLADAIS-SUD-DORDOGNE;BOISSE;2026-05-20;21.0;140.0;0.1;0.1;0.1;1.0;1.0;1.0;;3.0;;1.0;2.0;3.0;1.0;1.0;2.0;2026-05-19 22:00:00+00:00
44.716;0.665;00.665_44.716;33.0;33.0;Bergeracois;SARLADAIS-SUD-DORDOGNE;BOISSE;2026-05-21;21.0;141.0;0.0;0.0;0.0;1.0;1.0;1.0;;3.0;;2.0;1.0;1.0;1.0;4.0;2.0;2026-05-20 22:00:00+00:00
44.716;0.665;00.665_44.716;33.0;33.0;Bergeracois;SARLADAIS-SUD-DORDOGNE;BOISSE;2026-05-22;21.0;142.0;0.0;0.0;0.0;1.0;1.0;1.0;;3.0;;3.0;2.0;2.0;1.0;1.0;3.0;2026-05-21 22:00:00+00:00
44.716;0.665;00.665_44.716;33.0;33.0;Bergeracois;SARLADAIS-SUD-DORDOGNE;BOISSE;2026-05-23;21.0;143.0;0.0;0.0;0.0;1.0;1.0;1.0;;3.0;;1.0;2.0;3.0;1.0;1.0;3.0;2026-05-22 22:00:00+00:00
44.716;0.665;00.665_44.716;33.0;33.0;Bergeracois;SARLADAIS-SUD-DORDOGNE;BOISSE;2026-05-24;21.0;144.0;0.0;0.0;0.0;1.0;1.0;1.0;;3.0;;3.0;1.0;1.0;1.0;2.0;2.0;2026-05-23 22:00:00+00:00
44.716;0.665;00.665_44.716;33.0;33.0;Bergeracois;SARLADAIS-SUD-DORDOGNE;BOISSE;2026-05-25;22.0;145.0;0.0;0.0;0.0;1.0;1.0;1.0;;3.0;;4.0;1.0;1.0;1.0;2.0;1.0;2026-05-24 22:00:00+00:00
44.716;0.665;00.665_44.716;33.0;33.0;Bergeracois;SARLADAIS-SUD-DORDOGNE;BOISSE;2026-05-26;22.0;146.0;0.0;0.0;0.0;1.0;1.0;1.0;;3.0;;1.0;2.0;2.0;2.0;2.0;3.0;2026-05-25 22:00:00+00:00
44.716;0.665;00.665_44.716;33.0;33.0;Bergeracois;SARLADAIS-SUD-DORDOGNE;BOISSE;2026-05-27;22.0;147.0;0.0;0.0;0.0;1.0;1.0;1.0;;3.0;;2.0;2.0;2.0;1.0;1.0;1.0;2026-05-26 22:00:00+00:00
44.716;0.665;00.665_44.716;33.0;33.0;Bergeracois;SARLADAIS-SUD-DORDOGNE;BOISSE;2026-05-28;22.0;148.0;0.0;0.0;0.0;1.0;1.0;1.0;;2.0;;3.0;3.0;2.0;1.0;2.0;1.0;2026-05-27 22:00:00+00:00
44.716;0.665;00.665_44.716;33.0;33.0;Bergeracois;SARLADAIS-SUD-DORDOGNE;BOISSE;2026-05-29;22.0;149.0;0.0;0.0;0.0;1.0;1.0;1.0;;2.0;;1.0;4.0;3.0;3.0;1.0;1.0;2026-05-28 22:00:00+00:00
44.716;0.665;00.665_44.716;33.0;33.0;Bergeracois;SARLADAIS-SUD-DORDOGNE;BOISSE;2026-05-30;22.0;150.0;0.0;0.0;0.0;1.0;1.0;1.0;;2.0;;2.0;2.0;2.0;1.0;1.0;3.0;2026-05-29 22:00:00+00:00
44.716;0.665;00.665_44.716;33.0;33.0;Bergeracois;SARLADAIS-SUD-DORDOGNE;BOISSE;2026-05-31;22.0;151.0;0.0;0.0;0.0;1.0;1.0;1.0;2.0;2.0;2.0;1.0;2.0;1.0;1.0;2.0;2.0;2026-05-30 22:00:00+00:00
44.716;0.665;00.665_44.716;33.0;33.0;Bergeracois;SARLADAIS-SUD-DORDOGNE;BOISSE;2026-06-01;23.0;152.0;0.0;0.0;0.0;1.0;1.0;1.0;2.0;2.0;2.0;4.0;1.0;2.0;1.0;1.0;2.0;2026-05-31 22:00:00+00:00
44.716;0.665;00.665_44.716;33.0;33.0;Bergeracois;SARLADAIS-SUD-DORDOGNE;BOISSE;2026-06-02;23.0;153.0;3.9;3.9;3.9;1.0;1.0;1.0;2.0;2.0;2.0;1.0;1.0;2.0;1.0;1.0;1.0;2026-06-01 22:00:00+00:00
44.716;0.665;00.665_44.716;33.0;33.0;Bergeracois;SARLADAIS-SUD-DORDOGNE;BOISSE;2026-06-03;23.0;154.0;0.3;0.3;0.3;1.0;1.0;1.0;2.0;2.0;2.0;1.0;1.0;1.0;1.0;1.0;1.0;2026-06-02 22:00:00+00:00
44.716;0.665;00.665_44.716;33.0;33.0;Bergeracois;SARLADAIS-SUD-DORDOGNE;BOISSE;2026-06-04;23.0;155.0;16.1;16.1;16.1;2.0;2.0;2.0;2.0;2.0;2.0;2.0;1.0;1.0;1.0;1.0;2.0;2026-06-03 22:00:00+00:00
44.716;0.665;00.665_44.716;33.0;33.0;Bergeracois;SARLADAIS-SUD-DORDOGNE;BOISSE;2026-06-05;23.0;156.0;0.0;0.0;0.0;1.0;1.0;1.0;2.0;2.0;2.0;2.0;4.0;2.0;2.0;1.0;1.0;2026-06-04 22:00:00+00:00
44.716;0.665;00.665_44.716;33.0;33.0;Bergeracois;SARLADAIS-SUD-DORDOGNE;BOISSE;2026-06-06;23.0;157.0;0.0;0.0;0.0;1.0;1.0;1.0;2.0;2.0;2.0;1.0;1.0;1.0;1.0;1.0;1.0;2026-06-05 22:00:00+00:00
44.716;0.665;00.665_44.716;33.0;33.0;Bergeracois;SARLADAIS-SUD-DORDOGNE;BOISSE;2026-06-07;23.0;158.0;0.0;0.0;0.0;1.0;1.0;1.0;2.0;2.0;2.0;1.0;1.0;1.0;2.0;1.0;1.0;2026-06-06 22:00:00+00:00
44.716;0.665;00.665_44.716;33.0;33.0;Bergeracois;SARLADAIS-SUD-DORDOGNE;BOISSE;2026-06-08;24.0;159.0;0.0;0.0;0.0;1.0;1.0;1.0;2.0;2.0;2.0;1.0;3.0;4.0;2.0;1.0;2.0;2026-06-07 22:00:00+00:00
44.716;0.665;00.665_44.716;33.0;33.0;Bergeracois;SARLADAIS-SUD-DORDOGNE;BOISSE;2026-06-09;24.0;160.0;0.3;0.3;0.3;1.0;1.0;1.0;2.0;2.0;2.0;1.0;1.0;1.0;1.0;1.0;2.0;2026-06-08 22:00:00+00:00
44.716;0.665;00.665_44.716;33.0;33.0;Bergeracois;SARLADAIS-SUD-DORDOGNE;BOISSE;2026-06-10;24.0;161.0;0.4;0.4;0.4;1.0;1.0;1.0;2.0;2.0;2.0;1.0;4.0;1.0;3.0;1.0;3.0;2026-06-09 22:00:00+00:00
44.716;0.665;00.665_44.716;33.0;33.0;Bergeracois;SARLADAIS-SUD-DORDOGNE;BOISSE;2026-06-11;24.0;162.0;0.0;0.0;0.0;1.0;1.0;1.0;2.0;2.0;2.0;4.0;2.0;1.0;1.0;1.0;1.0;2026-06-10 22:00:00+00:00
44.716;0.665;00.665_44.716;33.0;33.0;Bergeracois;SARLADAIS-SUD-DORDOGNE;BOISSE;2026-06-12;24.0;163.0;0.0;0.0;0.0;1.0;1.0;1.0;2.0;2.0;2.0;1.0;3.0;1.0;1.0;1.0;2.0;2026-06-11 22:00:00+00:00
44.716;0.665;00.665_44.716;33.0;33.0;Bergeracois;SARLADAIS-SUD-DORDOGNE;BOISSE;2026-06-13;24.0;164.0;0.0;0.0;0.0;1.0;1.0;1.0;2.0;2.0;2.0;1.0;1.0;1.0;1.0;2.0;1.0;2026-06-12 22:00:00+00:00
44.716;0.665;00.665_44.716;33.0;33.0;Bergeracois;SARLADAIS-SUD-DORDOGNE;BOISSE;2026-06-14;24.0;165.0;0.0;0.0;0.0;1.0;1.0;1.0;2.0;2.0;2.0;1.0;1.0;1.0;1.0;1.0;1.0;2026-06-13 22:00:00+00:00
44.716;0.665;00.665_44.716;33.0;33.0;Bergeracois;SARLADAIS-SUD-DORDOGNE;BOISSE;2026-06-15;25.0;166.0;0.0;0.0;0.0;1.0;1.0;1.0;2.0;2.0;2.0;1.0;2.0;3.0;3.0;3.0;1.0;2026-06-14 22:00:00+00:00
44.716;0.665;00.665_44.716;33.0;33.0;Bergeracois;SARLADAIS-SUD-DORDOGNE;BOISSE;2026-06-16;25.0;167.0;0.0;0.0;0.0;1.0;1.0;1.0;2.0;2.0;2.0;1.0;1.0;1.0;4.0;1.0;1.0;2026-06-15 22:00:00+00:00
44.716;0.665;00.665_44.716;33.0;33.0;Bergeracois;SARLADAIS-SUD-DORDOGNE;BOISSE;2026-06-17;25.0;168.0;0.0;0.0;0.0;1.0;1.0;1.0;2.0;2.0;2.0;2.0;1.0;1.0;2.0;1.0;1.0;2026-06-16 22:00:00+00:00
44.716;0.665;00.665_44.716;33.0;33.0;Bergeracois;SARLADAIS-SUD-DORDOGNE;BOISSE;2026-06-18;25.0;169.0;0.0;0.0;0.0;1.0;1.0;1.0;2.0;2.0;2.0;1.0;1.0;2.0;3.0;4.0;1.0;2026-06-17 22:00:00+00:00
44.716;0.665;00.665_44.716;33.0;33.0;Bergeracois;SARLADAIS-SUD-DORDOGNE;BOISSE;2026-06-19;25.0;170.0;0.0;0.0;0.0;1.0;1.0;1.0;2.0;2.0;2.0;2.0;1.0;1.0;3.0;1.0;1.0;2026-06-18 22:00:00+00:00
44.716;0.665;00.665_44.716;33.0;33.0;Bergeracois;SARLADAIS-SUD-DORDOGNE;BOISSE;2026-06-20;25.0;171.0;4.1;4.1;4.1;1.0;1.0;1.0;2.0;2.0;2.0;1.0;3.0;1.0;1.0;2.0;1.0;2026-06-19 22:00:00+00:00
44.716;0.665;00.665_44.716;33.0;33.0;Bergeracois;SARLADAIS-SUD-DORDOGNE;BOISSE;2026-06-21;25.0;172.0;0.0;0.0;0.0;1.0;1.0;1.0;2.0;2.0;2.0;1.0;1.0;1.0;1.0;2.0;3.0;2026-06-20 22:00:00+00:00
44.716;0.665;00.665_44.716;33.0;33.0;Bergeracois;SARLADAIS-SUD-DORDOGNE;BOISSE;2026-06-22;26.0;173.0;0.0;0.0;0.0;1.0;1.0;1.0;2.0;2.0;2.0;1.0;1.0;1.0;1.0;2.0;1.0;2026-06-21 22:00:00+00:00
44.716;0.665;00.665_44.716;33.0;33.0;Bergeracois;SARLADAIS-SUD-DORDOGNE;BOISSE;2026-06-23;26.0;174.0;0.0;0.0;0.0;1.0;1.0;1.0;2.0;2.0;2.0;1.0;2.0;3.0;2.0;2.0;1.0;2026-06-22 22:00:00+00:00
44.716;0.665;00.665_44.716;33.0;33.0;Bergeracois;SARLADAIS-SUD-DORDOGNE;BOISSE;2026-06-24;26.0;175.0;0.0;0.0;0.0;1.0;1.0;1.0;2.0;2.0;2.0;3.0;2.0;2.0;3.0;1.0;3.0;2026-06-23 22:00:00+00:00
44.716;0.665;00.665_44.716;33.0;33.0;Bergeracois;SARLADAIS-SUD-DORDOGNE;BOISSE;2026-06-25;26.0;176.0;0.0;0.0;0.0;1.0;1.0;1.0;2.0;2.0;2.0;2.0;1.0;2.0;2.0;1.0;1.0;2026-06-24 22:00:00+00:00
44.716;0.665;00.665_44.716;33.0;33.0;Bergeracois;SARLADAIS-SUD-DORDOGNE;BOISSE;2026-06-26;26.0;177.0;0.1;0.1;0.1;1.0;1.0;1.0;2.0;2.0;2.0;1.0;2.0;4.0;1.0;1.0;2.0;2026-06-25 22:00:00+00:00
44.716;0.665;00.665_44.716;33.0;33.0;Bergeracois;SARLADAIS-SUD-DORDOGNE;BOISSE;2026-06-27;26.0;178.0;0.0;0.0;0.0;1.0;1.0;1.0;2.0;2.0;2.0;1.0;2.0;4.0;3.0;2.0;1.0;2026-06-26 22:00:00+00:00
44.716;0.665;00.665_44.716;33.0;33.0;Bergeracois;SARLADAIS-SUD-DORDOGNE;BOISSE;2026-06-28;26.0;179.0;11.3;11.3;11.3;1.0;1.0;1.0;2.0;2.0;2.0;2.0;3.0;1.0;1.0;3.0;3.0;2026-06-27 22:00:00+00:00
44.716;0.665;00.665_44.716;33.0;33.0;Bergeracois;SARLADAIS-SUD-DORDOGNE;BOISSE;2026-06-29;27.0;180.0;0.3;0.3;0.3;1.0;1.0;1.0;2.0;2.0;2.0;3.0;1.0;2.0;4.0;2.0;1.0;2026-06-28 22:00:00+00:00
44.716;0.665;00.665_44.716;33.0;33.0;Bergeracois;SARLADAIS-SUD-DORDOGNE;BOISSE;2026-06-30;27.0;181.0;0.0;0.0;0.0;1.0;1.0;1.0;2.0;2.0;2.0;2.0;1.0;2.0;1.0;3.0;3.0;2026-06-29 22:00:00+00:00
44.716;0.665;00.665_44.716;33.0;33.0;Bergeracois;SARLADAIS-SUD-DORDOGNE;BOISSE;2026-07-01;27.0;182.0;0.0;0.0;0.0;1.0;1.0;1.0;2.0;2.0;2.0;3.0;2.0;1.0;1.0;4.0;1.0;2026-06-30 22:00:00+00:00
44.716;0.665;00.665_44.716;33.0;33.0;Bergeracois;SARLADAIS-SUD-DORDOGNE;BOISSE;2026-07-02;27.0;183.0;0.0;0.0;0.0;1.0;1.0;1.0;2.0;2.0;2.0;2.0;1.0;3.0;2.0;2.0;3.0;2026-07-01 22:00:00+00:00
44.716;0.665;00.665_44.716;33.0;33.0;Bergeracois;SARLADAIS-SUD-DORDOGNE;BOISSE;2026-07-03;27.0;184.0;0.0;0.0;0.0;1.0;1.0;1.0;2.0;2.0;2.0;3.0;1.0;2.0;2.0;2.0;1.0;2026-07-02 22:00:00+00:00
44.716;0.665;00.665_44.716;33.0;33.0;Bergeracois;SARLADAIS-SUD-DORDOGNE;BOISSE;2026-07-04;27.0;185.0;0.0;0.0;0.0;1.0;1.0;1.0;2.0;2.0;2.0;3.0;3.0;1.0;2.0;3.0;1.0;2026-07-03 22:00:00+00:00
44.716;0.665;00.665_44.716;33.0;33.0;Bergeracois;SARLADAIS-SUD-DORDOGNE;BOISSE;2026-07-05;27.0;186.0;0.0;0.0;0.0;1.0;1.0;1.0;2.0;2.0;2.0;1.0;2.0;1.0;3.0;2.0;1.0;2026-07-04 22:00:00+00:00
44.716;0.665;00.665_44.716;33.0;33.0;Bergeracois;SARLADAIS-SUD-DORDOGNE;BOISSE;2026-07-06;28.0;187.0;0.0;0.0;0.0;1.0;1.0;1.0;2.0;2.0;2.0;1.0;1.0;1.0;2.0;1.0;2.0;2026-07-05 22:00:00+00:00
44.716;0.665;00.665_44.716;33.0;33.0;Bergeracois;SARLADAIS-SUD-DORDOGNE;BOISSE;2026-07-07;28.0;188.0;0.0;0.0;0.0;1.0;1.0;1.0;2.0;2.0;2.0;3.0;2.0;1.0;1.0;3.0;2.0;2026-07-06 22:00:00+00:00
44.716;0.665;00.665_44.716;33.0;33.0;Bergeracois;SARLADAIS-SUD-DORDOGNE;BOISSE;2026-07-08;28.0;189.0;0.0;0.0;0.0;1.0;1.0;1.0;2.0;2.0;2.0;1.0;1.0;1.0;1.0;1.0;2.0;2026-07-07 22:00:00+00:00
44.716;0.665;00.665_44.716;33.0;33.0;Bergeracois;SARLADAIS-SUD-DORDOGNE;BOISSE;2026-07-09;28.0;190.0;0.0;0.0;0.0;1.0;1.0;1.0;2.0;2.0;2.0;1.0;1.0;2.0;1.0;4.0;3.0;2026-07-08 22:00:00+00:00
44.716;0.665;00.665_44.716;33.0;33.0;Bergeracois;SARLADAIS-SUD-DORDOGNE;BOISSE;2026-07-10;28.0;191.0;7.6;7.6;7.6;1.0;1.0;1.0;2.0;2.0;2.0;1.0;1.0;4.0;1.0;1.0;2.0;2026-07-09 22:00:00+00:00
44.716;0.665;00.665_44.716;33.0;33.0;Bergeracois;SARLADAIS-SUD-DORDOGNE;BOISSE;2026-07-11;28.0;192.0;0.0;0.0;0.0;1.0;1.0;1.0;2.0;2.0;2.0;1.0;2.0;2.0;1.0;1.0;1.0;2026-07-10 22:00:00+00:00
44.716;0.665;00.665_44.716;33.0;33.0;Bergeracois;SARLADAIS-SUD-DORDOGNE;BOISSE;2026-07-12;28.0;193.0;0.0;0.0;0.0;1.0;1.0;1.0;2.0;2.0;2.0;3.0;4.0;2.0;1.0;1.0;1.0;2026-07-11 22:00:00+00:00
44.716;0.665;00.665_44.716;33.0;33.0;Bergeracois;SARLADAIS-SUD-DORDOGNE;BOISSE;2026-07-13;29.0;194.0;0.0;0.0;0.0;1.0;1.0;1.0;2.0;2.0;2.0;2.0;1.0;1.0;2.0;1.0;1.0;2026-07-12 22:00:00+00:00
44.716;0.665;00.665_44.716;33.0;33.0;Bergeracois;SARLADAIS-SUD-DORDOGNE;BOISSE;2026-07-14;29.0;195.0;0.0;0.0;0.0;1.0;1.0;1.0;2.0;2.0;2.0;1.0;2.0;3.0;1.0;1.0;4.0;2026-07-13 22:00:00+00:00
44.716;0.665;00.665_44.716;33.0;33.0;Bergeracois;SARLADAIS-SUD-DORDOGNE;BOISSE;2026-07-15;29.0;196.0;0.0;0.0;0.0;1.0;1.0;1.0;2.0;2.0;2.0;1.0;3.0;3.0;2.0;2.0;2.0;2026-07-14 22:00:00+00:00
44.716;0.665;00.665_44.716;33.0;33.0;Bergeracois;SARLADAIS-SUD-DORDOGNE;BOISSE;2026-07-16;29.0;197.0;0.7;0.7;0.7;1.0;1.0;1.0;2.0;2.0;2.0;2.0;2.0;1.0;3.0;2.0;1.0;2026-07-15 22:00:00+00:00
44.716;0.665;00.665_44.716;33.0;33.0;Bergeracois;SARLADAIS-SUD-DORDOGNE;BOISSE;2026-07-17;29.0;198.0;0.4;0.4;0.4;1.0;1.0;1.0;1.0;1.0;1.0;1.0;1.0;2.0;1.0;3.0;1.0;2026-07-16 22:00:00+00:00
44.716;0.665;00.665_44.716;33.0;33.0;Bergeracois;SARLADAIS-SUD-DORDOGNE;BOISSE;2026-07-18;29.0;199.0;0.0;0.0;0.0;1.0;1.0;1.0;1.0;1.0;1.0;1.0;1.0;1.0;1.0;1.0;1.0;2026-07-17 22:00:00+00:00
44.716;0.665;00.665_44.716;33.0;33.0;Bergeracois;SARLADAIS-SUD-DORDOGNE;BOISSE;2026-07-19;29.0;200.0;0.0;0.0;0.0;1.0;1.0;1.0;1.0;1.0;1.0;2.0;1.0;1.0;3.0;3.0;1.0;2026-07-18 22:00:00+00:00
44.716;0.665;00.665_44.716;33.0;33.0;Bergeracois;SARLADAIS-SUD-DORDOGNE;BOISSE;2026-07-20;30.0;201.0;0.0;0.0;0.0;1.0;1.0;1.0;1.0;1.0;1.0;1.0;1.0;2.0;2.0;1.0;2.0;2026-07-19 22:00:00+00:00
44.716;0.665;00.665_44.716;33.0;33.0;Bergeracois;SARLADAIS-SUD-DORDOGNE;BOISSE;2026-07-21;30.0;202.0;0.0;0.0;0.0;1.0;1.0;1.0;1.0;1.0;1.0;2.0;1.0;2.0;1.0;2.0;3.0;2026-07-20 22:00:00+00:00
44.716;0.665;00.665_44.716;33.0;33.0;Bergeracois;SARLADAIS-SUD-DORDOGNE;BOISSE;2026-07-22;30.0;203.0;0.0;0.0;0.0;1.0;1.0;1.0;1.0;1.0;1.0;4.0;2.0;3.0;3.0;2.0;1.0;2026-07-21 22:00:00+00:00
44.716;0.665;00.665_44.716;33.0;33.0;Bergeracois;SARLADAIS-SUD-DORDOGNE;BOISSE;2026-07-23;30.0;204.0;0.0;0.0;0.0;1.0;1.0;1.0;1.0;1.0;1.0;1.0;1.0;2.0;1.0;3.0;2.0;2026-07-22 22:00:00+00:00
44.716;0.665;00.665_44.716;33.0;33.0;Bergeracois;SARLADAIS-SUD-DORDOGNE;BOISSE;2026-07-24;30.0;205.0;2.3;2.3;2.3;1.0;1.0;1.0;1.0;1.0;1.0;1.0;2.0;1.0;1.0;4.0;1.0;2026-07-23 22:00:00+00:00
44.716;0.665;00.665_44.716;33.0;33.0;Bergeracois;SARLADAIS-SUD-DORDOGNE;BOISSE;2026-07-25;30.0;206.0;0.0;0.0;0.0;1.0;1.0;1.0;1.0;1.0;1.0;1.0;2.0;1.0;1.0;1.0;1.0;2026-07-24 22:00:00+00:00
44.716;0.665;00.665_44.716;33.0;33.0;Bergeracois;SARLADAIS-SUD-DORDOGNE;BOISSE;2026-07-26;30.0;207.0;0.0;0.0;0.0;1.0;1.0;1.0;1.0;1.0;1.0;3.0;4.0;2.0;1.0;1.0;2.0;2026-07-25 22:00:00+00:00
44.716;0.665;00.665_44.716;33.0;33.0;Bergeracois;SARLADAIS-SUD-DORDOGNE;BOISSE;2026-07-27;31.0;208.0;0.8;0.8;0.8;1.0;1.0;1.0;1.0;1.0;1.0;1.0;1.0;3.0;1.0;3.0;3.0;2026-07-26 22:00:00+00:00
44.716;0.665;00.665_44.716;33.0;33.0;Bergeracois;SARLADAIS-SUD-DORDOGNE;BOISSE;2026-07-28;31.0;209.0;0.0;0.0;0.0;1.0;1.0;1.0;1.0;1.0;1.0;2.0;1.0;1.0;2.0;4.0;2.0;2026-07-27 22:00:00+00:00
44.716;0.665;00.665_44.716;33.0;33.0;Bergeracois;SARLADAIS-SUD-DORDOGNE;BOISSE;2026-07-29;31.0;210.0;0.0;0.0;0.0;1.0;1.0;1.0;1.0;1.0;1.0;2.0;2.0;2.0;2.0;3.0;4.0;2026-07-28 22:00:00+00:00
44.716;0.665;00.665_44.716;33.0;33.0;Bergeracois;SARLADAIS-SUD-DORDOGNE;BOISSE;2026-07-30;31.0;211.0;0.0;0.0;0.0;1.0;1.0;1.0;1.0;1.0;1.0;1.0;2.0;1.0;1.0;1.0;2.0;2026-07-29 22:00:00+00:00
44.716;0.665;00.665_44.716;33.0;33.0;Bergeracois;SARLADAIS-SUD-DORDOGNE;BOISSE;2026-07-31;31.0;212.0;4.2;4.2;4.2;1.0;1.0;1.0;1.0;1.0;1.0;1.0;3.0;2.0;1.0;2.0;1.0;2026-07-30 22:00:00+00:00
44.716;0.665;00.665_44.716;33.0;33.0;Bergeracois;SARLADAIS-SUD-DORDOGNE;BOISSE;2026-08-01;31.0;213.0;0.0;0.0;0.0;1.0;1.0;1.0;1.0;1.0;1.0;2.0;1.0;1.0;1.0;1.0;4.0;2026-07-31 22:00:00+00:00
44.716;0.665;00.665_44.716;33.0;33.0;Bergeracois;SARLADAIS-SUD-DORDOGNE;BOISSE;2026-08-02;31.0;214.0;0.0;0.0;0.0;1.0;1.0;1.0;1.0;1.0;1.0;2.0;1.0;1.0;1.0;2.0;2.0;2026-08-01 22:00:00+00:00
44.716;0.665;00.665_44.716;33.0;33.0;Bergeracois;SARLADAIS-SUD-DORDOGNE;BOISSE;2026-08-03;32.0;215.0;4.2;4.2;4.2;3.0;3.0;3.0;1.0;1.0;1.0;2.0;2.0;1.0;2.0;1.0;2.0;2026-08-02 22:00:00+00:00
44.716;0.665;00.665_44.716;33.0;33.0;Bergeracois;SARLADAIS-SUD-DORDOGNE;BOISSE;2026-08-04;32.0;216.0;0.0;0.0;0.0;1.0;1.0;1.0;1.0;1.0;1.0;1.0;2.0;3.0;1.0;4.0;1.0;2026-08-03 22:00:00+00:00
44.716;0.665;00.665_44.716;33.0;33.0;Bergeracois;SARLADAIS-SUD-DORDOGNE;BOISSE;2026-08-05;32.0;217.0;0.0;0.0;0.0;1.0;1.0;1.0;1.0;1.0;1.0;1.0;2.0;1.0;3.0;1.0;2.0;2026-08-04 22:00:00+00:00
44.716;0.665;00.665_44.716;33.0;33.0;Bergeracois;SARLADAIS-SUD-DORDOGNE;BOISSE;2026-08-06;32.0;218.0;0.0;0.0;0.0;1.0;1.0;1.0;1.0;1.0;1.0;4.0;1.0;3.0;1.0;2.0;3.0;2026-08-05 22:00:00+00:00
44.716;0.665;00.665_44.716;33.0;33.0;Bergeracois;SARLADAIS-SUD-DORDOGNE;BOISSE;2026-08-07;32.0;219.0;0.0;0.0;0.0;1.0;1.0;1.0;1.0;1.0;1.0;2.0;1.0;1.0;4.0;1.0;2.0;2026-08-06 22:00:00+00:00
44.716;0.665;00.665_44.716;33.0;33.0;Bergeracois;SARLADAIS-SUD-DORDOGNE;BOISSE;2026-08-08;32.0;220.0;0.1;0.1;0.1;1.0;1.0;1.0;1.0;1.0;1.0;1.0;1.0;3.0;2.0;1.0;1.0;2026-08-07 22:00:00+00:00
44.716;0.665;00.665_44.716;33.0;33.0;Bergeracois;SARLADAIS-SUD-DORDOGNE;BOISSE;2026-08-09;32.0;221.0;3.8;3.8;3.8;1.0;1.0;1.0;1.0;1.0;1.0;3.0;1.0;1.0;2.0;1.0;2.0;2026-08-08 22:00:00+00:00
44.716;0.665;00.665_44.716;33.0;33.0;Bergeracois;SARLADAIS-SUD-DORDOGNE;BOISSE;2026-08-10;33.0;222.0;0.9;0.9;0.9;1.0;1.0;1.0;1.0;1.0;1.0;1.0;2.0;3.0;1.0;3.0;1.0;2026-08-09 22:00:00+00:00
44.716;0.665;00.665_44.716;33.0;33.0;Bergeracois;SARLADAIS-SUD-DORDOGNE;BOISSE;2026-08-11;33.0;223.0;0.0;0.0;0.0;1.0;1.0;1.0;1.0;1.0;1.0;1.0;1.0;2.0;3.0;1.0;3.0;2026-08-10 22:00:00+00:00
44.716;0.665;00.665_44.716;33.0;33.0;Bergeracois;SARLADAIS-SUD-DORDOGNE;BOISSE;2026-08-12;33.0;224.0;0.0;0.0;0.0;1.0;1.0;1.0;1.0;1.0;1.0;1.0;2.0;1.0;2.0;2.0;1.0;2026-08-11 22:00:00+00:00
44.716;0.665;00.665_44.716;33.0;33.0;Bergeracois;SARLADAIS-SUD-DORDOGNE;BOISSE;2026-08-13;33.0;225.0;0.0;0.0;0.0;1.0;1.0;1.0;1.0;1.0;1.0;3.0;3.0;2.0;2.0;2.0;1.0;2026-08-12 22:00:00+00:00
44.716;0.665;00.665_44.716;33.0;33.0;Bergeracois;SARLADAIS-SUD-DORDOGNE;BOISSE;2026-08-14;33.0;226.0;0.0;0.0;0.0;1.0;1.0;1.0;1.0;1.0;1.0;2.0;2.0;1.0;1.0;3.0;2.0;2026-08-13 22:00:00+00:00
44.716;0.665;00.665_44.716;33.0;33.0;Bergeracois;SARLADAIS-SUD-DORDOGNE;BOISSE;2026-08-15;33.0;227.0;24.5;24.5;24.5;1.0;1.0;1.0;1.0;1.0;1.0;1.0;2.0;2.0;2.0;1.0;3.0;2026-08-14 22:00:00+00:00
44.716;0.665;00.665_44.716;33.0;33.0;Bergeracois;SARLADAIS-SUD-DORDOGNE;BOISSE;2026-08-16;33.0;228.0;0.6000000000000001;0.6000000000000001;0.6000000000000001;1.0;1.0;1.0;1.0;1.0;1.0;3.0;2.0;1.0;3.0;2.0;1.0;2026-08-15 22:00:00+00:00
44.716;0.665;00.665_44.716;33.0;33.0;Bergeracois;SARLADAIS-SUD-DORDOGNE;BOISSE;2026-08-17;34.0;229.0;0.0;0.0;0.0;1.0;1.0;1.0;1.0;1.0;1.0;3.0;2.0;1.0;2.0;1.0;1.0;2026-08-16 22:00:00+00:00
44.716;0.665;00.665_44.716;33.0;33.0;Bergeracois;SARLADAIS-SUD-DORDOGNE;BOISSE;2026-08-18;34.0;230.0;0.0;0.0;0.0;1.0;1.0;1.0;1.0;1.0;1.0;1.0;1.0;2.0;1.0;1.0;1.0;2026-08-17 22:00:00+00:00
44.716;0.665;00.665_44.716;33.0;33.0;Bergeracois;SARLADAIS-SUD-DORDOGNE;BOISSE;2026-08-19;34.0;231.0;0.1;0.1;0.1;1.0;1.0;1.0;1.0;1.0;1.0;3.0;1.0;1.0;1.0;2.0;1.0;2026-08-18 22:00:00+00:00
44.716;0.665;00.665_44.716;33.0;33.0;Bergeracois;SARLADAIS-SUD-DORDOGNE;BOISSE;2026-08-20;34.0;232.0;4.5;4.5;4.5;1.0;1.0;1.0;1.0;1.0;1.0;1.0;2.0;2.0;3.0;1.0;1.0;2026-08-19 22:00:00+00:00
44.716;0.665;00.665_44.716;33.0;33.0;Bergeracois;SARLADAIS-SUD-DORDOGNE;BOISSE;2026-08-21;34.0;233.0;11.8;11.8;11.8;1.0;1.0;1.0;1.0;1.0;1.0;1.0;1.0;1.0;3.0;3.0;1.0;2026-08-20 22:00:00+00:00
44.716;0.665;00.665_44.716;33.0;33.0;Bergeracois;SARLADAIS-SUD-DORDOGNE;BOISSE;2026-08-22;34.0;234.0;0.0;0.0;0.0;1.0;1.0;1.0;1.0;1.0;1.0;2.0;1.0;1.0;3.0;2.0;1.0;2026-08-21 22:00:00+00:00
44.716;0.665;00.665_44.716;33.0;33.0;Bergeracois;SARLADAIS-SUD-DORDOGNE;BOISSE;2026-08-23;34.0;235.0;8.4;8.4;8.4;1.0;1.0;1.0;1.0;1.0;1.0;2.0;1.0;1.0;2.0;2.0;2.0;2026-08-22 22:00:00+00:00
44.716;0.665;00.665_44.716;33.0;33.0;Bergeracois;SARLADAIS-SUD-DORDOGNE;BOISSE;2026-08-24;35.0;236.0;11.4;11.4;11.4;1.0;1.0;1.0;2.0;2.0;2.0;1.0;1.0;1.0;2.0;2.0;3.0;2026-08-23 22:00:00+00:00
44.716;0.665;00.665_44.716;33.0;33.0;Bergeracois;SARLADAIS-SUD-DORDOGNE;BOISSE;2026-08-25;;;;;;;;;2.0;2.0;2.0;;;;;;;2026-08-24 22:00:00+00:00
44.716;0.665;00.665_44.716;33.0;33.0;Bergeracois;SARLADAIS-SUD-DORDOGNE;BOISSE;2026-08-26;;;;;;;;;2.0;2.0;2.0;;;;;;;2026-08-25 22:00:00+00:00
44.716;0.665;00.665_44.716;33.0;33.0;Bergeracois;SARLADAIS-SUD-DORDOGNE;BOISSE;2026-08-27;;;;;;;;;2.0;2.0;2.0;;;;;;;2026-08-26 22:00:00+00:00
44.716;0.665;00.665_44.716;33.0;33.0;Bergeracois;SARLADAIS-SUD-DORDOGNE;BOISSE;2026-08-28;;;;;;;;;2.0;2.0;2.0;;;;;;;2026-08-27 22:00:00+00:00
44.716;0.665;00.665_44.716;33.0;33.0;Bergeracois;SARLADAIS-SUD-DORDOGNE;BOISSE;2026-08-29;;;;;;;;;2.0;2.0;2.0;;;;;;;2026-08-28 22:00:00+00:00
44.716;0.665;00.665_44.716;33.0;33.0;Bergeracois;SARLADAIS-SUD-DORDOGNE;BOISSE;2026-08-30;;;;;;;;;2.0;2.0;2.0;;;;;;;2026-08-29 22:00:00+00:00
44.716;0.665;00.665_44.716;33.0;33.0;Bergeracois;SARLADAIS-SUD-DORDOGNE;BOISSE;2026-08-31;;;;;;;;;2.0;3.0;3.0;;;;;;;2026-08-30 22:00:00+00:00
44.716;0.665;00.665_44.716;33.0;33.0;Bergeracois;SARLADAIS-SUD-DORDOGNE;BOISSE;2026-09-01;;;;;;;;;2.0;3.0;3.0;;;;;;;2026-08-31 22:00:00+00:00
44.716;0.665;00.665_44.716;33.0;33.0;Bergeracois;SARLADAIS-SUD-DORDOGNE;BOISSE;2026-09-02;;;;;;;;;3.0;3.0;3.0;;;;;;;2026-09-01 22:00:00+00:00
44.716;0.665;00.665_44.716;33.0;33.0;Bergeracois;SARLADAIS-SUD-DORDOGNE;BOISSE;2026-09-03;;;;;;;;;3.0;3.0;3.0;;;;;;;2026-09-02 22:00:00+00:00
44.716;0.665;00.665_44.716;33.0;33.0;Bergeracois;SARLADAIS-SUD-DORDOGNE;BOISSE;2026-09-04;;;;;;;;;3.0;3.0;3.0;;;;;;;2026-09-03 22:00:00+00:00
44.716;0.665;00.665_44.716;33.0;33.0;Bergeracois;SARLADAIS-SUD-DORDOGNE;BOISSE;2026-09-05;;;;;;;;;3.0;3.0;3.0;;;;;;;2026-09-04 22:00:00+00:00
44.716;0.665;00.665_44.716;33.0;33.0;Bergeracois;SARLADAIS-SUD-DORDOGNE;BOISSE;2026-09-06;;;;;;;;;3.0;3.0;3.0;;;;;;;2026-09-05 22:00:00+00:00
44.716;0.665;00.665_44.716;33.0;33.0;Bergeracois;SARLADAIS-SUD-DORDOGNE;BOISSE;2026-09-07;;;;;;;;;3.0;3.0;3.0;;;;;;;2026-09-06 22:00:00+00:00
